고유번호,호선,역사코드,역사명,주중주말,방향,급행여부,열차코드,열차도착시간,열차출발시간,출발역,도착역
22855,공항철도,,서울역,DAY,DOWN,0,A1001,,06:00:00,서울역,인천공항2터미널
22856,공항철도,,인천공항1터미널,DAY,DOWN,0,A1001,,06:45:00,서울역,인천공항2터미널
22857,공항철도,,서울역,SAT,DOWN,0,A1001,,06:00:00,서울역,인천공항2터미널
22858,공항철도,,서울역,END,DOWN,0,A1001,,06:00:00,서울역,인천공항2터미널
22859,공항철도,,인천공항1터미널,SAT,DOWN,0,A1001,,06:45:00,서울역,인천공항2터미널
22860,공항철도,,인천공항1터미널,END,DOWN,0,A1001,,06:45:00,서울역,인천공항2터미널
22861,공항철도,,인천공항2터미널,DAY,DOWN,0,A1002,,05:16:00,인천공항2터미널,서울역
22862,공항철도,,인천공항1터미널,DAY,DOWN,0,A1002,,05:24:00,인천공항2터미널,서울역
22863,공항철도,,인천공항2터미널,SAT,DOWN,0,A1002,,05:16:00,인천공항2터미널,서울역
22864,공항철도,,인천공항2터미널,END,DOWN,0,A1002,,05:16:00,인천공항2터미널,서울역
22865,공항철도,,인천공항1터미널,SAT,DOWN,0,A1002,,05:24:00,인천공항2터미널,서울역
22866,공항철도,,인천공항1터미널,END,DOWN,0,A1002,,05:24:00,인천공항2터미널,서울역
22867,공항철도,,서울역,DAY,DOWN,0,A1003,,06:45:00,서울역,인천공항2터미널
22868,공항철도,,인천공항1터미널,DAY,DOWN,0,A1003,,07:30:00,서울역,인천공항2터미널
22869,공항철도,,서울역,SAT,DOWN,0,A1003,,06:45:00,서울역,인천공항2터미널
22870,공항철도,,서울역,END,DOWN,0,A1003,,06:45:00,서울역,인천공항2터미널
22871,공항철도,,인천공항1터미널,SAT,DOWN,0,A1003,,07:30:00,서울역,인천공항2터미널
22872,공항철도,,인천공항1터미널,END,DOWN,0,A1003,,07:30:00,서울역,인천공항2터미널
22873,공항철도,,인천공항2터미널,DAY,DOWN,0,A1004,,06:00:00,인천공항2터미널,서울역
22874,공항철도,,인천공항1터미널,DAY,DOWN,0,A1004,,06:08:00,인천공항2터미널,서울역
22875,공항철도,,인천공항2터미널,SAT,DOWN,0,A1004,,06:00:00,인천공항2터미널,서울역
22876,공항철도,,인천공항2터미널,END,DOWN,0,A1004,,06:00:00,인천공항2터미널,서울역
22877,공항철도,,인천공항1터미널,SAT,DOWN,0,A1004,,06:08:00,인천공항2터미널,서울역
22878,공항철도,,인천공항1터미널,END,DOWN,0,A1004,,06:08:00,인천공항2터미널,서울역
22879,공항철도,,서울역,DAY,DOWN,0,A1005,,07:20:00,서울역,인천공항2터미널
22880,공항철도,,인천공항1터미널,DAY,DOWN,0,A1005,,08:05:00,서울역,인천공항2터미널
22881,공항철도,,서울역,SAT,DOWN,0,A1005,,07:20:00,서울역,인천공항2터미널
22882,공항철도,,서울역,END,DOWN,0,A1005,,07:20:00,서울역,인천공항2터미널
22883,공항철도,,인천공항1터미널,SAT,DOWN,0,A1005,,08:05:00,서울역,인천공항2터미널
22884,공항철도,,인천공항1터미널,END,DOWN,0,A1005,,08:05:00,서울역,인천공항2터미널
22885,공항철도,,인천공항2터미널,DAY,DOWN,0,A1006,,06:30:00,인천공항2터미널,서울역
22886,공항철도,,인천공항1터미널,DAY,DOWN,0,A1006,,06:38:00,인천공항2터미널,서울역
22887,공항철도,,인천공항2터미널,SAT,DOWN,0,A1006,,06:30:00,인천공항2터미널,서울역
22888,공항철도,,인천공항2터미널,END,DOWN,0,A1006,,06:30:00,인천공항2터미널,서울역
22889,공항철도,,인천공항1터미널,SAT,DOWN,0,A1006,,06:38:00,인천공항2터미널,서울역
22890,공항철도,,인천공항1터미널,END,DOWN,0,A1006,,06:38:00,인천공항2터미널,서울역
22891,공항철도,,서울역,DAY,DOWN,0,A1007,,08:06:00,서울역,인천공항2터미널
22892,공항철도,,인천공항1터미널,DAY,DOWN,0,A1007,,08:51:00,서울역,인천공항2터미널
22893,공항철도,,서울역,SAT,DOWN,0,A1007,,08:06:00,서울역,인천공항2터미널
22894,공항철도,,서울역,END,DOWN,0,A1007,,08:06:00,서울역,인천공항2터미널
22895,공항철도,,인천공항1터미널,SAT,DOWN,0,A1007,,08:51:00,서울역,인천공항2터미널
22896,공항철도,,인천공항1터미널,END,DOWN,0,A1007,,08:51:00,서울역,인천공항2터미널
22897,공항철도,,인천공항2터미널,DAY,DOWN,0,A1008,,07:05:00,인천공항2터미널,서울역
22898,공항철도,,인천공항1터미널,DAY,DOWN,0,A1008,,07:13:00,인천공항2터미널,서울역
22899,공항철도,,인천공항2터미널,SAT,DOWN,0,A1008,,07:05:00,인천공항2터미널,서울역
22900,공항철도,,인천공항2터미널,END,DOWN,0,A1008,,07:05:00,인천공항2터미널,서울역
22901,공항철도,,인천공항1터미널,SAT,DOWN,0,A1008,,07:13:00,인천공항2터미널,서울역
22902,공항철도,,인천공항1터미널,END,DOWN,0,A1008,,07:13:00,인천공항2터미널,서울역
22903,공항철도,,서울역,DAY,DOWN,0,A1009,,08:55:00,서울역,인천공항2터미널
22904,공항철도,,인천공항1터미널,DAY,DOWN,0,A1009,,09:40:00,서울역,인천공항2터미널
22905,공항철도,,서울역,SAT,DOWN,0,A1009,,08:55:00,서울역,인천공항2터미널
22906,공항철도,,서울역,END,DOWN,0,A1009,,08:55:00,서울역,인천공항2터미널
22907,공항철도,,인천공항1터미널,SAT,DOWN,0,A1009,,09:40:00,서울역,인천공항2터미널
22908,공항철도,,인천공항1터미널,END,DOWN,0,A1009,,09:40:00,서울역,인천공항2터미널
22909,공항철도,,인천공항2터미널,DAY,DOWN,0,A1010,,08:10:00,인천공항2터미널,서울역
22910,공항철도,,인천공항1터미널,DAY,DOWN,0,A1010,,08:18:00,인천공항2터미널,서울역
22911,공항철도,,인천공항2터미널,SAT,DOWN,0,A1010,,08:10:00,인천공항2터미널,서울역
22912,공항철도,,인천공항2터미널,END,DOWN,0,A1010,,08:10:00,인천공항2터미널,서울역
22913,공항철도,,인천공항1터미널,SAT,DOWN,0,A1010,,08:18:00,인천공항2터미널,서울역
22914,공항철도,,인천공항1터미널,END,DOWN,0,A1010,,08:18:00,인천공항2터미널,서울역
22915,공항철도,,서울역,DAY,DOWN,0,A1011,,09:45:00,서울역,인천공항2터미널
22916,공항철도,,인천공항1터미널,DAY,DOWN,0,A1011,,10:30:00,서울역,인천공항2터미널
22917,공항철도,,서울역,SAT,DOWN,0,A1011,,09:45:00,서울역,인천공항2터미널
22918,공항철도,,서울역,END,DOWN,0,A1011,,09:45:00,서울역,인천공항2터미널
22919,공항철도,,인천공항1터미널,SAT,DOWN,0,A1011,,10:30:00,서울역,인천공항2터미널
22920,공항철도,,인천공항1터미널,END,DOWN,0,A1011,,10:30:00,서울역,인천공항2터미널
22921,공항철도,,인천공항2터미널,DAY,DOWN,0,A1012,,08:58:00,인천공항2터미널,서울역
22922,공항철도,,인천공항1터미널,DAY,DOWN,0,A1012,,09:06:00,인천공항2터미널,서울역
22923,공항철도,,인천공항2터미널,SAT,DOWN,0,A1012,,08:58:00,인천공항2터미널,서울역
22924,공항철도,,인천공항2터미널,END,DOWN,0,A1012,,08:58:00,인천공항2터미널,서울역
22925,공항철도,,인천공항1터미널,SAT,DOWN,0,A1012,,09:06:00,인천공항2터미널,서울역
22926,공항철도,,인천공항1터미널,END,DOWN,0,A1012,,09:06:00,인천공항2터미널,서울역
22927,공항철도,,서울역,DAY,DOWN,0,A1013,,10:20:00,서울역,인천공항2터미널
22928,공항철도,,인천공항1터미널,DAY,DOWN,0,A1013,,11:05:00,서울역,인천공항2터미널
22929,공항철도,,서울역,SAT,DOWN,0,A1013,,10:20:00,서울역,인천공항2터미널
22930,공항철도,,서울역,END,DOWN,0,A1013,,10:20:00,서울역,인천공항2터미널
22931,공항철도,,인천공항1터미널,SAT,DOWN,0,A1013,,11:05:00,서울역,인천공항2터미널
22932,공항철도,,인천공항1터미널,END,DOWN,0,A1013,,11:05:00,서울역,인천공항2터미널
22933,공항철도,,인천공항2터미널,DAY,DOWN,0,A1014,,09:30:00,인천공항2터미널,서울역
22934,공항철도,,인천공항1터미널,DAY,DOWN,0,A1014,,09:38:00,인천공항2터미널,서울역
22935,공항철도,,인천공항2터미널,SAT,DOWN,0,A1014,,09:30:00,인천공항2터미널,서울역
22936,공항철도,,인천공항2터미널,END,DOWN,0,A1014,,09:30:00,인천공항2터미널,서울역
22937,공항철도,,인천공항1터미널,SAT,DOWN,0,A1014,,09:38:00,인천공항2터미널,서울역
22938,공항철도,,인천공항1터미널,END,DOWN,0,A1014,,09:38:00,인천공항2터미널,서울역
22939,공항철도,,서울역,DAY,DOWN,0,A1015,,10:56:00,서울역,인천공항2터미널
22940,공항철도,,인천공항1터미널,DAY,DOWN,0,A1015,,11:41:00,서울역,인천공항2터미널
22941,공항철도,,서울역,SAT,DOWN,0,A1015,,10:56:00,서울역,인천공항2터미널
22942,공항철도,,서울역,END,DOWN,0,A1015,,10:56:00,서울역,인천공항2터미널
22943,공항철도,,인천공항1터미널,SAT,DOWN,0,A1015,,11:41:00,서울역,인천공항2터미널
22944,공항철도,,인천공항1터미널,END,DOWN,0,A1015,,11:41:00,서울역,인천공항2터미널
22945,공항철도,,인천공항2터미널,DAY,DOWN,0,A1016,,10:10:00,인천공항2터미널,서울역
22946,공항철도,,인천공항1터미널,DAY,DOWN,0,A1016,,10:18:00,인천공항2터미널,서울역
22947,공항철도,,인천공항2터미널,SAT,DOWN,0,A1016,,10:10:00,인천공항2터미널,서울역
22948,공항철도,,인천공항2터미널,END,DOWN,0,A1016,,10:10:00,인천공항2터미널,서울역
22949,공항철도,,인천공항1터미널,SAT,DOWN,0,A1016,,10:18:00,인천공항2터미널,서울역
22950,공항철도,,인천공항1터미널,END,DOWN,0,A1016,,10:18:00,인천공항2터미널,서울역
22951,공항철도,,서울역,DAY,DOWN,0,A1017,,11:35:00,서울역,인천공항2터미널
22952,공항철도,,인천공항1터미널,DAY,DOWN,0,A1017,,12:20:00,서울역,인천공항2터미널
22953,공항철도,,서울역,SAT,DOWN,0,A1017,,11:35:00,서울역,인천공항2터미널
22954,공항철도,,서울역,END,DOWN,0,A1017,,11:35:00,서울역,인천공항2터미널
22955,공항철도,,인천공항1터미널,SAT,DOWN,0,A1017,,12:20:00,서울역,인천공항2터미널
22956,공항철도,,인천공항1터미널,END,DOWN,0,A1017,,12:20:00,서울역,인천공항2터미널
22957,공항철도,,인천공항2터미널,DAY,DOWN,0,A1018,,10:50:00,인천공항2터미널,서울역
22958,공항철도,,인천공항1터미널,DAY,DOWN,0,A1018,,10:58:00,인천공항2터미널,서울역
22959,공항철도,,인천공항2터미널,SAT,DOWN,0,A1018,,10:50:00,인천공항2터미널,서울역
22960,공항철도,,인천공항2터미널,END,DOWN,0,A1018,,10:50:00,인천공항2터미널,서울역
22961,공항철도,,인천공항1터미널,SAT,DOWN,0,A1018,,10:58:00,인천공항2터미널,서울역
22962,공항철도,,인천공항1터미널,END,DOWN,0,A1018,,10:58:00,인천공항2터미널,서울역
22963,공항철도,,서울역,DAY,DOWN,0,A1019,,12:10:00,서울역,인천공항2터미널
22964,공항철도,,인천공항1터미널,DAY,DOWN,0,A1019,,12:55:00,서울역,인천공항2터미널
22965,공항철도,,서울역,SAT,DOWN,0,A1019,,12:10:00,서울역,인천공항2터미널
22966,공항철도,,서울역,END,DOWN,0,A1019,,12:10:00,서울역,인천공항2터미널
22967,공항철도,,인천공항1터미널,SAT,DOWN,0,A1019,,12:55:00,서울역,인천공항2터미널
22968,공항철도,,인천공항1터미널,END,DOWN,0,A1019,,12:55:00,서울역,인천공항2터미널
22969,공항철도,,인천공항2터미널,DAY,DOWN,0,A1020,,11:30:00,인천공항2터미널,서울역
22970,공항철도,,인천공항1터미널,DAY,DOWN,0,A1020,,11:38:00,인천공항2터미널,서울역
22971,공항철도,,인천공항2터미널,SAT,DOWN,0,A1020,,11:30:00,인천공항2터미널,서울역
22972,공항철도,,인천공항2터미널,END,DOWN,0,A1020,,11:30:00,인천공항2터미널,서울역
22973,공항철도,,인천공항1터미널,SAT,DOWN,0,A1020,,11:38:00,인천공항2터미널,서울역
22974,공항철도,,인천공항1터미널,END,DOWN,0,A1020,,11:38:00,인천공항2터미널,서울역
22975,공항철도,,서울역,DAY,DOWN,0,A1021,,12:50:00,서울역,인천공항2터미널
22976,공항철도,,인천공항1터미널,DAY,DOWN,0,A1021,,13:35:00,서울역,인천공항2터미널
22977,공항철도,,서울역,SAT,DOWN,0,A1021,,12:50:00,서울역,인천공항2터미널
22978,공항철도,,서울역,END,DOWN,0,A1021,,12:50:00,서울역,인천공항2터미널
22979,공항철도,,인천공항1터미널,SAT,DOWN,0,A1021,,13:35:00,서울역,인천공항2터미널
22980,공항철도,,인천공항1터미널,END,DOWN,0,A1021,,13:35:00,서울역,인천공항2터미널
22981,공항철도,,인천공항2터미널,DAY,DOWN,0,A1022,,12:10:00,인천공항2터미널,서울역
22982,공항철도,,인천공항1터미널,DAY,DOWN,0,A1022,,12:18:00,인천공항2터미널,서울역
22983,공항철도,,인천공항2터미널,SAT,DOWN,0,A1022,,12:10:00,인천공항2터미널,서울역
22984,공항철도,,인천공항2터미널,END,DOWN,0,A1022,,12:10:00,인천공항2터미널,서울역
22985,공항철도,,인천공항1터미널,SAT,DOWN,0,A1022,,12:18:00,인천공항2터미널,서울역
22986,공항철도,,인천공항1터미널,END,DOWN,0,A1022,,12:18:00,인천공항2터미널,서울역
22987,공항철도,,서울역,DAY,DOWN,0,A1023,,13:30:00,서울역,인천공항2터미널
22988,공항철도,,인천공항1터미널,DAY,DOWN,0,A1023,,14:15:00,서울역,인천공항2터미널
22989,공항철도,,서울역,SAT,DOWN,0,A1023,,13:30:00,서울역,인천공항2터미널
22990,공항철도,,서울역,END,DOWN,0,A1023,,13:30:00,서울역,인천공항2터미널
22991,공항철도,,인천공항1터미널,SAT,DOWN,0,A1023,,14:15:00,서울역,인천공항2터미널
22992,공항철도,,인천공항1터미널,END,DOWN,0,A1023,,14:15:00,서울역,인천공항2터미널
22993,공항철도,,인천공항2터미널,DAY,DOWN,0,A1024,,12:45:00,인천공항2터미널,서울역
22994,공항철도,,인천공항1터미널,DAY,DOWN,0,A1024,,12:53:00,인천공항2터미널,서울역
22995,공항철도,,인천공항2터미널,SAT,DOWN,0,A1024,,12:45:00,인천공항2터미널,서울역
22996,공항철도,,인천공항2터미널,END,DOWN,0,A1024,,12:45:00,인천공항2터미널,서울역
22997,공항철도,,인천공항1터미널,SAT,DOWN,0,A1024,,12:53:00,인천공항2터미널,서울역
22998,공항철도,,인천공항1터미널,END,DOWN,0,A1024,,12:53:00,인천공항2터미널,서울역
22999,공항철도,,서울역,DAY,DOWN,0,A1025,,14:10:00,서울역,인천공항2터미널
23000,공항철도,,인천공항1터미널,DAY,DOWN,0,A1025,,14:55:00,서울역,인천공항2터미널
23001,공항철도,,서울역,SAT,DOWN,0,A1025,,14:10:00,서울역,인천공항2터미널
23002,공항철도,,서울역,END,DOWN,0,A1025,,14:10:00,서울역,인천공항2터미널
23003,공항철도,,인천공항1터미널,SAT,DOWN,0,A1025,,14:55:00,서울역,인천공항2터미널
23004,공항철도,,인천공항1터미널,END,DOWN,0,A1025,,14:55:00,서울역,인천공항2터미널
23005,공항철도,,인천공항2터미널,DAY,DOWN,0,A1026,,13:20:00,인천공항2터미널,서울역
23006,공항철도,,인천공항1터미널,DAY,DOWN,0,A1026,,13:28:00,인천공항2터미널,서울역
23007,공항철도,,인천공항2터미널,SAT,DOWN,0,A1026,,13:20:00,인천공항2터미널,서울역
23008,공항철도,,인천공항2터미널,END,DOWN,0,A1026,,13:20:00,인천공항2터미널,서울역
23009,공항철도,,인천공항1터미널,SAT,DOWN,0,A1026,,13:28:00,인천공항2터미널,서울역
23010,공항철도,,인천공항1터미널,END,DOWN,0,A1026,,13:28:00,인천공항2터미널,서울역
23011,공항철도,,서울역,DAY,DOWN,0,A1027,,14:50:00,서울역,인천공항2터미널
23012,공항철도,,인천공항1터미널,DAY,DOWN,0,A1027,,15:35:00,서울역,인천공항2터미널
23013,공항철도,,서울역,SAT,DOWN,0,A1027,,14:50:00,서울역,인천공항2터미널
23014,공항철도,,서울역,END,DOWN,0,A1027,,14:50:00,서울역,인천공항2터미널
23015,공항철도,,인천공항1터미널,SAT,DOWN,0,A1027,,15:35:00,서울역,인천공항2터미널
23016,공항철도,,인천공항1터미널,END,DOWN,0,A1027,,15:35:00,서울역,인천공항2터미널
23017,공항철도,,인천공항2터미널,DAY,DOWN,0,A1028,,14:00:00,인천공항2터미널,서울역
23018,공항철도,,인천공항1터미널,DAY,DOWN,0,A1028,,14:08:00,인천공항2터미널,서울역
23019,공항철도,,인천공항2터미널,SAT,DOWN,0,A1028,,14:00:00,인천공항2터미널,서울역
23020,공항철도,,인천공항2터미널,END,DOWN,0,A1028,,14:00:00,인천공항2터미널,서울역
23021,공항철도,,인천공항1터미널,SAT,DOWN,0,A1028,,14:08:00,인천공항2터미널,서울역
23022,공항철도,,인천공항1터미널,END,DOWN,0,A1028,,14:08:00,인천공항2터미널,서울역
23023,공항철도,,서울역,DAY,DOWN,0,A1029,,15:30:00,서울역,인천공항2터미널
23024,공항철도,,인천공항1터미널,DAY,DOWN,0,A1029,,16:15:00,서울역,인천공항2터미널
23025,공항철도,,서울역,SAT,DOWN,0,A1029,,15:30:00,서울역,인천공항2터미널
23026,공항철도,,서울역,END,DOWN,0,A1029,,15:30:00,서울역,인천공항2터미널
23027,공항철도,,인천공항1터미널,SAT,DOWN,0,A1029,,16:15:00,서울역,인천공항2터미널
23028,공항철도,,인천공항1터미널,END,DOWN,0,A1029,,16:15:00,서울역,인천공항2터미널
23029,공항철도,,인천공항2터미널,DAY,DOWN,0,A1030,,14:40:00,인천공항2터미널,서울역
23030,공항철도,,인천공항1터미널,DAY,DOWN,0,A1030,,14:48:00,인천공항2터미널,서울역
23031,공항철도,,인천공항2터미널,SAT,DOWN,0,A1030,,14:40:00,인천공항2터미널,서울역
23032,공항철도,,인천공항2터미널,END,DOWN,0,A1030,,14:40:00,인천공항2터미널,서울역
23033,공항철도,,인천공항1터미널,SAT,DOWN,0,A1030,,14:48:00,인천공항2터미널,서울역
23034,공항철도,,인천공항1터미널,END,DOWN,0,A1030,,14:48:00,인천공항2터미널,서울역
23035,공항철도,,서울역,DAY,DOWN,0,A1031,,16:10:00,서울역,인천공항2터미널
23036,공항철도,,인천공항1터미널,DAY,DOWN,0,A1031,,16:55:00,서울역,인천공항2터미널
23037,공항철도,,서울역,SAT,DOWN,0,A1031,,16:10:00,서울역,인천공항2터미널
23038,공항철도,,서울역,END,DOWN,0,A1031,,16:10:00,서울역,인천공항2터미널
23039,공항철도,,인천공항1터미널,SAT,DOWN,0,A1031,,16:55:00,서울역,인천공항2터미널
23040,공항철도,,인천공항1터미널,END,DOWN,0,A1031,,16:55:00,서울역,인천공항2터미널
23041,공항철도,,인천공항2터미널,DAY,DOWN,0,A1032,,15:20:00,인천공항2터미널,서울역
23042,공항철도,,인천공항1터미널,DAY,DOWN,0,A1032,,15:28:00,인천공항2터미널,서울역
23043,공항철도,,인천공항2터미널,SAT,DOWN,0,A1032,,15:20:00,인천공항2터미널,서울역
23044,공항철도,,인천공항2터미널,END,DOWN,0,A1032,,15:20:00,인천공항2터미널,서울역
23045,공항철도,,인천공항1터미널,SAT,DOWN,0,A1032,,15:28:00,인천공항2터미널,서울역
23046,공항철도,,인천공항1터미널,END,DOWN,0,A1032,,15:28:00,인천공항2터미널,서울역
23047,공항철도,,서울역,DAY,DOWN,0,A1033,,16:50:00,서울역,인천공항2터미널
23048,공항철도,,인천공항1터미널,DAY,DOWN,0,A1033,,17:35:00,서울역,인천공항2터미널
23049,공항철도,,서울역,SAT,DOWN,0,A1033,,16:50:00,서울역,인천공항2터미널
23050,공항철도,,서울역,END,DOWN,0,A1033,,16:50:00,서울역,인천공항2터미널
23051,공항철도,,인천공항1터미널,SAT,DOWN,0,A1033,,17:35:00,서울역,인천공항2터미널
23052,공항철도,,인천공항1터미널,END,DOWN,0,A1033,,17:35:00,서울역,인천공항2터미널
23053,공항철도,,인천공항2터미널,DAY,DOWN,0,A1034,,16:00:00,인천공항2터미널,서울역
23054,공항철도,,인천공항1터미널,DAY,DOWN,0,A1034,,16:08:00,인천공항2터미널,서울역
23055,공항철도,,인천공항2터미널,SAT,DOWN,0,A1034,,16:00:00,인천공항2터미널,서울역
23056,공항철도,,인천공항2터미널,END,DOWN,0,A1034,,16:00:00,인천공항2터미널,서울역
23057,공항철도,,인천공항1터미널,SAT,DOWN,0,A1034,,16:08:00,인천공항2터미널,서울역
23058,공항철도,,인천공항1터미널,END,DOWN,0,A1034,,16:08:00,인천공항2터미널,서울역
23059,공항철도,,서울역,DAY,DOWN,0,A1035,,17:25:00,서울역,인천공항2터미널
23060,공항철도,,인천공항1터미널,DAY,DOWN,0,A1035,,18:10:00,서울역,인천공항2터미널
23061,공항철도,,서울역,SAT,DOWN,0,A1035,,17:25:00,서울역,인천공항2터미널
23062,공항철도,,서울역,END,DOWN,0,A1035,,17:25:00,서울역,인천공항2터미널
23063,공항철도,,인천공항1터미널,SAT,DOWN,0,A1035,,18:10:00,서울역,인천공항2터미널
23064,공항철도,,인천공항1터미널,END,DOWN,0,A1035,,18:10:00,서울역,인천공항2터미널
23065,공항철도,,인천공항2터미널,DAY,DOWN,0,A1036,,16:40:00,인천공항2터미널,서울역
23066,공항철도,,인천공항1터미널,DAY,DOWN,0,A1036,,16:48:00,인천공항2터미널,서울역
23067,공항철도,,인천공항2터미널,SAT,DOWN,0,A1036,,16:40:00,인천공항2터미널,서울역
23068,공항철도,,인천공항2터미널,END,DOWN,0,A1036,,16:40:00,인천공항2터미널,서울역
23069,공항철도,,인천공항1터미널,SAT,DOWN,0,A1036,,16:48:00,인천공항2터미널,서울역
23070,공항철도,,인천공항1터미널,END,DOWN,0,A1036,,16:48:00,인천공항2터미널,서울역
23071,공항철도,,서울역,DAY,DOWN,0,A1037,,18:00:00,서울역,인천공항2터미널
23072,공항철도,,인천공항1터미널,DAY,DOWN,0,A1037,,18:45:00,서울역,인천공항2터미널
23073,공항철도,,서울역,SAT,DOWN,0,A1037,,18:00:00,서울역,인천공항2터미널
23074,공항철도,,서울역,END,DOWN,0,A1037,,18:00:00,서울역,인천공항2터미널
23075,공항철도,,인천공항1터미널,SAT,DOWN,0,A1037,,18:45:00,서울역,인천공항2터미널
23076,공항철도,,인천공항1터미널,END,DOWN,0,A1037,,18:45:00,서울역,인천공항2터미널
23077,공항철도,,인천공항2터미널,DAY,DOWN,0,A1038,,17:20:00,인천공항2터미널,서울역
23078,공항철도,,인천공항1터미널,DAY,DOWN,0,A1038,,17:28:00,인천공항2터미널,서울역
23079,공항철도,,인천공항2터미널,SAT,DOWN,0,A1038,,17:20:00,인천공항2터미널,서울역
23080,공항철도,,인천공항2터미널,END,DOWN,0,A1038,,17:20:00,인천공항2터미널,서울역
23081,공항철도,,인천공항1터미널,SAT,DOWN,0,A1038,,17:28:00,인천공항2터미널,서울역
23082,공항철도,,인천공항1터미널,END,DOWN,0,A1038,,17:28:00,인천공항2터미널,서울역
23083,공항철도,,서울역,DAY,DOWN,0,A1039,,18:55:00,서울역,인천공항2터미널
23084,공항철도,,인천공항1터미널,DAY,DOWN,0,A1039,,19:40:00,서울역,인천공항2터미널
23085,공항철도,,서울역,SAT,DOWN,0,A1039,,18:55:00,서울역,인천공항2터미널
23086,공항철도,,서울역,END,DOWN,0,A1039,,18:55:00,서울역,인천공항2터미널
23087,공항철도,,인천공항1터미널,SAT,DOWN,0,A1039,,19:40:00,서울역,인천공항2터미널
23088,공항철도,,인천공항1터미널,END,DOWN,0,A1039,,19:40:00,서울역,인천공항2터미널
23089,공항철도,,인천공항2터미널,DAY,DOWN,0,A1040,,18:10:00,인천공항2터미널,서울역
23090,공항철도,,인천공항1터미널,DAY,DOWN,0,A1040,,18:18:00,인천공항2터미널,서울역
23091,공항철도,,인천공항2터미널,SAT,DOWN,0,A1040,,18:10:00,인천공항2터미널,서울역
23092,공항철도,,인천공항2터미널,END,DOWN,0,A1040,,18:10:00,인천공항2터미널,서울역
23093,공항철도,,인천공항1터미널,SAT,DOWN,0,A1040,,18:18:00,인천공항2터미널,서울역
23094,공항철도,,인천공항1터미널,END,DOWN,0,A1040,,18:18:00,인천공항2터미널,서울역
23095,공항철도,,서울역,DAY,DOWN,0,A1041,,19:36:00,서울역,인천공항2터미널
23096,공항철도,,인천공항1터미널,DAY,DOWN,0,A1041,,20:21:00,서울역,인천공항2터미널
23097,공항철도,,서울역,SAT,DOWN,0,A1041,,19:36:00,서울역,인천공항2터미널
23098,공항철도,,서울역,END,DOWN,0,A1041,,19:36:00,서울역,인천공항2터미널
23099,공항철도,,인천공항1터미널,SAT,DOWN,0,A1041,,20:21:00,서울역,인천공항2터미널
23100,공항철도,,인천공항1터미널,END,DOWN,0,A1041,,20:21:00,서울역,인천공항2터미널
23101,공항철도,,인천공항2터미널,DAY,DOWN,0,A1042,,18:35:00,인천공항2터미널,서울역
23102,공항철도,,인천공항1터미널,DAY,DOWN,0,A1042,,18:43:00,인천공항2터미널,서울역
23103,공항철도,,인천공항2터미널,SAT,DOWN,0,A1042,,18:35:00,인천공항2터미널,서울역
23104,공항철도,,인천공항2터미널,END,DOWN,0,A1042,,18:35:00,인천공항2터미널,서울역
23105,공항철도,,인천공항1터미널,SAT,DOWN,0,A1042,,18:43:00,인천공항2터미널,서울역
23106,공항철도,,인천공항1터미널,END,DOWN,0,A1042,,18:43:00,인천공항2터미널,서울역
23107,공항철도,,서울역,DAY,DOWN,0,A1043,,20:10:00,서울역,인천공항2터미널
23108,공항철도,,인천공항1터미널,DAY,DOWN,0,A1043,,20:55:00,서울역,인천공항2터미널
23109,공항철도,,서울역,SAT,DOWN,0,A1043,,20:10:00,서울역,인천공항2터미널
23110,공항철도,,서울역,END,DOWN,0,A1043,,20:10:00,서울역,인천공항2터미널
23111,공항철도,,인천공항1터미널,SAT,DOWN,0,A1043,,20:55:00,서울역,인천공항2터미널
23112,공항철도,,인천공항1터미널,END,DOWN,0,A1043,,20:55:00,서울역,인천공항2터미널
23113,공항철도,,인천공항2터미널,DAY,DOWN,0,A1044,,19:15:00,인천공항2터미널,서울역
23114,공항철도,,인천공항1터미널,DAY,DOWN,0,A1044,,19:23:00,인천공항2터미널,서울역
23115,공항철도,,인천공항2터미널,SAT,DOWN,0,A1044,,19:15:00,인천공항2터미널,서울역
23116,공항철도,,인천공항2터미널,END,DOWN,0,A1044,,19:15:00,인천공항2터미널,서울역
23117,공항철도,,인천공항1터미널,SAT,DOWN,0,A1044,,19:23:00,인천공항2터미널,서울역
23118,공항철도,,인천공항1터미널,END,DOWN,0,A1044,,19:23:00,인천공항2터미널,서울역
23119,공항철도,,서울역,DAY,DOWN,0,A1045,,20:45:00,서울역,인천공항2터미널
23120,공항철도,,인천공항1터미널,DAY,DOWN,0,A1045,,21:30:00,서울역,인천공항2터미널
23121,공항철도,,서울역,SAT,DOWN,0,A1045,,20:45:00,서울역,인천공항2터미널
23122,공항철도,,서울역,END,DOWN,0,A1045,,20:45:00,서울역,인천공항2터미널
23123,공항철도,,인천공항1터미널,SAT,DOWN,0,A1045,,21:30:00,서울역,인천공항2터미널
23124,공항철도,,인천공항1터미널,END,DOWN,0,A1045,,21:30:00,서울역,인천공항2터미널
23125,공항철도,,인천공항2터미널,DAY,DOWN,0,A1046,,20:05:00,인천공항2터미널,서울역
23126,공항철도,,인천공항1터미널,DAY,DOWN,0,A1046,,20:13:00,인천공항2터미널,서울역
23127,공항철도,,인천공항2터미널,SAT,DOWN,0,A1046,,20:05:00,인천공항2터미널,서울역
23128,공항철도,,인천공항2터미널,END,DOWN,0,A1046,,20:05:00,인천공항2터미널,서울역
23129,공항철도,,인천공항1터미널,SAT,DOWN,0,A1046,,20:13:00,인천공항2터미널,서울역
23130,공항철도,,인천공항1터미널,END,DOWN,0,A1046,,20:13:00,인천공항2터미널,서울역
23131,공항철도,,서울역,DAY,DOWN,0,A1047,,21:30:00,서울역,인천공항2터미널
23132,공항철도,,인천공항1터미널,DAY,DOWN,0,A1047,,22:15:00,서울역,인천공항2터미널
23133,공항철도,,서울역,SAT,DOWN,0,A1047,,21:30:00,서울역,인천공항2터미널
23134,공항철도,,서울역,END,DOWN,0,A1047,,21:30:00,서울역,인천공항2터미널
23135,공항철도,,인천공항1터미널,SAT,DOWN,0,A1047,,22:15:00,서울역,인천공항2터미널
23136,공항철도,,인천공항1터미널,END,DOWN,0,A1047,,22:15:00,서울역,인천공항2터미널
23137,공항철도,,인천공항2터미널,DAY,DOWN,0,A1048,,20:55:00,인천공항2터미널,서울역
23138,공항철도,,인천공항1터미널,DAY,DOWN,0,A1048,,21:03:00,인천공항2터미널,서울역
23139,공항철도,,인천공항2터미널,SAT,DOWN,0,A1048,,20:55:00,인천공항2터미널,서울역
23140,공항철도,,인천공항2터미널,END,DOWN,0,A1048,,20:55:00,인천공항2터미널,서울역
23141,공항철도,,인천공항1터미널,SAT,DOWN,0,A1048,,21:03:00,인천공항2터미널,서울역
23142,공항철도,,인천공항1터미널,END,DOWN,0,A1048,,21:03:00,인천공항2터미널,서울역
23143,공항철도,,서울역,DAY,DOWN,0,A1049,,22:20:00,서울역,인천공항2터미널
23144,공항철도,,인천공항1터미널,DAY,DOWN,0,A1049,,23:05:00,서울역,인천공항2터미널
23145,공항철도,,서울역,SAT,DOWN,0,A1049,,22:20:00,서울역,인천공항2터미널
23146,공항철도,,서울역,END,DOWN,0,A1049,,22:20:00,서울역,인천공항2터미널
23147,공항철도,,인천공항1터미널,SAT,DOWN,0,A1049,,23:05:00,서울역,인천공항2터미널
23148,공항철도,,인천공항1터미널,END,DOWN,0,A1049,,23:05:00,서울역,인천공항2터미널
23149,공항철도,,인천공항2터미널,DAY,DOWN,0,A1050,,21:50:00,인천공항2터미널,서울역
23150,공항철도,,인천공항1터미널,DAY,DOWN,0,A1050,,21:58:00,인천공항2터미널,서울역
23151,공항철도,,인천공항2터미널,SAT,DOWN,0,A1050,,21:50:00,인천공항2터미널,서울역
23152,공항철도,,인천공항2터미널,END,DOWN,0,A1050,,21:50:00,인천공항2터미널,서울역
23153,공항철도,,인천공항1터미널,SAT,DOWN,0,A1050,,21:58:00,인천공항2터미널,서울역
23154,공항철도,,인천공항1터미널,END,DOWN,0,A1050,,21:58:00,인천공항2터미널,서울역
23155,공항철도,,서울역,DAY,DOWN,0,A1051,,23:00:00,서울역,인천공항2터미널
23156,공항철도,,인천공항1터미널,DAY,DOWN,0,A1051,,23:45:00,서울역,인천공항2터미널
23157,공항철도,,서울역,SAT,DOWN,0,A1051,,23:00:00,서울역,인천공항2터미널
23158,공항철도,,서울역,END,DOWN,0,A1051,,23:00:00,서울역,인천공항2터미널
23159,공항철도,,인천공항1터미널,SAT,DOWN,0,A1051,,23:45:00,서울역,인천공항2터미널
23160,공항철도,,인천공항1터미널,END,DOWN,0,A1051,,23:45:00,서울역,인천공항2터미널
23161,공항철도,,인천공항2터미널,DAY,DOWN,0,A1052,,22:40:00,인천공항2터미널,서울역
23162,공항철도,,인천공항1터미널,DAY,DOWN,0,A1052,,22:48:00,인천공항2터미널,서울역
23163,공항철도,,인천공항2터미널,SAT,DOWN,0,A1052,,22:40:00,인천공항2터미널,서울역
23164,공항철도,,인천공항2터미널,END,DOWN,0,A1052,,22:40:00,인천공항2터미널,서울역
23165,공항철도,,인천공항1터미널,SAT,DOWN,0,A1052,,22:48:00,인천공항2터미널,서울역
23166,공항철도,,인천공항1터미널,END,DOWN,0,A1052,,22:48:00,인천공항2터미널,서울역
23167,공항철도,,서울역,DAY,DOWN,0,A2001,,05:20:00,서울역,인천공항2터미널
23168,공항철도,,공덕,DAY,DOWN,0,A2001,,05:24:00,서울역,인천공항2터미널
23169,공항철도,,홍대입구,DAY,DOWN,0,A2001,,05:28:00,서울역,인천공항2터미널
23170,공항철도,,디지털미디어시티,DAY,DOWN,0,A2001,,05:32:00,서울역,인천공항2터미널
23171,공항철도,,마곡나루,DAY,DOWN,0,A2001,,05:40:00,서울역,인천공항2터미널
23172,공항철도,,김포공항,DAY,DOWN,0,A2001,,05:43:00,서울역,인천공항2터미널
23173,공항철도,,계양,DAY,DOWN,0,A2001,,05:49:00,서울역,인천공항2터미널
23174,공항철도,,검암,DAY,DOWN,0,A2001,,05:56:00,서울역,인천공항2터미널
23175,공항철도,,청라국제도시,DAY,DOWN,0,A2001,,06:01:00,서울역,인천공항2터미널
23176,공항철도,,영종,DAY,DOWN,0,A2001,,06:09:00,서울역,인천공항2터미널
23177,공항철도,,운서,DAY,DOWN,0,A2001,,06:13:00,서울역,인천공항2터미널
23178,공항철도,,공항화물청사,DAY,DOWN,0,A2001,,06:18:00,서울역,인천공항2터미널
23179,공항철도,,인천공항1터미널,DAY,DOWN,0,A2001,,06:22:00,서울역,인천공항2터미널
23180,공항철도,,서울역,SAT,DOWN,0,A2001,,05:20:00,서울역,인천공항2터미널
23181,공항철도,,서울역,END,DOWN,0,A2001,,05:20:00,서울역,인천공항2터미널
23182,공항철도,,공덕,SAT,DOWN,0,A2001,,05:24:00,서울역,인천공항2터미널
23183,공항철도,,공덕,END,DOWN,0,A2001,,05:24:00,서울역,인천공항2터미널
23184,공항철도,,홍대입구,SAT,DOWN,0,A2001,,05:28:00,서울역,인천공항2터미널
23185,공항철도,,홍대입구,END,DOWN,0,A2001,,05:28:00,서울역,인천공항2터미널
23186,공항철도,,디지털미디어시티,SAT,DOWN,0,A2001,,05:32:00,서울역,인천공항2터미널
23187,공항철도,,디지털미디어시티,END,DOWN,0,A2001,,05:32:00,서울역,인천공항2터미널
23188,공항철도,,마곡나루,SAT,DOWN,0,A2001,,05:40:00,서울역,인천공항2터미널
23189,공항철도,,마곡나루,END,DOWN,0,A2001,,05:40:00,서울역,인천공항2터미널
23190,공항철도,,김포공항,SAT,DOWN,0,A2001,,05:43:00,서울역,인천공항2터미널
23191,공항철도,,김포공항,END,DOWN,0,A2001,,05:43:00,서울역,인천공항2터미널
23192,공항철도,,계양,SAT,DOWN,0,A2001,,05:49:00,서울역,인천공항2터미널
23193,공항철도,,계양,END,DOWN,0,A2001,,05:49:00,서울역,인천공항2터미널
23194,공항철도,,검암,SAT,DOWN,0,A2001,,05:56:00,서울역,인천공항2터미널
23195,공항철도,,검암,END,DOWN,0,A2001,,05:56:00,서울역,인천공항2터미널
23196,공항철도,,청라국제도시,SAT,DOWN,0,A2001,,06:01:00,서울역,인천공항2터미널
23197,공항철도,,청라국제도시,END,DOWN,0,A2001,,06:01:00,서울역,인천공항2터미널
23198,공항철도,,영종,SAT,DOWN,0,A2001,,06:09:00,서울역,인천공항2터미널
23199,공항철도,,영종,END,DOWN,0,A2001,,06:09:00,서울역,인천공항2터미널
23200,공항철도,,운서,SAT,DOWN,0,A2001,,06:13:00,서울역,인천공항2터미널
23201,공항철도,,운서,END,DOWN,0,A2001,,06:13:00,서울역,인천공항2터미널
23202,공항철도,,공항화물청사,SAT,DOWN,0,A2001,,06:18:00,서울역,인천공항2터미널
23203,공항철도,,공항화물청사,END,DOWN,0,A2001,,06:18:00,서울역,인천공항2터미널
23204,공항철도,,인천공항1터미널,SAT,DOWN,0,A2001,,06:22:00,서울역,인천공항2터미널
23205,공항철도,,인천공항1터미널,END,DOWN,0,A2001,,06:22:00,서울역,인천공항2터미널
23206,공항철도,,인천공항2터미널,DAY,DOWN,0,A2002,,05:08:00,인천공항2터미널,서울역
23207,공항철도,,인천공항1터미널,DAY,DOWN,0,A2002,,05:14:00,인천공항2터미널,서울역
23208,공항철도,,공항화물청사,DAY,DOWN,0,A2002,,05:18:00,인천공항2터미널,서울역
23209,공항철도,,운서,DAY,DOWN,0,A2002,,05:22:00,인천공항2터미널,서울역
23210,공항철도,,영종,DAY,DOWN,0,A2002,,05:27:00,인천공항2터미널,서울역
23211,공항철도,,청라국제도시,DAY,DOWN,0,A2002,,05:36:00,인천공항2터미널,서울역
23212,공항철도,,검암,DAY,DOWN,0,A2002,,05:43:00,인천공항2터미널,서울역
23213,공항철도,,계양,DAY,DOWN,0,A2002,,05:49:00,인천공항2터미널,서울역
23214,공항철도,,김포공항,DAY,DOWN,0,A2002,,05:55:00,인천공항2터미널,서울역
23215,공항철도,,마곡나루,DAY,DOWN,0,A2002,,05:58:00,인천공항2터미널,서울역
23216,공항철도,,디지털미디어시티,DAY,DOWN,0,A2002,,06:06:00,인천공항2터미널,서울역
23217,공항철도,,홍대입구,DAY,DOWN,0,A2002,,06:10:00,인천공항2터미널,서울역
23218,공항철도,,공덕,DAY,DOWN,0,A2002,,06:13:00,인천공항2터미널,서울역
23219,공항철도,,인천공항2터미널,SAT,DOWN,0,A2002,,05:08:00,인천공항2터미널,서울역
23220,공항철도,,인천공항2터미널,END,DOWN,0,A2002,,05:08:00,인천공항2터미널,서울역
23221,공항철도,,인천공항1터미널,SAT,DOWN,0,A2002,,05:14:00,인천공항2터미널,서울역
23222,공항철도,,인천공항1터미널,END,DOWN,0,A2002,,05:14:00,인천공항2터미널,서울역
23223,공항철도,,공항화물청사,SAT,DOWN,0,A2002,,05:18:00,인천공항2터미널,서울역
23224,공항철도,,공항화물청사,END,DOWN,0,A2002,,05:18:00,인천공항2터미널,서울역
23225,공항철도,,운서,SAT,DOWN,0,A2002,,05:22:00,인천공항2터미널,서울역
23226,공항철도,,운서,END,DOWN,0,A2002,,05:22:00,인천공항2터미널,서울역
23227,공항철도,,영종,SAT,DOWN,0,A2002,,05:27:00,인천공항2터미널,서울역
23228,공항철도,,영종,END,DOWN,0,A2002,,05:27:00,인천공항2터미널,서울역
23229,공항철도,,청라국제도시,SAT,DOWN,0,A2002,,05:36:00,인천공항2터미널,서울역
23230,공항철도,,청라국제도시,END,DOWN,0,A2002,,05:36:00,인천공항2터미널,서울역
23231,공항철도,,검암,SAT,DOWN,0,A2002,,05:43:00,인천공항2터미널,서울역
23232,공항철도,,검암,END,DOWN,0,A2002,,05:43:00,인천공항2터미널,서울역
23233,공항철도,,계양,SAT,DOWN,0,A2002,,05:49:00,인천공항2터미널,서울역
23234,공항철도,,계양,END,DOWN,0,A2002,,05:49:00,인천공항2터미널,서울역
23235,공항철도,,김포공항,SAT,DOWN,0,A2002,,05:55:00,인천공항2터미널,서울역
23236,공항철도,,김포공항,END,DOWN,0,A2002,,05:55:00,인천공항2터미널,서울역
23237,공항철도,,마곡나루,SAT,DOWN,0,A2002,,05:58:00,인천공항2터미널,서울역
23238,공항철도,,마곡나루,END,DOWN,0,A2002,,05:58:00,인천공항2터미널,서울역
23239,공항철도,,디지털미디어시티,SAT,DOWN,0,A2002,,06:06:00,인천공항2터미널,서울역
23240,공항철도,,디지털미디어시티,END,DOWN,0,A2002,,06:06:00,인천공항2터미널,서울역
23241,공항철도,,홍대입구,SAT,DOWN,0,A2002,,06:10:00,인천공항2터미널,서울역
23242,공항철도,,홍대입구,END,DOWN,0,A2002,,06:10:00,인천공항2터미널,서울역
23243,공항철도,,공덕,SAT,DOWN,0,A2002,,06:13:00,인천공항2터미널,서울역
23244,공항철도,,공덕,END,DOWN,0,A2002,,06:13:00,인천공항2터미널,서울역
23245,공항철도,,서울역,DAY,DOWN,0,A2003,,05:40:00,서울역,인천공항2터미널
23246,공항철도,,공덕,DAY,DOWN,0,A2003,,05:44:00,서울역,인천공항2터미널
23247,공항철도,,홍대입구,DAY,DOWN,0,A2003,,05:48:00,서울역,인천공항2터미널
23248,공항철도,,디지털미디어시티,DAY,DOWN,0,A2003,,05:52:00,서울역,인천공항2터미널
23249,공항철도,,마곡나루,DAY,DOWN,0,A2003,,05:59:00,서울역,인천공항2터미널
23250,공항철도,,김포공항,DAY,DOWN,0,A2003,,06:02:00,서울역,인천공항2터미널
23251,공항철도,,계양,DAY,DOWN,0,A2003,,06:09:00,서울역,인천공항2터미널
23252,공항철도,,검암,DAY,DOWN,0,A2003,,06:15:00,서울역,인천공항2터미널
23253,공항철도,,청라국제도시,DAY,DOWN,0,A2003,,06:20:00,서울역,인천공항2터미널
23254,공항철도,,영종,DAY,DOWN,0,A2003,,06:28:00,서울역,인천공항2터미널
23255,공항철도,,운서,DAY,DOWN,0,A2003,,06:32:00,서울역,인천공항2터미널
23256,공항철도,,공항화물청사,DAY,DOWN,0,A2003,,06:37:00,서울역,인천공항2터미널
23257,공항철도,,인천공항1터미널,DAY,DOWN,0,A2003,,06:41:00,서울역,인천공항2터미널
23258,공항철도,,서울역,SAT,DOWN,0,A2003,,05:40:00,서울역,인천공항2터미널
23259,공항철도,,서울역,END,DOWN,0,A2003,,05:40:00,서울역,인천공항2터미널
23260,공항철도,,공덕,SAT,DOWN,0,A2003,,05:44:00,서울역,인천공항2터미널
23261,공항철도,,공덕,END,DOWN,0,A2003,,05:44:00,서울역,인천공항2터미널
23262,공항철도,,홍대입구,SAT,DOWN,0,A2003,,05:48:00,서울역,인천공항2터미널
23263,공항철도,,홍대입구,END,DOWN,0,A2003,,05:48:00,서울역,인천공항2터미널
23264,공항철도,,디지털미디어시티,SAT,DOWN,0,A2003,,05:52:00,서울역,인천공항2터미널
23265,공항철도,,디지털미디어시티,END,DOWN,0,A2003,,05:52:00,서울역,인천공항2터미널
23266,공항철도,,마곡나루,SAT,DOWN,0,A2003,,05:59:00,서울역,인천공항2터미널
23267,공항철도,,마곡나루,END,DOWN,0,A2003,,05:59:00,서울역,인천공항2터미널
23268,공항철도,,김포공항,SAT,DOWN,0,A2003,,06:02:00,서울역,인천공항2터미널
23269,공항철도,,김포공항,END,DOWN,0,A2003,,06:02:00,서울역,인천공항2터미널
23270,공항철도,,계양,SAT,DOWN,0,A2003,,06:09:00,서울역,인천공항2터미널
23271,공항철도,,계양,END,DOWN,0,A2003,,06:09:00,서울역,인천공항2터미널
23272,공항철도,,검암,SAT,DOWN,0,A2003,,06:15:00,서울역,인천공항2터미널
23273,공항철도,,검암,END,DOWN,0,A2003,,06:15:00,서울역,인천공항2터미널
23274,공항철도,,청라국제도시,SAT,DOWN,0,A2003,,06:20:00,서울역,인천공항2터미널
23275,공항철도,,청라국제도시,END,DOWN,0,A2003,,06:20:00,서울역,인천공항2터미널
23276,공항철도,,영종,SAT,DOWN,0,A2003,,06:28:00,서울역,인천공항2터미널
23277,공항철도,,영종,END,DOWN,0,A2003,,06:28:00,서울역,인천공항2터미널
23278,공항철도,,운서,SAT,DOWN,0,A2003,,06:32:00,서울역,인천공항2터미널
23279,공항철도,,운서,END,DOWN,0,A2003,,06:32:00,서울역,인천공항2터미널
23280,공항철도,,공항화물청사,SAT,DOWN,0,A2003,,06:37:00,서울역,인천공항2터미널
23281,공항철도,,공항화물청사,END,DOWN,0,A2003,,06:37:00,서울역,인천공항2터미널
23282,공항철도,,인천공항1터미널,SAT,DOWN,0,A2003,,06:41:00,서울역,인천공항2터미널
23283,공항철도,,인천공항1터미널,END,DOWN,0,A2003,,06:41:00,서울역,인천공항2터미널
23284,공항철도,,인천공항2터미널,DAY,DOWN,0,A2004,,05:20:00,인천공항2터미널,서울역
23285,공항철도,,인천공항1터미널,DAY,DOWN,0,A2004,,05:26:00,인천공항2터미널,서울역
23286,공항철도,,공항화물청사,DAY,DOWN,0,A2004,,05:30:00,인천공항2터미널,서울역
23287,공항철도,,운서,DAY,DOWN,0,A2004,,05:34:00,인천공항2터미널,서울역
23288,공항철도,,영종,DAY,DOWN,0,A2004,,05:38:00,인천공항2터미널,서울역
23289,공항철도,,청라국제도시,DAY,DOWN,0,A2004,,05:47:00,인천공항2터미널,서울역
23290,공항철도,,검암,DAY,DOWN,0,A2004,,05:52:00,인천공항2터미널,서울역
23291,공항철도,,계양,DAY,DOWN,0,A2004,,05:58:00,인천공항2터미널,서울역
23292,공항철도,,김포공항,DAY,DOWN,0,A2004,,06:04:00,인천공항2터미널,서울역
23293,공항철도,,마곡나루,DAY,DOWN,0,A2004,,06:07:00,인천공항2터미널,서울역
23294,공항철도,,디지털미디어시티,DAY,DOWN,0,A2004,,06:15:00,인천공항2터미널,서울역
23295,공항철도,,홍대입구,DAY,DOWN,0,A2004,,06:19:00,인천공항2터미널,서울역
23296,공항철도,,공덕,DAY,DOWN,0,A2004,,06:22:00,인천공항2터미널,서울역
23297,공항철도,,인천공항2터미널,SAT,DOWN,0,A2004,,05:20:00,인천공항2터미널,서울역
23298,공항철도,,인천공항2터미널,END,DOWN,0,A2004,,05:20:00,인천공항2터미널,서울역
23299,공항철도,,인천공항1터미널,SAT,DOWN,0,A2004,,05:26:00,인천공항2터미널,서울역
23300,공항철도,,인천공항1터미널,END,DOWN,0,A2004,,05:26:00,인천공항2터미널,서울역
23301,공항철도,,공항화물청사,SAT,DOWN,0,A2004,,05:30:00,인천공항2터미널,서울역
23302,공항철도,,공항화물청사,END,DOWN,0,A2004,,05:30:00,인천공항2터미널,서울역
23303,공항철도,,운서,SAT,DOWN,0,A2004,,05:34:00,인천공항2터미널,서울역
23304,공항철도,,운서,END,DOWN,0,A2004,,05:34:00,인천공항2터미널,서울역
23305,공항철도,,영종,SAT,DOWN,0,A2004,,05:38:00,인천공항2터미널,서울역
23306,공항철도,,영종,END,DOWN,0,A2004,,05:38:00,인천공항2터미널,서울역
23307,공항철도,,청라국제도시,SAT,DOWN,0,A2004,,05:47:00,인천공항2터미널,서울역
23308,공항철도,,청라국제도시,END,DOWN,0,A2004,,05:47:00,인천공항2터미널,서울역
23309,공항철도,,검암,SAT,DOWN,0,A2004,,05:52:00,인천공항2터미널,서울역
23310,공항철도,,검암,END,DOWN,0,A2004,,05:52:00,인천공항2터미널,서울역
23311,공항철도,,계양,SAT,DOWN,0,A2004,,05:58:00,인천공항2터미널,서울역
23312,공항철도,,계양,END,DOWN,0,A2004,,05:58:00,인천공항2터미널,서울역
23313,공항철도,,김포공항,SAT,DOWN,0,A2004,,06:04:00,인천공항2터미널,서울역
23314,공항철도,,김포공항,END,DOWN,0,A2004,,06:04:00,인천공항2터미널,서울역
23315,공항철도,,마곡나루,SAT,DOWN,0,A2004,,06:07:00,인천공항2터미널,서울역
23316,공항철도,,마곡나루,END,DOWN,0,A2004,,06:07:00,인천공항2터미널,서울역
23317,공항철도,,디지털미디어시티,SAT,DOWN,0,A2004,,06:15:00,인천공항2터미널,서울역
23318,공항철도,,디지털미디어시티,END,DOWN,0,A2004,,06:15:00,인천공항2터미널,서울역
23319,공항철도,,홍대입구,SAT,DOWN,0,A2004,,06:19:00,인천공항2터미널,서울역
23320,공항철도,,홍대입구,END,DOWN,0,A2004,,06:19:00,인천공항2터미널,서울역
23321,공항철도,,공덕,SAT,DOWN,0,A2004,,06:22:00,인천공항2터미널,서울역
23322,공항철도,,공덕,END,DOWN,0,A2004,,06:22:00,인천공항2터미널,서울역
23323,공항철도,,서울역,DAY,DOWN,0,A2005,,05:49:00,서울역,인천공항2터미널
23324,공항철도,,공덕,DAY,DOWN,0,A2005,,05:54:00,서울역,인천공항2터미널
23325,공항철도,,홍대입구,DAY,DOWN,0,A2005,,05:57:00,서울역,인천공항2터미널
23326,공항철도,,디지털미디어시티,DAY,DOWN,0,A2005,,06:01:00,서울역,인천공항2터미널
23327,공항철도,,마곡나루,DAY,DOWN,0,A2005,,06:09:00,서울역,인천공항2터미널
23328,공항철도,,김포공항,DAY,DOWN,0,A2005,,06:12:00,서울역,인천공항2터미널
23329,공항철도,,계양,DAY,DOWN,0,A2005,,06:18:00,서울역,인천공항2터미널
23330,공항철도,,검암,DAY,DOWN,0,A2005,,06:26:00,서울역,인천공항2터미널
23331,공항철도,,청라국제도시,DAY,DOWN,0,A2005,,06:31:00,서울역,인천공항2터미널
23332,공항철도,,영종,DAY,DOWN,0,A2005,,06:39:00,서울역,인천공항2터미널
23333,공항철도,,운서,DAY,DOWN,0,A2005,,06:43:00,서울역,인천공항2터미널
23334,공항철도,,공항화물청사,DAY,DOWN,0,A2005,,06:48:00,서울역,인천공항2터미널
23335,공항철도,,인천공항1터미널,DAY,DOWN,0,A2005,,06:52:00,서울역,인천공항2터미널
23336,공항철도,,서울역,SAT,DOWN,0,A2005,,05:49:00,서울역,인천공항2터미널
23337,공항철도,,서울역,END,DOWN,0,A2005,,05:49:00,서울역,인천공항2터미널
23338,공항철도,,공덕,SAT,DOWN,0,A2005,,05:54:00,서울역,인천공항2터미널
23339,공항철도,,공덕,END,DOWN,0,A2005,,05:54:00,서울역,인천공항2터미널
23340,공항철도,,홍대입구,SAT,DOWN,0,A2005,,05:57:00,서울역,인천공항2터미널
23341,공항철도,,홍대입구,END,DOWN,0,A2005,,05:57:00,서울역,인천공항2터미널
23342,공항철도,,디지털미디어시티,SAT,DOWN,0,A2005,,06:01:00,서울역,인천공항2터미널
23343,공항철도,,디지털미디어시티,END,DOWN,0,A2005,,06:01:00,서울역,인천공항2터미널
23344,공항철도,,마곡나루,SAT,DOWN,0,A2005,,06:09:00,서울역,인천공항2터미널
23345,공항철도,,마곡나루,END,DOWN,0,A2005,,06:09:00,서울역,인천공항2터미널
23346,공항철도,,김포공항,SAT,DOWN,0,A2005,,06:12:00,서울역,인천공항2터미널
23347,공항철도,,김포공항,END,DOWN,0,A2005,,06:12:00,서울역,인천공항2터미널
23348,공항철도,,계양,SAT,DOWN,0,A2005,,06:18:00,서울역,인천공항2터미널
23349,공항철도,,계양,END,DOWN,0,A2005,,06:18:00,서울역,인천공항2터미널
23350,공항철도,,검암,SAT,DOWN,0,A2005,,06:26:00,서울역,인천공항2터미널
23351,공항철도,,검암,END,DOWN,0,A2005,,06:26:00,서울역,인천공항2터미널
23352,공항철도,,청라국제도시,SAT,DOWN,0,A2005,,06:31:00,서울역,인천공항2터미널
23353,공항철도,,청라국제도시,END,DOWN,0,A2005,,06:31:00,서울역,인천공항2터미널
23354,공항철도,,영종,SAT,DOWN,0,A2005,,06:39:00,서울역,인천공항2터미널
23355,공항철도,,영종,END,DOWN,0,A2005,,06:39:00,서울역,인천공항2터미널
23356,공항철도,,운서,SAT,DOWN,0,A2005,,06:43:00,서울역,인천공항2터미널
23357,공항철도,,운서,END,DOWN,0,A2005,,06:43:00,서울역,인천공항2터미널
23358,공항철도,,공항화물청사,SAT,DOWN,0,A2005,,06:48:00,서울역,인천공항2터미널
23359,공항철도,,공항화물청사,END,DOWN,0,A2005,,06:48:00,서울역,인천공항2터미널
23360,공항철도,,인천공항1터미널,SAT,DOWN,0,A2005,,06:52:00,서울역,인천공항2터미널
23361,공항철도,,인천공항1터미널,END,DOWN,0,A2005,,06:52:00,서울역,인천공항2터미널
23362,공항철도,,인천공항2터미널,DAY,DOWN,0,A2006,,05:27:00,인천공항2터미널,서울역
23363,공항철도,,인천공항1터미널,DAY,DOWN,0,A2006,,05:33:00,인천공항2터미널,서울역
23364,공항철도,,공항화물청사,DAY,DOWN,0,A2006,,05:37:00,인천공항2터미널,서울역
23365,공항철도,,운서,DAY,DOWN,0,A2006,,05:41:00,인천공항2터미널,서울역
23366,공항철도,,영종,DAY,DOWN,0,A2006,,05:45:00,인천공항2터미널,서울역
23367,공항철도,,청라국제도시,DAY,DOWN,0,A2006,,05:54:00,인천공항2터미널,서울역
23368,공항철도,,검암,DAY,DOWN,0,A2006,,05:59:00,인천공항2터미널,서울역
23369,공항철도,,계양,DAY,DOWN,0,A2006,,06:05:00,인천공항2터미널,서울역
23370,공항철도,,김포공항,DAY,DOWN,0,A2006,,06:11:00,인천공항2터미널,서울역
23371,공항철도,,마곡나루,DAY,DOWN,0,A2006,,06:14:00,인천공항2터미널,서울역
23372,공항철도,,디지털미디어시티,DAY,DOWN,0,A2006,,06:22:00,인천공항2터미널,서울역
23373,공항철도,,홍대입구,DAY,DOWN,0,A2006,,06:26:00,인천공항2터미널,서울역
23374,공항철도,,공덕,DAY,DOWN,0,A2006,,06:29:00,인천공항2터미널,서울역
23375,공항철도,,인천공항2터미널,SAT,DOWN,0,A2006,,05:27:00,인천공항2터미널,서울역
23376,공항철도,,인천공항2터미널,END,DOWN,0,A2006,,05:27:00,인천공항2터미널,서울역
23377,공항철도,,인천공항1터미널,SAT,DOWN,0,A2006,,05:33:00,인천공항2터미널,서울역
23378,공항철도,,인천공항1터미널,END,DOWN,0,A2006,,05:33:00,인천공항2터미널,서울역
23379,공항철도,,공항화물청사,SAT,DOWN,0,A2006,,05:37:00,인천공항2터미널,서울역
23380,공항철도,,공항화물청사,END,DOWN,0,A2006,,05:37:00,인천공항2터미널,서울역
23381,공항철도,,운서,SAT,DOWN,0,A2006,,05:41:00,인천공항2터미널,서울역
23382,공항철도,,운서,END,DOWN,0,A2006,,05:41:00,인천공항2터미널,서울역
23383,공항철도,,영종,SAT,DOWN,0,A2006,,05:45:00,인천공항2터미널,서울역
23384,공항철도,,영종,END,DOWN,0,A2006,,05:45:00,인천공항2터미널,서울역
23385,공항철도,,청라국제도시,SAT,DOWN,0,A2006,,05:54:00,인천공항2터미널,서울역
23386,공항철도,,청라국제도시,END,DOWN,0,A2006,,05:54:00,인천공항2터미널,서울역
23387,공항철도,,검암,SAT,DOWN,0,A2006,,05:59:00,인천공항2터미널,서울역
23388,공항철도,,검암,END,DOWN,0,A2006,,05:59:00,인천공항2터미널,서울역
23389,공항철도,,계양,SAT,DOWN,0,A2006,,06:05:00,인천공항2터미널,서울역
23390,공항철도,,계양,END,DOWN,0,A2006,,06:05:00,인천공항2터미널,서울역
23391,공항철도,,김포공항,SAT,DOWN,0,A2006,,06:11:00,인천공항2터미널,서울역
23392,공항철도,,김포공항,END,DOWN,0,A2006,,06:11:00,인천공항2터미널,서울역
23393,공항철도,,마곡나루,SAT,DOWN,0,A2006,,06:14:00,인천공항2터미널,서울역
23394,공항철도,,마곡나루,END,DOWN,0,A2006,,06:14:00,인천공항2터미널,서울역
23395,공항철도,,디지털미디어시티,SAT,DOWN,0,A2006,,06:22:00,인천공항2터미널,서울역
23396,공항철도,,디지털미디어시티,END,DOWN,0,A2006,,06:22:00,인천공항2터미널,서울역
23397,공항철도,,홍대입구,SAT,DOWN,0,A2006,,06:26:00,인천공항2터미널,서울역
23398,공항철도,,홍대입구,END,DOWN,0,A2006,,06:26:00,인천공항2터미널,서울역
23399,공항철도,,공덕,SAT,DOWN,0,A2006,,06:29:00,인천공항2터미널,서울역
23400,공항철도,,공덕,END,DOWN,0,A2006,,06:29:00,인천공항2터미널,서울역
23401,공항철도,,서울역,DAY,DOWN,0,A2007,,06:02:00,서울역,인천공항2터미널
23402,공항철도,,공덕,DAY,DOWN,0,A2007,,06:06:00,서울역,인천공항2터미널
23403,공항철도,,홍대입구,DAY,DOWN,0,A2007,,06:10:00,서울역,인천공항2터미널
23404,공항철도,,디지털미디어시티,DAY,DOWN,0,A2007,,06:14:00,서울역,인천공항2터미널
23405,공항철도,,마곡나루,DAY,DOWN,0,A2007,,06:21:00,서울역,인천공항2터미널
23406,공항철도,,김포공항,DAY,DOWN,0,A2007,,06:24:00,서울역,인천공항2터미널
23407,공항철도,,계양,DAY,DOWN,0,A2007,,06:31:00,서울역,인천공항2터미널
23408,공항철도,,검암,DAY,DOWN,0,A2007,,06:37:00,서울역,인천공항2터미널
23409,공항철도,,청라국제도시,DAY,DOWN,0,A2007,,06:42:00,서울역,인천공항2터미널
23410,공항철도,,영종,DAY,DOWN,0,A2007,,06:50:00,서울역,인천공항2터미널
23411,공항철도,,운서,DAY,DOWN,0,A2007,,06:54:00,서울역,인천공항2터미널
23412,공항철도,,공항화물청사,DAY,DOWN,0,A2007,,06:59:00,서울역,인천공항2터미널
23413,공항철도,,인천공항1터미널,DAY,DOWN,0,A2007,,07:03:00,서울역,인천공항2터미널
23414,공항철도,,서울역,SAT,DOWN,0,A2007,,06:02:00,서울역,인천공항2터미널
23415,공항철도,,서울역,END,DOWN,0,A2007,,06:02:00,서울역,인천공항2터미널
23416,공항철도,,공덕,SAT,DOWN,0,A2007,,06:06:00,서울역,인천공항2터미널
23417,공항철도,,공덕,END,DOWN,0,A2007,,06:06:00,서울역,인천공항2터미널
23418,공항철도,,홍대입구,SAT,DOWN,0,A2007,,06:10:00,서울역,인천공항2터미널
23419,공항철도,,홍대입구,END,DOWN,0,A2007,,06:10:00,서울역,인천공항2터미널
23420,공항철도,,디지털미디어시티,SAT,DOWN,0,A2007,,06:14:00,서울역,인천공항2터미널
23421,공항철도,,디지털미디어시티,END,DOWN,0,A2007,,06:14:00,서울역,인천공항2터미널
23422,공항철도,,마곡나루,SAT,DOWN,0,A2007,,06:21:00,서울역,인천공항2터미널
23423,공항철도,,마곡나루,END,DOWN,0,A2007,,06:21:00,서울역,인천공항2터미널
23424,공항철도,,김포공항,SAT,DOWN,0,A2007,,06:24:00,서울역,인천공항2터미널
23425,공항철도,,김포공항,END,DOWN,0,A2007,,06:24:00,서울역,인천공항2터미널
23426,공항철도,,계양,SAT,DOWN,0,A2007,,06:31:00,서울역,인천공항2터미널
23427,공항철도,,계양,END,DOWN,0,A2007,,06:31:00,서울역,인천공항2터미널
23428,공항철도,,검암,SAT,DOWN,0,A2007,,06:37:00,서울역,인천공항2터미널
23429,공항철도,,검암,END,DOWN,0,A2007,,06:37:00,서울역,인천공항2터미널
23430,공항철도,,청라국제도시,SAT,DOWN,0,A2007,,06:42:00,서울역,인천공항2터미널
23431,공항철도,,청라국제도시,END,DOWN,0,A2007,,06:42:00,서울역,인천공항2터미널
23432,공항철도,,영종,SAT,DOWN,0,A2007,,06:50:00,서울역,인천공항2터미널
23433,공항철도,,영종,END,DOWN,0,A2007,,06:50:00,서울역,인천공항2터미널
23434,공항철도,,운서,SAT,DOWN,0,A2007,,06:54:00,서울역,인천공항2터미널
23435,공항철도,,운서,END,DOWN,0,A2007,,06:54:00,서울역,인천공항2터미널
23436,공항철도,,공항화물청사,SAT,DOWN,0,A2007,,06:59:00,서울역,인천공항2터미널
23437,공항철도,,공항화물청사,END,DOWN,0,A2007,,06:59:00,서울역,인천공항2터미널
23438,공항철도,,인천공항1터미널,SAT,DOWN,0,A2007,,07:03:00,서울역,인천공항2터미널
23439,공항철도,,인천공항1터미널,END,DOWN,0,A2007,,07:03:00,서울역,인천공항2터미널
23440,공항철도,,인천공항2터미널,DAY,DOWN,0,A2008,,05:33:00,인천공항2터미널,서울역
23441,공항철도,,인천공항1터미널,DAY,DOWN,0,A2008,,05:39:00,인천공항2터미널,서울역
23442,공항철도,,공항화물청사,DAY,DOWN,0,A2008,,05:43:00,인천공항2터미널,서울역
23443,공항철도,,운서,DAY,DOWN,0,A2008,,05:47:00,인천공항2터미널,서울역
23444,공항철도,,영종,DAY,DOWN,0,A2008,,05:51:00,인천공항2터미널,서울역
23445,공항철도,,청라국제도시,DAY,DOWN,0,A2008,,06:00:00,인천공항2터미널,서울역
23446,공항철도,,검암,DAY,DOWN,0,A2008,,06:05:00,인천공항2터미널,서울역
23447,공항철도,,계양,DAY,DOWN,0,A2008,,06:11:00,인천공항2터미널,서울역
23448,공항철도,,김포공항,DAY,DOWN,0,A2008,,06:17:00,인천공항2터미널,서울역
23449,공항철도,,마곡나루,DAY,DOWN,0,A2008,,06:20:00,인천공항2터미널,서울역
23450,공항철도,,디지털미디어시티,DAY,DOWN,0,A2008,,06:28:00,인천공항2터미널,서울역
23451,공항철도,,홍대입구,DAY,DOWN,0,A2008,,06:32:00,인천공항2터미널,서울역
23452,공항철도,,공덕,DAY,DOWN,0,A2008,,06:35:00,인천공항2터미널,서울역
23453,공항철도,,인천공항2터미널,SAT,DOWN,0,A2008,,05:34:00,인천공항2터미널,서울역
23454,공항철도,,인천공항2터미널,END,DOWN,0,A2008,,05:34:00,인천공항2터미널,서울역
23455,공항철도,,인천공항1터미널,SAT,DOWN,0,A2008,,05:40:00,인천공항2터미널,서울역
23456,공항철도,,인천공항1터미널,END,DOWN,0,A2008,,05:40:00,인천공항2터미널,서울역
23457,공항철도,,공항화물청사,SAT,DOWN,0,A2008,,05:44:00,인천공항2터미널,서울역
23458,공항철도,,공항화물청사,END,DOWN,0,A2008,,05:44:00,인천공항2터미널,서울역
23459,공항철도,,운서,SAT,DOWN,0,A2008,,05:48:00,인천공항2터미널,서울역
23460,공항철도,,운서,END,DOWN,0,A2008,,05:48:00,인천공항2터미널,서울역
23461,공항철도,,영종,SAT,DOWN,0,A2008,,05:52:00,인천공항2터미널,서울역
23462,공항철도,,영종,END,DOWN,0,A2008,,05:52:00,인천공항2터미널,서울역
23463,공항철도,,청라국제도시,SAT,DOWN,0,A2008,,06:01:00,인천공항2터미널,서울역
23464,공항철도,,청라국제도시,END,DOWN,0,A2008,,06:01:00,인천공항2터미널,서울역
23465,공항철도,,검암,SAT,DOWN,0,A2008,,06:06:00,인천공항2터미널,서울역
23466,공항철도,,검암,END,DOWN,0,A2008,,06:06:00,인천공항2터미널,서울역
23467,공항철도,,계양,SAT,DOWN,0,A2008,,06:12:00,인천공항2터미널,서울역
23468,공항철도,,계양,END,DOWN,0,A2008,,06:12:00,인천공항2터미널,서울역
23469,공항철도,,김포공항,SAT,DOWN,0,A2008,,06:18:00,인천공항2터미널,서울역
23470,공항철도,,김포공항,END,DOWN,0,A2008,,06:18:00,인천공항2터미널,서울역
23471,공항철도,,마곡나루,SAT,DOWN,0,A2008,,06:21:00,인천공항2터미널,서울역
23472,공항철도,,마곡나루,END,DOWN,0,A2008,,06:21:00,인천공항2터미널,서울역
23473,공항철도,,디지털미디어시티,SAT,DOWN,0,A2008,,06:29:00,인천공항2터미널,서울역
23474,공항철도,,디지털미디어시티,END,DOWN,0,A2008,,06:29:00,인천공항2터미널,서울역
23475,공항철도,,홍대입구,SAT,DOWN,0,A2008,,06:33:00,인천공항2터미널,서울역
23476,공항철도,,홍대입구,END,DOWN,0,A2008,,06:33:00,인천공항2터미널,서울역
23477,공항철도,,공덕,SAT,DOWN,0,A2008,,06:36:00,인천공항2터미널,서울역
23478,공항철도,,공덕,END,DOWN,0,A2008,,06:36:00,인천공항2터미널,서울역
23479,공항철도,,서울역,DAY,DOWN,0,A2009,,06:11:00,서울역,인천공항2터미널
23480,공항철도,,공덕,DAY,DOWN,0,A2009,,06:16:00,서울역,인천공항2터미널
23481,공항철도,,홍대입구,DAY,DOWN,0,A2009,,06:19:00,서울역,인천공항2터미널
23482,공항철도,,디지털미디어시티,DAY,DOWN,0,A2009,,06:23:00,서울역,인천공항2터미널
23483,공항철도,,마곡나루,DAY,DOWN,0,A2009,,06:31:00,서울역,인천공항2터미널
23484,공항철도,,김포공항,DAY,DOWN,0,A2009,,06:34:00,서울역,인천공항2터미널
23485,공항철도,,계양,DAY,DOWN,0,A2009,,06:40:00,서울역,인천공항2터미널
23486,공항철도,,검암,DAY,DOWN,0,A2009,,06:46:00,서울역,인천공항2터미널
23487,공항철도,,청라국제도시,DAY,DOWN,0,A2009,,06:51:00,서울역,인천공항2터미널
23488,공항철도,,영종,DAY,DOWN,0,A2009,,07:00:00,서울역,인천공항2터미널
23489,공항철도,,운서,DAY,DOWN,0,A2009,,07:04:00,서울역,인천공항2터미널
23490,공항철도,,공항화물청사,DAY,DOWN,0,A2009,,07:08:00,서울역,인천공항2터미널
23491,공항철도,,인천공항1터미널,DAY,DOWN,0,A2009,,07:12:00,서울역,인천공항2터미널
23492,공항철도,,서울역,SAT,DOWN,0,A2009,,06:13:00,서울역,인천공항2터미널
23493,공항철도,,서울역,END,DOWN,0,A2009,,06:13:00,서울역,인천공항2터미널
23494,공항철도,,공덕,SAT,DOWN,0,A2009,,06:17:00,서울역,인천공항2터미널
23495,공항철도,,공덕,END,DOWN,0,A2009,,06:17:00,서울역,인천공항2터미널
23496,공항철도,,홍대입구,SAT,DOWN,0,A2009,,06:21:00,서울역,인천공항2터미널
23497,공항철도,,홍대입구,END,DOWN,0,A2009,,06:21:00,서울역,인천공항2터미널
23498,공항철도,,디지털미디어시티,SAT,DOWN,0,A2009,,06:25:00,서울역,인천공항2터미널
23499,공항철도,,디지털미디어시티,END,DOWN,0,A2009,,06:25:00,서울역,인천공항2터미널
23500,공항철도,,마곡나루,SAT,DOWN,0,A2009,,06:32:00,서울역,인천공항2터미널
23501,공항철도,,마곡나루,END,DOWN,0,A2009,,06:32:00,서울역,인천공항2터미널
23502,공항철도,,김포공항,SAT,DOWN,0,A2009,,06:35:00,서울역,인천공항2터미널
23503,공항철도,,김포공항,END,DOWN,0,A2009,,06:35:00,서울역,인천공항2터미널
23504,공항철도,,계양,SAT,DOWN,0,A2009,,06:42:00,서울역,인천공항2터미널
23505,공항철도,,계양,END,DOWN,0,A2009,,06:42:00,서울역,인천공항2터미널
23506,공항철도,,검암,SAT,DOWN,0,A2009,,06:48:00,서울역,인천공항2터미널
23507,공항철도,,검암,END,DOWN,0,A2009,,06:48:00,서울역,인천공항2터미널
23508,공항철도,,청라국제도시,SAT,DOWN,0,A2009,,06:53:00,서울역,인천공항2터미널
23509,공항철도,,청라국제도시,END,DOWN,0,A2009,,06:53:00,서울역,인천공항2터미널
23510,공항철도,,영종,SAT,DOWN,0,A2009,,07:01:00,서울역,인천공항2터미널
23511,공항철도,,영종,END,DOWN,0,A2009,,07:01:00,서울역,인천공항2터미널
23512,공항철도,,운서,SAT,DOWN,0,A2009,,07:05:00,서울역,인천공항2터미널
23513,공항철도,,운서,END,DOWN,0,A2009,,07:05:00,서울역,인천공항2터미널
23514,공항철도,,공항화물청사,SAT,DOWN,0,A2009,,07:10:00,서울역,인천공항2터미널
23515,공항철도,,공항화물청사,END,DOWN,0,A2009,,07:10:00,서울역,인천공항2터미널
23516,공항철도,,인천공항1터미널,SAT,DOWN,0,A2009,,07:14:00,서울역,인천공항2터미널
23517,공항철도,,인천공항1터미널,END,DOWN,0,A2009,,07:14:00,서울역,인천공항2터미널
23518,공항철도,,인천공항2터미널,DAY,DOWN,0,A2010,,05:38:00,인천공항2터미널,서울역
23519,공항철도,,인천공항1터미널,DAY,DOWN,0,A2010,,05:44:00,인천공항2터미널,서울역
23520,공항철도,,공항화물청사,DAY,DOWN,0,A2010,,05:48:00,인천공항2터미널,서울역
23521,공항철도,,운서,DAY,DOWN,0,A2010,,05:52:00,인천공항2터미널,서울역
23522,공항철도,,영종,DAY,DOWN,0,A2010,,05:56:00,인천공항2터미널,서울역
23523,공항철도,,청라국제도시,DAY,DOWN,0,A2010,,06:05:00,인천공항2터미널,서울역
23524,공항철도,,검암,DAY,DOWN,0,A2010,,06:10:00,인천공항2터미널,서울역
23525,공항철도,,계양,DAY,DOWN,0,A2010,,06:16:00,인천공항2터미널,서울역
23526,공항철도,,김포공항,DAY,DOWN,0,A2010,,06:22:00,인천공항2터미널,서울역
23527,공항철도,,마곡나루,DAY,DOWN,0,A2010,,06:25:00,인천공항2터미널,서울역
23528,공항철도,,디지털미디어시티,DAY,DOWN,0,A2010,,06:33:00,인천공항2터미널,서울역
23529,공항철도,,홍대입구,DAY,DOWN,0,A2010,,06:37:00,인천공항2터미널,서울역
23530,공항철도,,공덕,DAY,DOWN,0,A2010,,06:40:00,인천공항2터미널,서울역
23531,공항철도,,인천공항2터미널,SAT,DOWN,0,A2010,,05:41:00,인천공항2터미널,서울역
23532,공항철도,,인천공항2터미널,END,DOWN,0,A2010,,05:41:00,인천공항2터미널,서울역
23533,공항철도,,인천공항1터미널,SAT,DOWN,0,A2010,,05:47:00,인천공항2터미널,서울역
23534,공항철도,,인천공항1터미널,END,DOWN,0,A2010,,05:47:00,인천공항2터미널,서울역
23535,공항철도,,공항화물청사,SAT,DOWN,0,A2010,,05:51:00,인천공항2터미널,서울역
23536,공항철도,,공항화물청사,END,DOWN,0,A2010,,05:51:00,인천공항2터미널,서울역
23537,공항철도,,운서,SAT,DOWN,0,A2010,,05:55:00,인천공항2터미널,서울역
23538,공항철도,,운서,END,DOWN,0,A2010,,05:55:00,인천공항2터미널,서울역
23539,공항철도,,영종,SAT,DOWN,0,A2010,,05:59:00,인천공항2터미널,서울역
23540,공항철도,,영종,END,DOWN,0,A2010,,05:59:00,인천공항2터미널,서울역
23541,공항철도,,청라국제도시,SAT,DOWN,0,A2010,,06:08:00,인천공항2터미널,서울역
23542,공항철도,,청라국제도시,END,DOWN,0,A2010,,06:08:00,인천공항2터미널,서울역
23543,공항철도,,검암,SAT,DOWN,0,A2010,,06:13:00,인천공항2터미널,서울역
23544,공항철도,,검암,END,DOWN,0,A2010,,06:13:00,인천공항2터미널,서울역
23545,공항철도,,계양,SAT,DOWN,0,A2010,,06:19:00,인천공항2터미널,서울역
23546,공항철도,,계양,END,DOWN,0,A2010,,06:19:00,인천공항2터미널,서울역
23547,공항철도,,김포공항,SAT,DOWN,0,A2010,,06:25:00,인천공항2터미널,서울역
23548,공항철도,,김포공항,END,DOWN,0,A2010,,06:25:00,인천공항2터미널,서울역
23549,공항철도,,마곡나루,SAT,DOWN,0,A2010,,06:28:00,인천공항2터미널,서울역
23550,공항철도,,마곡나루,END,DOWN,0,A2010,,06:28:00,인천공항2터미널,서울역
23551,공항철도,,디지털미디어시티,SAT,DOWN,0,A2010,,06:36:00,인천공항2터미널,서울역
23552,공항철도,,디지털미디어시티,END,DOWN,0,A2010,,06:36:00,인천공항2터미널,서울역
23553,공항철도,,홍대입구,SAT,DOWN,0,A2010,,06:40:00,인천공항2터미널,서울역
23554,공항철도,,홍대입구,END,DOWN,0,A2010,,06:40:00,인천공항2터미널,서울역
23555,공항철도,,공덕,SAT,DOWN,0,A2010,,06:43:00,인천공항2터미널,서울역
23556,공항철도,,공덕,END,DOWN,0,A2010,,06:43:00,인천공항2터미널,서울역
23557,공항철도,,서울역,DAY,DOWN,0,A2011,,06:23:00,서울역,인천공항2터미널
23558,공항철도,,공덕,DAY,DOWN,0,A2011,,06:28:00,서울역,인천공항2터미널
23559,공항철도,,홍대입구,DAY,DOWN,0,A2011,,06:31:00,서울역,인천공항2터미널
23560,공항철도,,디지털미디어시티,DAY,DOWN,0,A2011,,06:35:00,서울역,인천공항2터미널
23561,공항철도,,마곡나루,DAY,DOWN,0,A2011,,06:43:00,서울역,인천공항2터미널
23562,공항철도,,김포공항,DAY,DOWN,0,A2011,,06:46:00,서울역,인천공항2터미널
23563,공항철도,,계양,DAY,DOWN,0,A2011,,06:52:00,서울역,인천공항2터미널
23564,공항철도,,검암,DAY,DOWN,0,A2011,,06:58:00,서울역,인천공항2터미널
23565,공항철도,,청라국제도시,DAY,DOWN,0,A2011,,07:03:00,서울역,인천공항2터미널
23566,공항철도,,영종,DAY,DOWN,0,A2011,,07:12:00,서울역,인천공항2터미널
23567,공항철도,,운서,DAY,DOWN,0,A2011,,07:16:00,서울역,인천공항2터미널
23568,공항철도,,공항화물청사,DAY,DOWN,0,A2011,,07:20:00,서울역,인천공항2터미널
23569,공항철도,,인천공항1터미널,DAY,DOWN,0,A2011,,07:24:00,서울역,인천공항2터미널
23570,공항철도,,서울역,SAT,DOWN,0,A2011,,06:23:00,서울역,인천공항2터미널
23571,공항철도,,서울역,END,DOWN,0,A2011,,06:23:00,서울역,인천공항2터미널
23572,공항철도,,공덕,SAT,DOWN,0,A2011,,06:28:00,서울역,인천공항2터미널
23573,공항철도,,공덕,END,DOWN,0,A2011,,06:28:00,서울역,인천공항2터미널
23574,공항철도,,홍대입구,SAT,DOWN,0,A2011,,06:31:00,서울역,인천공항2터미널
23575,공항철도,,홍대입구,END,DOWN,0,A2011,,06:31:00,서울역,인천공항2터미널
23576,공항철도,,디지털미디어시티,SAT,DOWN,0,A2011,,06:35:00,서울역,인천공항2터미널
23577,공항철도,,디지털미디어시티,END,DOWN,0,A2011,,06:35:00,서울역,인천공항2터미널
23578,공항철도,,마곡나루,SAT,DOWN,0,A2011,,06:43:00,서울역,인천공항2터미널
23579,공항철도,,마곡나루,END,DOWN,0,A2011,,06:43:00,서울역,인천공항2터미널
23580,공항철도,,김포공항,SAT,DOWN,0,A2011,,06:46:00,서울역,인천공항2터미널
23581,공항철도,,김포공항,END,DOWN,0,A2011,,06:46:00,서울역,인천공항2터미널
23582,공항철도,,계양,SAT,DOWN,0,A2011,,06:52:00,서울역,인천공항2터미널
23583,공항철도,,계양,END,DOWN,0,A2011,,06:52:00,서울역,인천공항2터미널
23584,공항철도,,검암,SAT,DOWN,0,A2011,,06:58:00,서울역,인천공항2터미널
23585,공항철도,,검암,END,DOWN,0,A2011,,06:58:00,서울역,인천공항2터미널
23586,공항철도,,청라국제도시,SAT,DOWN,0,A2011,,07:03:00,서울역,인천공항2터미널
23587,공항철도,,청라국제도시,END,DOWN,0,A2011,,07:03:00,서울역,인천공항2터미널
23588,공항철도,,영종,SAT,DOWN,0,A2011,,07:12:00,서울역,인천공항2터미널
23589,공항철도,,영종,END,DOWN,0,A2011,,07:12:00,서울역,인천공항2터미널
23590,공항철도,,운서,SAT,DOWN,0,A2011,,07:16:00,서울역,인천공항2터미널
23591,공항철도,,운서,END,DOWN,0,A2011,,07:16:00,서울역,인천공항2터미널
23592,공항철도,,공항화물청사,SAT,DOWN,0,A2011,,07:20:00,서울역,인천공항2터미널
23593,공항철도,,공항화물청사,END,DOWN,0,A2011,,07:20:00,서울역,인천공항2터미널
23594,공항철도,,인천공항1터미널,SAT,DOWN,0,A2011,,07:24:00,서울역,인천공항2터미널
23595,공항철도,,인천공항1터미널,END,DOWN,0,A2011,,07:24:00,서울역,인천공항2터미널
23596,공항철도,,인천공항2터미널,DAY,DOWN,0,A2012,,05:42:00,인천공항2터미널,서울역
23597,공항철도,,인천공항1터미널,DAY,DOWN,0,A2012,,05:49:00,인천공항2터미널,서울역
23598,공항철도,,공항화물청사,DAY,DOWN,0,A2012,,05:52:00,인천공항2터미널,서울역
23599,공항철도,,운서,DAY,DOWN,0,A2012,,05:57:00,인천공항2터미널,서울역
23600,공항철도,,영종,DAY,DOWN,0,A2012,,06:01:00,인천공항2터미널,서울역
23601,공항철도,,청라국제도시,DAY,DOWN,0,A2012,,06:09:00,인천공항2터미널,서울역
23602,공항철도,,검암,DAY,DOWN,0,A2012,,06:14:00,인천공항2터미널,서울역
23603,공항철도,,계양,DAY,DOWN,0,A2012,,06:20:00,인천공항2터미널,서울역
23604,공항철도,,김포공항,DAY,DOWN,0,A2012,,06:27:00,인천공항2터미널,서울역
23605,공항철도,,마곡나루,DAY,DOWN,0,A2012,,06:30:00,인천공항2터미널,서울역
23606,공항철도,,디지털미디어시티,DAY,DOWN,0,A2012,,06:37:00,인천공항2터미널,서울역
23607,공항철도,,홍대입구,DAY,DOWN,0,A2012,,06:41:00,인천공항2터미널,서울역
23608,공항철도,,공덕,DAY,DOWN,0,A2012,,06:45:00,인천공항2터미널,서울역
23609,공항철도,,인천공항2터미널,SAT,DOWN,0,A2012,,05:47:00,인천공항2터미널,서울역
23610,공항철도,,인천공항2터미널,END,DOWN,0,A2012,,05:47:00,인천공항2터미널,서울역
23611,공항철도,,인천공항1터미널,SAT,DOWN,0,A2012,,05:53:00,인천공항2터미널,서울역
23612,공항철도,,인천공항1터미널,END,DOWN,0,A2012,,05:53:00,인천공항2터미널,서울역
23613,공항철도,,공항화물청사,SAT,DOWN,0,A2012,,05:57:00,인천공항2터미널,서울역
23614,공항철도,,공항화물청사,END,DOWN,0,A2012,,05:57:00,인천공항2터미널,서울역
23615,공항철도,,운서,SAT,DOWN,0,A2012,,06:01:00,인천공항2터미널,서울역
23616,공항철도,,운서,END,DOWN,0,A2012,,06:01:00,인천공항2터미널,서울역
23617,공항철도,,영종,SAT,DOWN,0,A2012,,06:05:00,인천공항2터미널,서울역
23618,공항철도,,영종,END,DOWN,0,A2012,,06:05:00,인천공항2터미널,서울역
23619,공항철도,,청라국제도시,SAT,DOWN,0,A2012,,06:14:00,인천공항2터미널,서울역
23620,공항철도,,청라국제도시,END,DOWN,0,A2012,,06:14:00,인천공항2터미널,서울역
23621,공항철도,,검암,SAT,DOWN,0,A2012,,06:19:00,인천공항2터미널,서울역
23622,공항철도,,검암,END,DOWN,0,A2012,,06:19:00,인천공항2터미널,서울역
23623,공항철도,,계양,SAT,DOWN,0,A2012,,06:25:00,인천공항2터미널,서울역
23624,공항철도,,계양,END,DOWN,0,A2012,,06:25:00,인천공항2터미널,서울역
23625,공항철도,,김포공항,SAT,DOWN,0,A2012,,06:31:00,인천공항2터미널,서울역
23626,공항철도,,김포공항,END,DOWN,0,A2012,,06:31:00,인천공항2터미널,서울역
23627,공항철도,,마곡나루,SAT,DOWN,0,A2012,,06:34:00,인천공항2터미널,서울역
23628,공항철도,,마곡나루,END,DOWN,0,A2012,,06:34:00,인천공항2터미널,서울역
23629,공항철도,,디지털미디어시티,SAT,DOWN,0,A2012,,06:43:00,인천공항2터미널,서울역
23630,공항철도,,디지털미디어시티,END,DOWN,0,A2012,,06:43:00,인천공항2터미널,서울역
23631,공항철도,,홍대입구,SAT,DOWN,0,A2012,,06:47:00,인천공항2터미널,서울역
23632,공항철도,,홍대입구,END,DOWN,0,A2012,,06:47:00,인천공항2터미널,서울역
23633,공항철도,,공덕,SAT,DOWN,0,A2012,,06:51:00,인천공항2터미널,서울역
23634,공항철도,,공덕,END,DOWN,0,A2012,,06:51:00,인천공항2터미널,서울역
23635,공항철도,,서울역,DAY,DOWN,0,A2013,,06:34:00,서울역,인천공항2터미널
23636,공항철도,,공덕,DAY,DOWN,0,A2013,,06:38:00,서울역,인천공항2터미널
23637,공항철도,,홍대입구,DAY,DOWN,0,A2013,,06:42:00,서울역,인천공항2터미널
23638,공항철도,,디지털미디어시티,DAY,DOWN,0,A2013,,06:46:00,서울역,인천공항2터미널
23639,공항철도,,마곡나루,DAY,DOWN,0,A2013,,06:53:00,서울역,인천공항2터미널
23640,공항철도,,김포공항,DAY,DOWN,0,A2013,,06:56:00,서울역,인천공항2터미널
23641,공항철도,,계양,DAY,DOWN,0,A2013,,07:03:00,서울역,인천공항2터미널
23642,공항철도,,검암,DAY,DOWN,0,A2013,,07:10:00,서울역,인천공항2터미널
23643,공항철도,,청라국제도시,DAY,DOWN,0,A2013,,07:15:00,서울역,인천공항2터미널
23644,공항철도,,영종,DAY,DOWN,0,A2013,,07:24:00,서울역,인천공항2터미널
23645,공항철도,,운서,DAY,DOWN,0,A2013,,07:28:00,서울역,인천공항2터미널
23646,공항철도,,공항화물청사,DAY,DOWN,0,A2013,,07:32:00,서울역,인천공항2터미널
23647,공항철도,,인천공항1터미널,DAY,DOWN,0,A2013,,07:36:00,서울역,인천공항2터미널
23648,공항철도,,서울역,SAT,DOWN,0,A2013,,06:34:00,서울역,인천공항2터미널
23649,공항철도,,서울역,END,DOWN,0,A2013,,06:34:00,서울역,인천공항2터미널
23650,공항철도,,공덕,SAT,DOWN,0,A2013,,06:38:00,서울역,인천공항2터미널
23651,공항철도,,공덕,END,DOWN,0,A2013,,06:38:00,서울역,인천공항2터미널
23652,공항철도,,홍대입구,SAT,DOWN,0,A2013,,06:42:00,서울역,인천공항2터미널
23653,공항철도,,홍대입구,END,DOWN,0,A2013,,06:42:00,서울역,인천공항2터미널
23654,공항철도,,디지털미디어시티,SAT,DOWN,0,A2013,,06:46:00,서울역,인천공항2터미널
23655,공항철도,,디지털미디어시티,END,DOWN,0,A2013,,06:46:00,서울역,인천공항2터미널
23656,공항철도,,마곡나루,SAT,DOWN,0,A2013,,06:53:00,서울역,인천공항2터미널
23657,공항철도,,마곡나루,END,DOWN,0,A2013,,06:53:00,서울역,인천공항2터미널
23658,공항철도,,김포공항,SAT,DOWN,0,A2013,,06:56:00,서울역,인천공항2터미널
23659,공항철도,,김포공항,END,DOWN,0,A2013,,06:56:00,서울역,인천공항2터미널
23660,공항철도,,계양,SAT,DOWN,0,A2013,,07:03:00,서울역,인천공항2터미널
23661,공항철도,,계양,END,DOWN,0,A2013,,07:03:00,서울역,인천공항2터미널
23662,공항철도,,검암,SAT,DOWN,0,A2013,,07:10:00,서울역,인천공항2터미널
23663,공항철도,,검암,END,DOWN,0,A2013,,07:10:00,서울역,인천공항2터미널
23664,공항철도,,청라국제도시,SAT,DOWN,0,A2013,,07:15:00,서울역,인천공항2터미널
23665,공항철도,,청라국제도시,END,DOWN,0,A2013,,07:15:00,서울역,인천공항2터미널
23666,공항철도,,영종,SAT,DOWN,0,A2013,,07:24:00,서울역,인천공항2터미널
23667,공항철도,,영종,END,DOWN,0,A2013,,07:24:00,서울역,인천공항2터미널
23668,공항철도,,운서,SAT,DOWN,0,A2013,,07:28:00,서울역,인천공항2터미널
23669,공항철도,,운서,END,DOWN,0,A2013,,07:28:00,서울역,인천공항2터미널
23670,공항철도,,공항화물청사,SAT,DOWN,0,A2013,,07:32:00,서울역,인천공항2터미널
23671,공항철도,,공항화물청사,END,DOWN,0,A2013,,07:32:00,서울역,인천공항2터미널
23672,공항철도,,인천공항1터미널,SAT,DOWN,0,A2013,,07:36:00,서울역,인천공항2터미널
23673,공항철도,,인천공항1터미널,END,DOWN,0,A2013,,07:36:00,서울역,인천공항2터미널
23674,공항철도,,인천공항2터미널,DAY,DOWN,0,A2014,,05:47:00,인천공항2터미널,서울역
23675,공항철도,,인천공항1터미널,DAY,DOWN,0,A2014,,05:54:00,인천공항2터미널,서울역
23676,공항철도,,공항화물청사,DAY,DOWN,0,A2014,,05:57:00,인천공항2터미널,서울역
23677,공항철도,,운서,DAY,DOWN,0,A2014,,06:02:00,인천공항2터미널,서울역
23678,공항철도,,영종,DAY,DOWN,0,A2014,,06:06:00,인천공항2터미널,서울역
23679,공항철도,,청라국제도시,DAY,DOWN,0,A2014,,06:14:00,인천공항2터미널,서울역
23680,공항철도,,검암,DAY,DOWN,0,A2014,,06:19:00,인천공항2터미널,서울역
23681,공항철도,,계양,DAY,DOWN,0,A2014,,06:25:00,인천공항2터미널,서울역
23682,공항철도,,김포공항,DAY,DOWN,0,A2014,,06:32:00,인천공항2터미널,서울역
23683,공항철도,,마곡나루,DAY,DOWN,0,A2014,,06:35:00,인천공항2터미널,서울역
23684,공항철도,,디지털미디어시티,DAY,DOWN,0,A2014,,06:44:00,인천공항2터미널,서울역
23685,공항철도,,홍대입구,DAY,DOWN,0,A2014,,06:48:00,인천공항2터미널,서울역
23686,공항철도,,공덕,DAY,DOWN,0,A2014,,06:51:00,인천공항2터미널,서울역
23687,공항철도,,인천공항2터미널,SAT,DOWN,0,A2014,,05:53:00,인천공항2터미널,서울역
23688,공항철도,,인천공항2터미널,END,DOWN,0,A2014,,05:53:00,인천공항2터미널,서울역
23689,공항철도,,인천공항1터미널,SAT,DOWN,0,A2014,,05:59:00,인천공항2터미널,서울역
23690,공항철도,,인천공항1터미널,END,DOWN,0,A2014,,05:59:00,인천공항2터미널,서울역
23691,공항철도,,공항화물청사,SAT,DOWN,0,A2014,,06:03:00,인천공항2터미널,서울역
23692,공항철도,,공항화물청사,END,DOWN,0,A2014,,06:03:00,인천공항2터미널,서울역
23693,공항철도,,운서,SAT,DOWN,0,A2014,,06:07:00,인천공항2터미널,서울역
23694,공항철도,,운서,END,DOWN,0,A2014,,06:07:00,인천공항2터미널,서울역
23695,공항철도,,영종,SAT,DOWN,0,A2014,,06:11:00,인천공항2터미널,서울역
23696,공항철도,,영종,END,DOWN,0,A2014,,06:11:00,인천공항2터미널,서울역
23697,공항철도,,청라국제도시,SAT,DOWN,0,A2014,,06:20:00,인천공항2터미널,서울역
23698,공항철도,,청라국제도시,END,DOWN,0,A2014,,06:20:00,인천공항2터미널,서울역
23699,공항철도,,검암,SAT,DOWN,0,A2014,,06:26:00,인천공항2터미널,서울역
23700,공항철도,,검암,END,DOWN,0,A2014,,06:26:00,인천공항2터미널,서울역
23701,공항철도,,계양,SAT,DOWN,0,A2014,,06:32:00,인천공항2터미널,서울역
23702,공항철도,,계양,END,DOWN,0,A2014,,06:32:00,인천공항2터미널,서울역
23703,공항철도,,김포공항,SAT,DOWN,0,A2014,,06:39:00,인천공항2터미널,서울역
23704,공항철도,,김포공항,END,DOWN,0,A2014,,06:39:00,인천공항2터미널,서울역
23705,공항철도,,마곡나루,SAT,DOWN,0,A2014,,06:42:00,인천공항2터미널,서울역
23706,공항철도,,마곡나루,END,DOWN,0,A2014,,06:42:00,인천공항2터미널,서울역
23707,공항철도,,디지털미디어시티,SAT,DOWN,0,A2014,,06:49:00,인천공항2터미널,서울역
23708,공항철도,,디지털미디어시티,END,DOWN,0,A2014,,06:49:00,인천공항2터미널,서울역
23709,공항철도,,홍대입구,SAT,DOWN,0,A2014,,06:53:00,인천공항2터미널,서울역
23710,공항철도,,홍대입구,END,DOWN,0,A2014,,06:53:00,인천공항2터미널,서울역
23711,공항철도,,공덕,SAT,DOWN,0,A2014,,06:57:00,인천공항2터미널,서울역
23712,공항철도,,공덕,END,DOWN,0,A2014,,06:57:00,인천공항2터미널,서울역
23713,공항철도,,서울역,DAY,DOWN,0,A2015,,06:41:00,서울역,인천공항2터미널
23714,공항철도,,공덕,DAY,DOWN,0,A2015,,06:45:00,서울역,인천공항2터미널
23715,공항철도,,홍대입구,DAY,DOWN,0,A2015,,06:49:00,서울역,인천공항2터미널
23716,공항철도,,디지털미디어시티,DAY,DOWN,0,A2015,,06:54:00,서울역,인천공항2터미널
23717,공항철도,,마곡나루,DAY,DOWN,0,A2015,,07:02:00,서울역,인천공항2터미널
23718,공항철도,,김포공항,DAY,DOWN,0,A2015,,07:05:00,서울역,인천공항2터미널
23719,공항철도,,계양,DAY,DOWN,0,A2015,,07:11:00,서울역,인천공항2터미널
23720,공항철도,,검암,DAY,DOWN,0,A2015,,07:17:00,서울역,인천공항2터미널
23721,공항철도,,청라국제도시,DAY,DOWN,0,A2015,,07:22:00,서울역,인천공항2터미널
23722,공항철도,,영종,DAY,DOWN,0,A2015,,07:31:00,서울역,인천공항2터미널
23723,공항철도,,운서,DAY,DOWN,0,A2015,,07:35:00,서울역,인천공항2터미널
23724,공항철도,,공항화물청사,DAY,DOWN,0,A2015,,07:39:00,서울역,인천공항2터미널
23725,공항철도,,인천공항1터미널,DAY,DOWN,0,A2015,,07:43:00,서울역,인천공항2터미널
23726,공항철도,,서울역,SAT,DOWN,0,A2015,,06:41:00,서울역,인천공항2터미널
23727,공항철도,,서울역,END,DOWN,0,A2015,,06:41:00,서울역,인천공항2터미널
23728,공항철도,,공덕,SAT,DOWN,0,A2015,,06:45:00,서울역,인천공항2터미널
23729,공항철도,,공덕,END,DOWN,0,A2015,,06:45:00,서울역,인천공항2터미널
23730,공항철도,,홍대입구,SAT,DOWN,0,A2015,,06:49:00,서울역,인천공항2터미널
23731,공항철도,,홍대입구,END,DOWN,0,A2015,,06:49:00,서울역,인천공항2터미널
23732,공항철도,,디지털미디어시티,SAT,DOWN,0,A2015,,06:54:00,서울역,인천공항2터미널
23733,공항철도,,디지털미디어시티,END,DOWN,0,A2015,,06:54:00,서울역,인천공항2터미널
23734,공항철도,,마곡나루,SAT,DOWN,0,A2015,,07:02:00,서울역,인천공항2터미널
23735,공항철도,,마곡나루,END,DOWN,0,A2015,,07:02:00,서울역,인천공항2터미널
23736,공항철도,,김포공항,SAT,DOWN,0,A2015,,07:05:00,서울역,인천공항2터미널
23737,공항철도,,김포공항,END,DOWN,0,A2015,,07:05:00,서울역,인천공항2터미널
23738,공항철도,,계양,SAT,DOWN,0,A2015,,07:11:00,서울역,인천공항2터미널
23739,공항철도,,계양,END,DOWN,0,A2015,,07:11:00,서울역,인천공항2터미널
23740,공항철도,,검암,SAT,DOWN,0,A2015,,07:17:00,서울역,인천공항2터미널
23741,공항철도,,검암,END,DOWN,0,A2015,,07:17:00,서울역,인천공항2터미널
23742,공항철도,,청라국제도시,SAT,DOWN,0,A2015,,07:22:00,서울역,인천공항2터미널
23743,공항철도,,청라국제도시,END,DOWN,0,A2015,,07:22:00,서울역,인천공항2터미널
23744,공항철도,,영종,SAT,DOWN,0,A2015,,07:31:00,서울역,인천공항2터미널
23745,공항철도,,영종,END,DOWN,0,A2015,,07:31:00,서울역,인천공항2터미널
23746,공항철도,,운서,SAT,DOWN,0,A2015,,07:35:00,서울역,인천공항2터미널
23747,공항철도,,운서,END,DOWN,0,A2015,,07:35:00,서울역,인천공항2터미널
23748,공항철도,,공항화물청사,SAT,DOWN,0,A2015,,07:39:00,서울역,인천공항2터미널
23749,공항철도,,공항화물청사,END,DOWN,0,A2015,,07:39:00,서울역,인천공항2터미널
23750,공항철도,,인천공항1터미널,SAT,DOWN,0,A2015,,07:43:00,서울역,인천공항2터미널
23751,공항철도,,인천공항1터미널,END,DOWN,0,A2015,,07:43:00,서울역,인천공항2터미널
23752,공항철도,,인천공항2터미널,DAY,DOWN,0,A2016,,05:53:00,인천공항2터미널,서울역
23753,공항철도,,인천공항1터미널,DAY,DOWN,0,A2016,,05:59:00,인천공항2터미널,서울역
23754,공항철도,,공항화물청사,DAY,DOWN,0,A2016,,06:03:00,인천공항2터미널,서울역
23755,공항철도,,운서,DAY,DOWN,0,A2016,,06:07:00,인천공항2터미널,서울역
23756,공항철도,,영종,DAY,DOWN,0,A2016,,06:11:00,인천공항2터미널,서울역
23757,공항철도,,청라국제도시,DAY,DOWN,0,A2016,,06:20:00,인천공항2터미널,서울역
23758,공항철도,,검암,DAY,DOWN,0,A2016,,06:26:00,인천공항2터미널,서울역
23759,공항철도,,계양,DAY,DOWN,0,A2016,,06:32:00,인천공항2터미널,서울역
23760,공항철도,,김포공항,DAY,DOWN,0,A2016,,06:39:00,인천공항2터미널,서울역
23761,공항철도,,마곡나루,DAY,DOWN,0,A2016,,06:42:00,인천공항2터미널,서울역
23762,공항철도,,디지털미디어시티,DAY,DOWN,0,A2016,,06:49:00,인천공항2터미널,서울역
23763,공항철도,,홍대입구,DAY,DOWN,0,A2016,,06:53:00,인천공항2터미널,서울역
23764,공항철도,,공덕,DAY,DOWN,0,A2016,,06:57:00,인천공항2터미널,서울역
23765,공항철도,,인천공항2터미널,SAT,DOWN,0,A2016,,05:57:00,인천공항2터미널,서울역
23766,공항철도,,인천공항2터미널,END,DOWN,0,A2016,,05:57:00,인천공항2터미널,서울역
23767,공항철도,,인천공항1터미널,SAT,DOWN,0,A2016,,06:04:00,인천공항2터미널,서울역
23768,공항철도,,인천공항1터미널,END,DOWN,0,A2016,,06:04:00,인천공항2터미널,서울역
23769,공항철도,,공항화물청사,SAT,DOWN,0,A2016,,06:07:00,인천공항2터미널,서울역
23770,공항철도,,공항화물청사,END,DOWN,0,A2016,,06:07:00,인천공항2터미널,서울역
23771,공항철도,,운서,SAT,DOWN,0,A2016,,06:12:00,인천공항2터미널,서울역
23772,공항철도,,운서,END,DOWN,0,A2016,,06:12:00,인천공항2터미널,서울역
23773,공항철도,,영종,SAT,DOWN,0,A2016,,06:17:00,인천공항2터미널,서울역
23774,공항철도,,영종,END,DOWN,0,A2016,,06:17:00,인천공항2터미널,서울역
23775,공항철도,,청라국제도시,SAT,DOWN,0,A2016,,06:26:00,인천공항2터미널,서울역
23776,공항철도,,청라국제도시,END,DOWN,0,A2016,,06:26:00,인천공항2터미널,서울역
23777,공항철도,,검암,SAT,DOWN,0,A2016,,06:31:00,인천공항2터미널,서울역
23778,공항철도,,검암,END,DOWN,0,A2016,,06:31:00,인천공항2터미널,서울역
23779,공항철도,,계양,SAT,DOWN,0,A2016,,06:37:00,인천공항2터미널,서울역
23780,공항철도,,계양,END,DOWN,0,A2016,,06:37:00,인천공항2터미널,서울역
23781,공항철도,,김포공항,SAT,DOWN,0,A2016,,06:43:00,인천공항2터미널,서울역
23782,공항철도,,김포공항,END,DOWN,0,A2016,,06:43:00,인천공항2터미널,서울역
23783,공항철도,,마곡나루,SAT,DOWN,0,A2016,,06:46:00,인천공항2터미널,서울역
23784,공항철도,,마곡나루,END,DOWN,0,A2016,,06:46:00,인천공항2터미널,서울역
23785,공항철도,,디지털미디어시티,SAT,DOWN,0,A2016,,06:54:00,인천공항2터미널,서울역
23786,공항철도,,디지털미디어시티,END,DOWN,0,A2016,,06:54:00,인천공항2터미널,서울역
23787,공항철도,,홍대입구,SAT,DOWN,0,A2016,,06:58:00,인천공항2터미널,서울역
23788,공항철도,,홍대입구,END,DOWN,0,A2016,,06:58:00,인천공항2터미널,서울역
23789,공항철도,,공덕,SAT,DOWN,0,A2016,,07:01:00,인천공항2터미널,서울역
23790,공항철도,,공덕,END,DOWN,0,A2016,,07:01:00,인천공항2터미널,서울역
23791,공항철도,,서울역,DAY,DOWN,0,A2017,,06:54:00,서울역,인천공항2터미널
23792,공항철도,,공덕,DAY,DOWN,0,A2017,,06:58:00,서울역,인천공항2터미널
23793,공항철도,,홍대입구,DAY,DOWN,0,A2017,,07:02:00,서울역,인천공항2터미널
23794,공항철도,,디지털미디어시티,DAY,DOWN,0,A2017,,07:06:00,서울역,인천공항2터미널
23795,공항철도,,마곡나루,DAY,DOWN,0,A2017,,07:13:00,서울역,인천공항2터미널
23796,공항철도,,김포공항,DAY,DOWN,0,A2017,,07:16:00,서울역,인천공항2터미널
23797,공항철도,,계양,DAY,DOWN,0,A2017,,07:23:00,서울역,인천공항2터미널
23798,공항철도,,검암,DAY,DOWN,0,A2017,,07:29:00,서울역,인천공항2터미널
23799,공항철도,,청라국제도시,DAY,DOWN,0,A2017,,07:33:00,서울역,인천공항2터미널
23800,공항철도,,영종,DAY,DOWN,0,A2017,,07:42:00,서울역,인천공항2터미널
23801,공항철도,,운서,DAY,DOWN,0,A2017,,07:46:00,서울역,인천공항2터미널
23802,공항철도,,공항화물청사,DAY,DOWN,0,A2017,,07:50:00,서울역,인천공항2터미널
23803,공항철도,,인천공항1터미널,DAY,DOWN,0,A2017,,07:54:00,서울역,인천공항2터미널
23804,공항철도,,서울역,SAT,DOWN,0,A2017,,06:49:00,서울역,인천공항2터미널
23805,공항철도,,서울역,END,DOWN,0,A2017,,06:49:00,서울역,인천공항2터미널
23806,공항철도,,공덕,SAT,DOWN,0,A2017,,06:54:00,서울역,인천공항2터미널
23807,공항철도,,공덕,END,DOWN,0,A2017,,06:54:00,서울역,인천공항2터미널
23808,공항철도,,홍대입구,SAT,DOWN,0,A2017,,06:57:00,서울역,인천공항2터미널
23809,공항철도,,홍대입구,END,DOWN,0,A2017,,06:57:00,서울역,인천공항2터미널
23810,공항철도,,디지털미디어시티,SAT,DOWN,0,A2017,,07:01:00,서울역,인천공항2터미널
23811,공항철도,,디지털미디어시티,END,DOWN,0,A2017,,07:01:00,서울역,인천공항2터미널
23812,공항철도,,마곡나루,SAT,DOWN,0,A2017,,07:09:00,서울역,인천공항2터미널
23813,공항철도,,마곡나루,END,DOWN,0,A2017,,07:09:00,서울역,인천공항2터미널
23814,공항철도,,김포공항,SAT,DOWN,0,A2017,,07:12:00,서울역,인천공항2터미널
23815,공항철도,,김포공항,END,DOWN,0,A2017,,07:12:00,서울역,인천공항2터미널
23816,공항철도,,계양,SAT,DOWN,0,A2017,,07:18:00,서울역,인천공항2터미널
23817,공항철도,,계양,END,DOWN,0,A2017,,07:18:00,서울역,인천공항2터미널
23818,공항철도,,검암,SAT,DOWN,0,A2017,,07:24:00,서울역,인천공항2터미널
23819,공항철도,,검암,END,DOWN,0,A2017,,07:24:00,서울역,인천공항2터미널
23820,공항철도,,청라국제도시,SAT,DOWN,0,A2017,,07:29:00,서울역,인천공항2터미널
23821,공항철도,,청라국제도시,END,DOWN,0,A2017,,07:29:00,서울역,인천공항2터미널
23822,공항철도,,영종,SAT,DOWN,0,A2017,,07:38:00,서울역,인천공항2터미널
23823,공항철도,,영종,END,DOWN,0,A2017,,07:38:00,서울역,인천공항2터미널
23824,공항철도,,운서,SAT,DOWN,0,A2017,,07:42:00,서울역,인천공항2터미널
23825,공항철도,,운서,END,DOWN,0,A2017,,07:42:00,서울역,인천공항2터미널
23826,공항철도,,공항화물청사,SAT,DOWN,0,A2017,,07:46:00,서울역,인천공항2터미널
23827,공항철도,,공항화물청사,END,DOWN,0,A2017,,07:46:00,서울역,인천공항2터미널
23828,공항철도,,인천공항1터미널,SAT,DOWN,0,A2017,,07:50:00,서울역,인천공항2터미널
23829,공항철도,,인천공항1터미널,END,DOWN,0,A2017,,07:50:00,서울역,인천공항2터미널
23830,공항철도,,인천공항2터미널,DAY,DOWN,0,A2018,,05:57:00,인천공항2터미널,서울역
23831,공항철도,,인천공항1터미널,DAY,DOWN,0,A2018,,06:04:00,인천공항2터미널,서울역
23832,공항철도,,공항화물청사,DAY,DOWN,0,A2018,,06:07:00,인천공항2터미널,서울역
23833,공항철도,,운서,DAY,DOWN,0,A2018,,06:12:00,인천공항2터미널,서울역
23834,공항철도,,영종,DAY,DOWN,0,A2018,,06:17:00,인천공항2터미널,서울역
23835,공항철도,,청라국제도시,DAY,DOWN,0,A2018,,06:26:00,인천공항2터미널,서울역
23836,공항철도,,검암,DAY,DOWN,0,A2018,,06:31:00,인천공항2터미널,서울역
23837,공항철도,,계양,DAY,DOWN,0,A2018,,06:37:00,인천공항2터미널,서울역
23838,공항철도,,김포공항,DAY,DOWN,0,A2018,,06:43:00,인천공항2터미널,서울역
23839,공항철도,,마곡나루,DAY,DOWN,0,A2018,,06:46:00,인천공항2터미널,서울역
23840,공항철도,,디지털미디어시티,DAY,DOWN,0,A2018,,06:54:00,인천공항2터미널,서울역
23841,공항철도,,홍대입구,DAY,DOWN,0,A2018,,06:58:00,인천공항2터미널,서울역
23842,공항철도,,공덕,DAY,DOWN,0,A2018,,07:01:00,인천공항2터미널,서울역
23843,공항철도,,인천공항2터미널,SAT,DOWN,0,A2018,,06:04:00,인천공항2터미널,서울역
23844,공항철도,,인천공항2터미널,END,DOWN,0,A2018,,06:04:00,인천공항2터미널,서울역
23845,공항철도,,인천공항1터미널,SAT,DOWN,0,A2018,,06:11:00,인천공항2터미널,서울역
23846,공항철도,,인천공항1터미널,END,DOWN,0,A2018,,06:11:00,인천공항2터미널,서울역
23847,공항철도,,공항화물청사,SAT,DOWN,0,A2018,,06:14:00,인천공항2터미널,서울역
23848,공항철도,,공항화물청사,END,DOWN,0,A2018,,06:14:00,인천공항2터미널,서울역
23849,공항철도,,운서,SAT,DOWN,0,A2018,,06:19:00,인천공항2터미널,서울역
23850,공항철도,,운서,END,DOWN,0,A2018,,06:19:00,인천공항2터미널,서울역
23851,공항철도,,영종,SAT,DOWN,0,A2018,,06:23:00,인천공항2터미널,서울역
23852,공항철도,,영종,END,DOWN,0,A2018,,06:23:00,인천공항2터미널,서울역
23853,공항철도,,청라국제도시,SAT,DOWN,0,A2018,,06:31:00,인천공항2터미널,서울역
23854,공항철도,,청라국제도시,END,DOWN,0,A2018,,06:31:00,인천공항2터미널,서울역
23855,공항철도,,검암,SAT,DOWN,0,A2018,,06:36:00,인천공항2터미널,서울역
23856,공항철도,,검암,END,DOWN,0,A2018,,06:36:00,인천공항2터미널,서울역
23857,공항철도,,계양,SAT,DOWN,0,A2018,,06:42:00,인천공항2터미널,서울역
23858,공항철도,,계양,END,DOWN,0,A2018,,06:42:00,인천공항2터미널,서울역
23859,공항철도,,김포공항,SAT,DOWN,0,A2018,,06:49:00,인천공항2터미널,서울역
23860,공항철도,,김포공항,END,DOWN,0,A2018,,06:49:00,인천공항2터미널,서울역
23861,공항철도,,마곡나루,SAT,DOWN,0,A2018,,06:52:00,인천공항2터미널,서울역
23862,공항철도,,마곡나루,END,DOWN,0,A2018,,06:52:00,인천공항2터미널,서울역
23863,공항철도,,디지털미디어시티,SAT,DOWN,0,A2018,,06:59:00,인천공항2터미널,서울역
23864,공항철도,,디지털미디어시티,END,DOWN,0,A2018,,06:59:00,인천공항2터미널,서울역
23865,공항철도,,홍대입구,SAT,DOWN,0,A2018,,07:03:00,인천공항2터미널,서울역
23866,공항철도,,홍대입구,END,DOWN,0,A2018,,07:03:00,인천공항2터미널,서울역
23867,공항철도,,공덕,SAT,DOWN,0,A2018,,07:07:00,인천공항2터미널,서울역
23868,공항철도,,공덕,END,DOWN,0,A2018,,07:07:00,인천공항2터미널,서울역
23869,공항철도,,서울역,DAY,DOWN,0,A2019,,07:05:00,서울역,인천공항2터미널
23870,공항철도,,공덕,DAY,DOWN,0,A2019,,07:10:00,서울역,인천공항2터미널
23871,공항철도,,홍대입구,DAY,DOWN,0,A2019,,07:13:00,서울역,인천공항2터미널
23872,공항철도,,디지털미디어시티,DAY,DOWN,0,A2019,,07:17:00,서울역,인천공항2터미널
23873,공항철도,,마곡나루,DAY,DOWN,0,A2019,,07:25:00,서울역,인천공항2터미널
23874,공항철도,,김포공항,DAY,DOWN,0,A2019,,07:28:00,서울역,인천공항2터미널
23875,공항철도,,계양,DAY,DOWN,0,A2019,,07:34:00,서울역,인천공항2터미널
23876,공항철도,,검암,DAY,DOWN,0,A2019,,07:40:00,서울역,인천공항2터미널
23877,공항철도,,청라국제도시,DAY,DOWN,0,A2019,,07:45:00,서울역,인천공항2터미널
23878,공항철도,,영종,DAY,DOWN,0,A2019,,07:55:00,서울역,인천공항2터미널
23879,공항철도,,운서,DAY,DOWN,0,A2019,,07:59:00,서울역,인천공항2터미널
23880,공항철도,,공항화물청사,DAY,DOWN,0,A2019,,08:04:00,서울역,인천공항2터미널
23881,공항철도,,인천공항1터미널,DAY,DOWN,0,A2019,,08:08:00,서울역,인천공항2터미널
23882,공항철도,,서울역,SAT,DOWN,0,A2019,,06:56:00,서울역,인천공항2터미널
23883,공항철도,,서울역,END,DOWN,0,A2019,,06:56:00,서울역,인천공항2터미널
23884,공항철도,,공덕,SAT,DOWN,0,A2019,,07:00:00,서울역,인천공항2터미널
23885,공항철도,,공덕,END,DOWN,0,A2019,,07:00:00,서울역,인천공항2터미널
23886,공항철도,,홍대입구,SAT,DOWN,0,A2019,,07:04:00,서울역,인천공항2터미널
23887,공항철도,,홍대입구,END,DOWN,0,A2019,,07:04:00,서울역,인천공항2터미널
23888,공항철도,,디지털미디어시티,SAT,DOWN,0,A2019,,07:08:00,서울역,인천공항2터미널
23889,공항철도,,디지털미디어시티,END,DOWN,0,A2019,,07:08:00,서울역,인천공항2터미널
23890,공항철도,,마곡나루,SAT,DOWN,0,A2019,,07:15:00,서울역,인천공항2터미널
23891,공항철도,,마곡나루,END,DOWN,0,A2019,,07:15:00,서울역,인천공항2터미널
23892,공항철도,,김포공항,SAT,DOWN,0,A2019,,07:18:00,서울역,인천공항2터미널
23893,공항철도,,김포공항,END,DOWN,0,A2019,,07:18:00,서울역,인천공항2터미널
23894,공항철도,,계양,SAT,DOWN,0,A2019,,07:25:00,서울역,인천공항2터미널
23895,공항철도,,계양,END,DOWN,0,A2019,,07:25:00,서울역,인천공항2터미널
23896,공항철도,,검암,SAT,DOWN,0,A2019,,07:31:00,서울역,인천공항2터미널
23897,공항철도,,검암,END,DOWN,0,A2019,,07:31:00,서울역,인천공항2터미널
23898,공항철도,,청라국제도시,SAT,DOWN,0,A2019,,07:36:00,서울역,인천공항2터미널
23899,공항철도,,청라국제도시,END,DOWN,0,A2019,,07:36:00,서울역,인천공항2터미널
23900,공항철도,,영종,SAT,DOWN,0,A2019,,07:44:00,서울역,인천공항2터미널
23901,공항철도,,영종,END,DOWN,0,A2019,,07:44:00,서울역,인천공항2터미널
23902,공항철도,,운서,SAT,DOWN,0,A2019,,07:48:00,서울역,인천공항2터미널
23903,공항철도,,운서,END,DOWN,0,A2019,,07:48:00,서울역,인천공항2터미널
23904,공항철도,,공항화물청사,SAT,DOWN,0,A2019,,07:53:00,서울역,인천공항2터미널
23905,공항철도,,공항화물청사,END,DOWN,0,A2019,,07:53:00,서울역,인천공항2터미널
23906,공항철도,,인천공항1터미널,SAT,DOWN,0,A2019,,07:57:00,서울역,인천공항2터미널
23907,공항철도,,인천공항1터미널,END,DOWN,0,A2019,,07:57:00,서울역,인천공항2터미널
23908,공항철도,,인천공항2터미널,DAY,DOWN,0,A2020,,06:05:00,인천공항2터미널,서울역
23909,공항철도,,인천공항1터미널,DAY,DOWN,0,A2020,,06:11:00,인천공항2터미널,서울역
23910,공항철도,,공항화물청사,DAY,DOWN,0,A2020,,06:15:00,인천공항2터미널,서울역
23911,공항철도,,운서,DAY,DOWN,0,A2020,,06:19:00,인천공항2터미널,서울역
23912,공항철도,,영종,DAY,DOWN,0,A2020,,06:23:00,인천공항2터미널,서울역
23913,공항철도,,청라국제도시,DAY,DOWN,0,A2020,,06:32:00,인천공항2터미널,서울역
23914,공항철도,,검암,DAY,DOWN,0,A2020,,06:37:00,인천공항2터미널,서울역
23915,공항철도,,계양,DAY,DOWN,0,A2020,,06:43:00,인천공항2터미널,서울역
23916,공항철도,,김포공항,DAY,DOWN,0,A2020,,06:49:00,인천공항2터미널,서울역
23917,공항철도,,마곡나루,DAY,DOWN,0,A2020,,06:52:00,인천공항2터미널,서울역
23918,공항철도,,디지털미디어시티,DAY,DOWN,0,A2020,,07:00:00,인천공항2터미널,서울역
23919,공항철도,,홍대입구,DAY,DOWN,0,A2020,,07:04:00,인천공항2터미널,서울역
23920,공항철도,,공덕,DAY,DOWN,0,A2020,,07:07:00,인천공항2터미널,서울역
23921,공항철도,,인천공항2터미널,SAT,DOWN,0,A2020,,06:10:00,인천공항2터미널,서울역
23922,공항철도,,인천공항2터미널,END,DOWN,0,A2020,,06:10:00,인천공항2터미널,서울역
23923,공항철도,,인천공항1터미널,SAT,DOWN,0,A2020,,06:17:00,인천공항2터미널,서울역
23924,공항철도,,인천공항1터미널,END,DOWN,0,A2020,,06:17:00,인천공항2터미널,서울역
23925,공항철도,,공항화물청사,SAT,DOWN,0,A2020,,06:20:00,인천공항2터미널,서울역
23926,공항철도,,공항화물청사,END,DOWN,0,A2020,,06:20:00,인천공항2터미널,서울역
23927,공항철도,,운서,SAT,DOWN,0,A2020,,06:25:00,인천공항2터미널,서울역
23928,공항철도,,운서,END,DOWN,0,A2020,,06:25:00,인천공항2터미널,서울역
23929,공항철도,,영종,SAT,DOWN,0,A2020,,06:29:00,인천공항2터미널,서울역
23930,공항철도,,영종,END,DOWN,0,A2020,,06:29:00,인천공항2터미널,서울역
23931,공항철도,,청라국제도시,SAT,DOWN,0,A2020,,06:37:00,인천공항2터미널,서울역
23932,공항철도,,청라국제도시,END,DOWN,0,A2020,,06:37:00,인천공항2터미널,서울역
23933,공항철도,,검암,SAT,DOWN,0,A2020,,06:42:00,인천공항2터미널,서울역
23934,공항철도,,검암,END,DOWN,0,A2020,,06:42:00,인천공항2터미널,서울역
23935,공항철도,,계양,SAT,DOWN,0,A2020,,06:48:00,인천공항2터미널,서울역
23936,공항철도,,계양,END,DOWN,0,A2020,,06:48:00,인천공항2터미널,서울역
23937,공항철도,,김포공항,SAT,DOWN,0,A2020,,06:55:00,인천공항2터미널,서울역
23938,공항철도,,김포공항,END,DOWN,0,A2020,,06:55:00,인천공항2터미널,서울역
23939,공항철도,,마곡나루,SAT,DOWN,0,A2020,,06:58:00,인천공항2터미널,서울역
23940,공항철도,,마곡나루,END,DOWN,0,A2020,,06:58:00,인천공항2터미널,서울역
23941,공항철도,,디지털미디어시티,SAT,DOWN,0,A2020,,07:05:00,인천공항2터미널,서울역
23942,공항철도,,디지털미디어시티,END,DOWN,0,A2020,,07:05:00,인천공항2터미널,서울역
23943,공항철도,,홍대입구,SAT,DOWN,0,A2020,,07:09:00,인천공항2터미널,서울역
23944,공항철도,,홍대입구,END,DOWN,0,A2020,,07:09:00,인천공항2터미널,서울역
23945,공항철도,,공덕,SAT,DOWN,0,A2020,,07:13:00,인천공항2터미널,서울역
23946,공항철도,,공덕,END,DOWN,0,A2020,,07:13:00,인천공항2터미널,서울역
23947,공항철도,,서울역,DAY,DOWN,0,A2021,,07:16:00,서울역,인천공항2터미널
23948,공항철도,,공덕,DAY,DOWN,0,A2021,,07:20:00,서울역,인천공항2터미널
23949,공항철도,,홍대입구,DAY,DOWN,0,A2021,,07:24:00,서울역,인천공항2터미널
23950,공항철도,,디지털미디어시티,DAY,DOWN,0,A2021,,07:29:00,서울역,인천공항2터미널
23951,공항철도,,마곡나루,DAY,DOWN,0,A2021,,07:37:00,서울역,인천공항2터미널
23952,공항철도,,김포공항,DAY,DOWN,0,A2021,,07:40:00,서울역,인천공항2터미널
23953,공항철도,,계양,DAY,DOWN,0,A2021,,07:46:00,서울역,인천공항2터미널
23954,공항철도,,검암,DAY,DOWN,0,A2021,,07:52:00,서울역,인천공항2터미널
23955,공항철도,,청라국제도시,DAY,DOWN,0,A2021,,07:57:00,서울역,인천공항2터미널
23956,공항철도,,영종,DAY,DOWN,0,A2021,,08:06:00,서울역,인천공항2터미널
23957,공항철도,,운서,DAY,DOWN,0,A2021,,08:10:00,서울역,인천공항2터미널
23958,공항철도,,공항화물청사,DAY,DOWN,0,A2021,,08:14:00,서울역,인천공항2터미널
23959,공항철도,,인천공항1터미널,DAY,DOWN,0,A2021,,08:18:00,서울역,인천공항2터미널
23960,공항철도,,서울역,SAT,DOWN,0,A2021,,07:02:00,서울역,인천공항2터미널
23961,공항철도,,서울역,END,DOWN,0,A2021,,07:02:00,서울역,인천공항2터미널
23962,공항철도,,공덕,SAT,DOWN,0,A2021,,07:06:00,서울역,인천공항2터미널
23963,공항철도,,공덕,END,DOWN,0,A2021,,07:06:00,서울역,인천공항2터미널
23964,공항철도,,홍대입구,SAT,DOWN,0,A2021,,07:10:00,서울역,인천공항2터미널
23965,공항철도,,홍대입구,END,DOWN,0,A2021,,07:10:00,서울역,인천공항2터미널
23966,공항철도,,디지털미디어시티,SAT,DOWN,0,A2021,,07:14:00,서울역,인천공항2터미널
23967,공항철도,,디지털미디어시티,END,DOWN,0,A2021,,07:14:00,서울역,인천공항2터미널
23968,공항철도,,마곡나루,SAT,DOWN,0,A2021,,07:21:00,서울역,인천공항2터미널
23969,공항철도,,마곡나루,END,DOWN,0,A2021,,07:21:00,서울역,인천공항2터미널
23970,공항철도,,김포공항,SAT,DOWN,0,A2021,,07:24:00,서울역,인천공항2터미널
23971,공항철도,,김포공항,END,DOWN,0,A2021,,07:24:00,서울역,인천공항2터미널
23972,공항철도,,계양,SAT,DOWN,0,A2021,,07:31:00,서울역,인천공항2터미널
23973,공항철도,,계양,END,DOWN,0,A2021,,07:31:00,서울역,인천공항2터미널
23974,공항철도,,검암,SAT,DOWN,0,A2021,,07:37:00,서울역,인천공항2터미널
23975,공항철도,,검암,END,DOWN,0,A2021,,07:37:00,서울역,인천공항2터미널
23976,공항철도,,청라국제도시,SAT,DOWN,0,A2021,,07:42:00,서울역,인천공항2터미널
23977,공항철도,,청라국제도시,END,DOWN,0,A2021,,07:42:00,서울역,인천공항2터미널
23978,공항철도,,영종,SAT,DOWN,0,A2021,,07:50:00,서울역,인천공항2터미널
23979,공항철도,,영종,END,DOWN,0,A2021,,07:50:00,서울역,인천공항2터미널
23980,공항철도,,운서,SAT,DOWN,0,A2021,,07:54:00,서울역,인천공항2터미널
23981,공항철도,,운서,END,DOWN,0,A2021,,07:54:00,서울역,인천공항2터미널
23982,공항철도,,공항화물청사,SAT,DOWN,0,A2021,,07:59:00,서울역,인천공항2터미널
23983,공항철도,,공항화물청사,END,DOWN,0,A2021,,07:59:00,서울역,인천공항2터미널
23984,공항철도,,인천공항1터미널,SAT,DOWN,0,A2021,,08:03:00,서울역,인천공항2터미널
23985,공항철도,,인천공항1터미널,END,DOWN,0,A2021,,08:03:00,서울역,인천공항2터미널
23986,공항철도,,인천공항2터미널,DAY,DOWN,0,A2022,,06:11:00,인천공항2터미널,서울역
23987,공항철도,,인천공항1터미널,DAY,DOWN,0,A2022,,06:18:00,인천공항2터미널,서울역
23988,공항철도,,공항화물청사,DAY,DOWN,0,A2022,,06:21:00,인천공항2터미널,서울역
23989,공항철도,,운서,DAY,DOWN,0,A2022,,06:26:00,인천공항2터미널,서울역
23990,공항철도,,영종,DAY,DOWN,0,A2022,,06:30:00,인천공항2터미널,서울역
23991,공항철도,,청라국제도시,DAY,DOWN,0,A2022,,06:38:00,인천공항2터미널,서울역
23992,공항철도,,검암,DAY,DOWN,0,A2022,,06:43:00,인천공항2터미널,서울역
23993,공항철도,,계양,DAY,DOWN,0,A2022,,06:49:00,인천공항2터미널,서울역
23994,공항철도,,김포공항,DAY,DOWN,0,A2022,,06:56:00,인천공항2터미널,서울역
23995,공항철도,,마곡나루,DAY,DOWN,0,A2022,,06:59:00,인천공항2터미널,서울역
23996,공항철도,,디지털미디어시티,DAY,DOWN,0,A2022,,07:06:00,인천공항2터미널,서울역
23997,공항철도,,홍대입구,DAY,DOWN,0,A2022,,07:10:00,인천공항2터미널,서울역
23998,공항철도,,공덕,DAY,DOWN,0,A2022,,07:14:00,인천공항2터미널,서울역
23999,공항철도,,인천공항2터미널,SAT,DOWN,0,A2022,,06:17:00,인천공항2터미널,서울역
24000,공항철도,,인천공항2터미널,END,DOWN,0,A2022,,06:17:00,인천공항2터미널,서울역
24001,공항철도,,인천공항1터미널,SAT,DOWN,0,A2022,,06:23:00,인천공항2터미널,서울역
24002,공항철도,,인천공항1터미널,END,DOWN,0,A2022,,06:23:00,인천공항2터미널,서울역
24003,공항철도,,공항화물청사,SAT,DOWN,0,A2022,,06:27:00,인천공항2터미널,서울역
24004,공항철도,,공항화물청사,END,DOWN,0,A2022,,06:27:00,인천공항2터미널,서울역
24005,공항철도,,운서,SAT,DOWN,0,A2022,,06:31:00,인천공항2터미널,서울역
24006,공항철도,,운서,END,DOWN,0,A2022,,06:31:00,인천공항2터미널,서울역
24007,공항철도,,영종,SAT,DOWN,0,A2022,,06:35:00,인천공항2터미널,서울역
24008,공항철도,,영종,END,DOWN,0,A2022,,06:35:00,인천공항2터미널,서울역
24009,공항철도,,청라국제도시,SAT,DOWN,0,A2022,,06:44:00,인천공항2터미널,서울역
24010,공항철도,,청라국제도시,END,DOWN,0,A2022,,06:44:00,인천공항2터미널,서울역
24011,공항철도,,검암,SAT,DOWN,0,A2022,,06:49:00,인천공항2터미널,서울역
24012,공항철도,,검암,END,DOWN,0,A2022,,06:49:00,인천공항2터미널,서울역
24013,공항철도,,계양,SAT,DOWN,0,A2022,,06:55:00,인천공항2터미널,서울역
24014,공항철도,,계양,END,DOWN,0,A2022,,06:55:00,인천공항2터미널,서울역
24015,공항철도,,김포공항,SAT,DOWN,0,A2022,,07:01:00,인천공항2터미널,서울역
24016,공항철도,,김포공항,END,DOWN,0,A2022,,07:01:00,인천공항2터미널,서울역
24017,공항철도,,마곡나루,SAT,DOWN,0,A2022,,07:04:00,인천공항2터미널,서울역
24018,공항철도,,마곡나루,END,DOWN,0,A2022,,07:04:00,인천공항2터미널,서울역
24019,공항철도,,디지털미디어시티,SAT,DOWN,0,A2022,,07:13:00,인천공항2터미널,서울역
24020,공항철도,,디지털미디어시티,END,DOWN,0,A2022,,07:13:00,인천공항2터미널,서울역
24021,공항철도,,홍대입구,SAT,DOWN,0,A2022,,07:17:00,인천공항2터미널,서울역
24022,공항철도,,홍대입구,END,DOWN,0,A2022,,07:17:00,인천공항2터미널,서울역
24023,공항철도,,공덕,SAT,DOWN,0,A2022,,07:21:00,인천공항2터미널,서울역
24024,공항철도,,공덕,END,DOWN,0,A2022,,07:21:00,인천공항2터미널,서울역
24025,공항철도,,서울역,DAY,DOWN,0,A2023,,07:27:00,서울역,인천공항2터미널
24026,공항철도,,공덕,DAY,DOWN,0,A2023,,07:32:00,서울역,인천공항2터미널
24027,공항철도,,홍대입구,DAY,DOWN,0,A2023,,07:35:00,서울역,인천공항2터미널
24028,공항철도,,디지털미디어시티,DAY,DOWN,0,A2023,,07:39:00,서울역,인천공항2터미널
24029,공항철도,,마곡나루,DAY,DOWN,0,A2023,,07:47:00,서울역,인천공항2터미널
24030,공항철도,,김포공항,DAY,DOWN,0,A2023,,07:50:00,서울역,인천공항2터미널
24031,공항철도,,계양,DAY,DOWN,0,A2023,,07:56:00,서울역,인천공항2터미널
24032,공항철도,,검암,DAY,DOWN,0,A2023,,08:02:00,서울역,인천공항2터미널
24033,공항철도,,청라국제도시,DAY,DOWN,0,A2023,,08:07:00,서울역,인천공항2터미널
24034,공항철도,,영종,DAY,DOWN,0,A2023,,08:16:00,서울역,인천공항2터미널
24035,공항철도,,운서,DAY,DOWN,0,A2023,,08:20:00,서울역,인천공항2터미널
24036,공항철도,,공항화물청사,DAY,DOWN,0,A2023,,08:24:00,서울역,인천공항2터미널
24037,공항철도,,인천공항1터미널,DAY,DOWN,0,A2023,,08:28:00,서울역,인천공항2터미널
24038,공항철도,,서울역,SAT,DOWN,0,A2023,,07:09:00,서울역,인천공항2터미널
24039,공항철도,,서울역,END,DOWN,0,A2023,,07:09:00,서울역,인천공항2터미널
24040,공항철도,,공덕,SAT,DOWN,0,A2023,,07:13:00,서울역,인천공항2터미널
24041,공항철도,,공덕,END,DOWN,0,A2023,,07:13:00,서울역,인천공항2터미널
24042,공항철도,,홍대입구,SAT,DOWN,0,A2023,,07:17:00,서울역,인천공항2터미널
24043,공항철도,,홍대입구,END,DOWN,0,A2023,,07:17:00,서울역,인천공항2터미널
24044,공항철도,,디지털미디어시티,SAT,DOWN,0,A2023,,07:21:00,서울역,인천공항2터미널
24045,공항철도,,디지털미디어시티,END,DOWN,0,A2023,,07:21:00,서울역,인천공항2터미널
24046,공항철도,,마곡나루,SAT,DOWN,0,A2023,,07:28:00,서울역,인천공항2터미널
24047,공항철도,,마곡나루,END,DOWN,0,A2023,,07:28:00,서울역,인천공항2터미널
24048,공항철도,,김포공항,SAT,DOWN,0,A2023,,07:31:00,서울역,인천공항2터미널
24049,공항철도,,김포공항,END,DOWN,0,A2023,,07:31:00,서울역,인천공항2터미널
24050,공항철도,,계양,SAT,DOWN,0,A2023,,07:38:00,서울역,인천공항2터미널
24051,공항철도,,계양,END,DOWN,0,A2023,,07:38:00,서울역,인천공항2터미널
24052,공항철도,,검암,SAT,DOWN,0,A2023,,07:45:00,서울역,인천공항2터미널
24053,공항철도,,검암,END,DOWN,0,A2023,,07:45:00,서울역,인천공항2터미널
24054,공항철도,,청라국제도시,SAT,DOWN,0,A2023,,07:50:00,서울역,인천공항2터미널
24055,공항철도,,청라국제도시,END,DOWN,0,A2023,,07:50:00,서울역,인천공항2터미널
24056,공항철도,,영종,SAT,DOWN,0,A2023,,07:59:00,서울역,인천공항2터미널
24057,공항철도,,영종,END,DOWN,0,A2023,,07:59:00,서울역,인천공항2터미널
24058,공항철도,,운서,SAT,DOWN,0,A2023,,08:03:00,서울역,인천공항2터미널
24059,공항철도,,운서,END,DOWN,0,A2023,,08:03:00,서울역,인천공항2터미널
24060,공항철도,,공항화물청사,SAT,DOWN,0,A2023,,08:07:00,서울역,인천공항2터미널
24061,공항철도,,공항화물청사,END,DOWN,0,A2023,,08:07:00,서울역,인천공항2터미널
24062,공항철도,,인천공항1터미널,SAT,DOWN,0,A2023,,08:11:00,서울역,인천공항2터미널
24063,공항철도,,인천공항1터미널,END,DOWN,0,A2023,,08:11:00,서울역,인천공항2터미널
24064,공항철도,,인천공항2터미널,DAY,DOWN,0,A2024,,06:17:00,인천공항2터미널,서울역
24065,공항철도,,인천공항1터미널,DAY,DOWN,0,A2024,,06:24:00,인천공항2터미널,서울역
24066,공항철도,,공항화물청사,DAY,DOWN,0,A2024,,06:27:00,인천공항2터미널,서울역
24067,공항철도,,운서,DAY,DOWN,0,A2024,,06:32:00,인천공항2터미널,서울역
24068,공항철도,,영종,DAY,DOWN,0,A2024,,06:36:00,인천공항2터미널,서울역
24069,공항철도,,청라국제도시,DAY,DOWN,0,A2024,,06:44:00,인천공항2터미널,서울역
24070,공항철도,,검암,DAY,DOWN,0,A2024,,06:49:00,인천공항2터미널,서울역
24071,공항철도,,계양,DAY,DOWN,0,A2024,,06:55:00,인천공항2터미널,서울역
24072,공항철도,,김포공항,DAY,DOWN,0,A2024,,07:02:00,인천공항2터미널,서울역
24073,공항철도,,마곡나루,DAY,DOWN,0,A2024,,07:05:00,인천공항2터미널,서울역
24074,공항철도,,디지털미디어시티,DAY,DOWN,0,A2024,,07:14:00,인천공항2터미널,서울역
24075,공항철도,,홍대입구,DAY,DOWN,0,A2024,,07:18:00,인천공항2터미널,서울역
24076,공항철도,,공덕,DAY,DOWN,0,A2024,,07:21:00,인천공항2터미널,서울역
24077,공항철도,,인천공항2터미널,SAT,DOWN,0,A2024,,06:23:00,인천공항2터미널,서울역
24078,공항철도,,인천공항2터미널,END,DOWN,0,A2024,,06:23:00,인천공항2터미널,서울역
24079,공항철도,,인천공항1터미널,SAT,DOWN,0,A2024,,06:29:00,인천공항2터미널,서울역
24080,공항철도,,인천공항1터미널,END,DOWN,0,A2024,,06:29:00,인천공항2터미널,서울역
24081,공항철도,,공항화물청사,SAT,DOWN,0,A2024,,06:33:00,인천공항2터미널,서울역
24082,공항철도,,공항화물청사,END,DOWN,0,A2024,,06:33:00,인천공항2터미널,서울역
24083,공항철도,,운서,SAT,DOWN,0,A2024,,06:37:00,인천공항2터미널,서울역
24084,공항철도,,운서,END,DOWN,0,A2024,,06:37:00,인천공항2터미널,서울역
24085,공항철도,,영종,SAT,DOWN,0,A2024,,06:41:00,인천공항2터미널,서울역
24086,공항철도,,영종,END,DOWN,0,A2024,,06:41:00,인천공항2터미널,서울역
24087,공항철도,,청라국제도시,SAT,DOWN,0,A2024,,06:50:00,인천공항2터미널,서울역
24088,공항철도,,청라국제도시,END,DOWN,0,A2024,,06:50:00,인천공항2터미널,서울역
24089,공항철도,,검암,SAT,DOWN,0,A2024,,06:56:00,인천공항2터미널,서울역
24090,공항철도,,검암,END,DOWN,0,A2024,,06:56:00,인천공항2터미널,서울역
24091,공항철도,,계양,SAT,DOWN,0,A2024,,07:02:00,인천공항2터미널,서울역
24092,공항철도,,계양,END,DOWN,0,A2024,,07:02:00,인천공항2터미널,서울역
24093,공항철도,,김포공항,SAT,DOWN,0,A2024,,07:09:00,인천공항2터미널,서울역
24094,공항철도,,김포공항,END,DOWN,0,A2024,,07:09:00,인천공항2터미널,서울역
24095,공항철도,,마곡나루,SAT,DOWN,0,A2024,,07:12:00,인천공항2터미널,서울역
24096,공항철도,,마곡나루,END,DOWN,0,A2024,,07:12:00,인천공항2터미널,서울역
24097,공항철도,,디지털미디어시티,SAT,DOWN,0,A2024,,07:19:00,인천공항2터미널,서울역
24098,공항철도,,디지털미디어시티,END,DOWN,0,A2024,,07:19:00,인천공항2터미널,서울역
24099,공항철도,,홍대입구,SAT,DOWN,0,A2024,,07:23:00,인천공항2터미널,서울역
24100,공항철도,,홍대입구,END,DOWN,0,A2024,,07:23:00,인천공항2터미널,서울역
24101,공항철도,,공덕,SAT,DOWN,0,A2024,,07:27:00,인천공항2터미널,서울역
24102,공항철도,,공덕,END,DOWN,0,A2024,,07:27:00,인천공항2터미널,서울역
24103,공항철도,,서울역,DAY,DOWN,0,A2025,,07:37:00,서울역,인천공항2터미널
24104,공항철도,,공덕,DAY,DOWN,0,A2025,,07:42:00,서울역,인천공항2터미널
24105,공항철도,,홍대입구,DAY,DOWN,0,A2025,,07:45:00,서울역,인천공항2터미널
24106,공항철도,,디지털미디어시티,DAY,DOWN,0,A2025,,07:49:00,서울역,인천공항2터미널
24107,공항철도,,마곡나루,DAY,DOWN,0,A2025,,07:57:00,서울역,인천공항2터미널
24108,공항철도,,김포공항,DAY,DOWN,0,A2025,,08:00:00,서울역,인천공항2터미널
24109,공항철도,,계양,DAY,DOWN,0,A2025,,08:06:00,서울역,인천공항2터미널
24110,공항철도,,검암,DAY,DOWN,0,A2025,,08:12:00,서울역,인천공항2터미널
24111,공항철도,,청라국제도시,DAY,DOWN,0,A2025,,08:17:00,서울역,인천공항2터미널
24112,공항철도,,영종,DAY,DOWN,0,A2025,,08:26:00,서울역,인천공항2터미널
24113,공항철도,,운서,DAY,DOWN,0,A2025,,08:30:00,서울역,인천공항2터미널
24114,공항철도,,공항화물청사,DAY,DOWN,0,A2025,,08:34:00,서울역,인천공항2터미널
24115,공항철도,,인천공항1터미널,DAY,DOWN,0,A2025,,08:38:00,서울역,인천공항2터미널
24116,공항철도,,서울역,SAT,DOWN,0,A2025,,07:16:00,서울역,인천공항2터미널
24117,공항철도,,서울역,END,DOWN,0,A2025,,07:16:00,서울역,인천공항2터미널
24118,공항철도,,공덕,SAT,DOWN,0,A2025,,07:20:00,서울역,인천공항2터미널
24119,공항철도,,공덕,END,DOWN,0,A2025,,07:20:00,서울역,인천공항2터미널
24120,공항철도,,홍대입구,SAT,DOWN,0,A2025,,07:24:00,서울역,인천공항2터미널
24121,공항철도,,홍대입구,END,DOWN,0,A2025,,07:24:00,서울역,인천공항2터미널
24122,공항철도,,디지털미디어시티,SAT,DOWN,0,A2025,,07:29:00,서울역,인천공항2터미널
24123,공항철도,,디지털미디어시티,END,DOWN,0,A2025,,07:29:00,서울역,인천공항2터미널
24124,공항철도,,마곡나루,SAT,DOWN,0,A2025,,07:37:00,서울역,인천공항2터미널
24125,공항철도,,마곡나루,END,DOWN,0,A2025,,07:37:00,서울역,인천공항2터미널
24126,공항철도,,김포공항,SAT,DOWN,0,A2025,,07:40:00,서울역,인천공항2터미널
24127,공항철도,,김포공항,END,DOWN,0,A2025,,07:40:00,서울역,인천공항2터미널
24128,공항철도,,계양,SAT,DOWN,0,A2025,,07:46:00,서울역,인천공항2터미널
24129,공항철도,,계양,END,DOWN,0,A2025,,07:46:00,서울역,인천공항2터미널
24130,공항철도,,검암,SAT,DOWN,0,A2025,,07:52:00,서울역,인천공항2터미널
24131,공항철도,,검암,END,DOWN,0,A2025,,07:52:00,서울역,인천공항2터미널
24132,공항철도,,청라국제도시,SAT,DOWN,0,A2025,,07:57:00,서울역,인천공항2터미널
24133,공항철도,,청라국제도시,END,DOWN,0,A2025,,07:57:00,서울역,인천공항2터미널
24134,공항철도,,영종,SAT,DOWN,0,A2025,,08:06:00,서울역,인천공항2터미널
24135,공항철도,,영종,END,DOWN,0,A2025,,08:06:00,서울역,인천공항2터미널
24136,공항철도,,운서,SAT,DOWN,0,A2025,,08:10:00,서울역,인천공항2터미널
24137,공항철도,,운서,END,DOWN,0,A2025,,08:10:00,서울역,인천공항2터미널
24138,공항철도,,공항화물청사,SAT,DOWN,0,A2025,,08:14:00,서울역,인천공항2터미널
24139,공항철도,,공항화물청사,END,DOWN,0,A2025,,08:14:00,서울역,인천공항2터미널
24140,공항철도,,인천공항1터미널,SAT,DOWN,0,A2025,,08:18:00,서울역,인천공항2터미널
24141,공항철도,,인천공항1터미널,END,DOWN,0,A2025,,08:18:00,서울역,인천공항2터미널
24142,공항철도,,인천공항2터미널,DAY,DOWN,0,A2026,,06:23:00,인천공항2터미널,서울역
24143,공항철도,,인천공항1터미널,DAY,DOWN,0,A2026,,06:29:00,인천공항2터미널,서울역
24144,공항철도,,공항화물청사,DAY,DOWN,0,A2026,,06:33:00,인천공항2터미널,서울역
24145,공항철도,,운서,DAY,DOWN,0,A2026,,06:37:00,인천공항2터미널,서울역
24146,공항철도,,영종,DAY,DOWN,0,A2026,,06:41:00,인천공항2터미널,서울역
24147,공항철도,,청라국제도시,DAY,DOWN,0,A2026,,06:50:00,인천공항2터미널,서울역
24148,공항철도,,검암,DAY,DOWN,0,A2026,,06:56:00,인천공항2터미널,서울역
24149,공항철도,,계양,DAY,DOWN,0,A2026,,07:02:00,인천공항2터미널,서울역
24150,공항철도,,김포공항,DAY,DOWN,0,A2026,,07:09:00,인천공항2터미널,서울역
24151,공항철도,,마곡나루,DAY,DOWN,0,A2026,,07:12:00,인천공항2터미널,서울역
24152,공항철도,,디지털미디어시티,DAY,DOWN,0,A2026,,07:20:00,인천공항2터미널,서울역
24153,공항철도,,홍대입구,DAY,DOWN,0,A2026,,07:24:00,인천공항2터미널,서울역
24154,공항철도,,공덕,DAY,DOWN,0,A2026,,07:27:00,인천공항2터미널,서울역
24155,공항철도,,인천공항2터미널,SAT,DOWN,0,A2026,,06:27:00,인천공항2터미널,서울역
24156,공항철도,,인천공항2터미널,END,DOWN,0,A2026,,06:27:00,인천공항2터미널,서울역
24157,공항철도,,인천공항1터미널,SAT,DOWN,0,A2026,,06:34:00,인천공항2터미널,서울역
24158,공항철도,,인천공항1터미널,END,DOWN,0,A2026,,06:34:00,인천공항2터미널,서울역
24159,공항철도,,공항화물청사,SAT,DOWN,0,A2026,,06:37:00,인천공항2터미널,서울역
24160,공항철도,,공항화물청사,END,DOWN,0,A2026,,06:37:00,인천공항2터미널,서울역
24161,공항철도,,운서,SAT,DOWN,0,A2026,,06:42:00,인천공항2터미널,서울역
24162,공항철도,,운서,END,DOWN,0,A2026,,06:42:00,인천공항2터미널,서울역
24163,공항철도,,영종,SAT,DOWN,0,A2026,,06:47:00,인천공항2터미널,서울역
24164,공항철도,,영종,END,DOWN,0,A2026,,06:47:00,인천공항2터미널,서울역
24165,공항철도,,청라국제도시,SAT,DOWN,0,A2026,,06:56:00,인천공항2터미널,서울역
24166,공항철도,,청라국제도시,END,DOWN,0,A2026,,06:56:00,인천공항2터미널,서울역
24167,공항철도,,검암,SAT,DOWN,0,A2026,,07:01:00,인천공항2터미널,서울역
24168,공항철도,,검암,END,DOWN,0,A2026,,07:01:00,인천공항2터미널,서울역
24169,공항철도,,계양,SAT,DOWN,0,A2026,,07:07:00,인천공항2터미널,서울역
24170,공항철도,,계양,END,DOWN,0,A2026,,07:07:00,인천공항2터미널,서울역
24171,공항철도,,김포공항,SAT,DOWN,0,A2026,,07:13:00,인천공항2터미널,서울역
24172,공항철도,,김포공항,END,DOWN,0,A2026,,07:13:00,인천공항2터미널,서울역
24173,공항철도,,마곡나루,SAT,DOWN,0,A2026,,07:16:00,인천공항2터미널,서울역
24174,공항철도,,마곡나루,END,DOWN,0,A2026,,07:16:00,인천공항2터미널,서울역
24175,공항철도,,디지털미디어시티,SAT,DOWN,0,A2026,,07:24:00,인천공항2터미널,서울역
24176,공항철도,,디지털미디어시티,END,DOWN,0,A2026,,07:24:00,인천공항2터미널,서울역
24177,공항철도,,홍대입구,SAT,DOWN,0,A2026,,07:28:00,인천공항2터미널,서울역
24178,공항철도,,홍대입구,END,DOWN,0,A2026,,07:28:00,인천공항2터미널,서울역
24179,공항철도,,공덕,SAT,DOWN,0,A2026,,07:31:00,인천공항2터미널,서울역
24180,공항철도,,공덕,END,DOWN,0,A2026,,07:31:00,인천공항2터미널,서울역
24181,공항철도,,서울역,DAY,DOWN,0,A2027,,07:47:00,서울역,인천공항2터미널
24182,공항철도,,공덕,DAY,DOWN,0,A2027,,07:52:00,서울역,인천공항2터미널
24183,공항철도,,홍대입구,DAY,DOWN,0,A2027,,07:55:00,서울역,인천공항2터미널
24184,공항철도,,디지털미디어시티,DAY,DOWN,0,A2027,,07:59:00,서울역,인천공항2터미널
24185,공항철도,,마곡나루,DAY,DOWN,0,A2027,,08:07:00,서울역,인천공항2터미널
24186,공항철도,,김포공항,DAY,DOWN,0,A2027,,08:10:00,서울역,인천공항2터미널
24187,공항철도,,계양,DAY,DOWN,0,A2027,,08:16:00,서울역,인천공항2터미널
24188,공항철도,,검암,DAY,DOWN,0,A2027,,08:22:00,서울역,인천공항2터미널
24189,공항철도,,청라국제도시,DAY,DOWN,0,A2027,,08:27:00,서울역,인천공항2터미널
24190,공항철도,,영종,DAY,DOWN,0,A2027,,08:36:00,서울역,인천공항2터미널
24191,공항철도,,운서,DAY,DOWN,0,A2027,,08:40:00,서울역,인천공항2터미널
24192,공항철도,,공항화물청사,DAY,DOWN,0,A2027,,08:44:00,서울역,인천공항2터미널
24193,공항철도,,인천공항1터미널,DAY,DOWN,0,A2027,,08:48:00,서울역,인천공항2터미널
24194,공항철도,,서울역,SAT,DOWN,0,A2027,,07:22:00,서울역,인천공항2터미널
24195,공항철도,,서울역,END,DOWN,0,A2027,,07:22:00,서울역,인천공항2터미널
24196,공항철도,,공덕,SAT,DOWN,0,A2027,,07:27:00,서울역,인천공항2터미널
24197,공항철도,,공덕,END,DOWN,0,A2027,,07:27:00,서울역,인천공항2터미널
24198,공항철도,,홍대입구,SAT,DOWN,0,A2027,,07:30:00,서울역,인천공항2터미널
24199,공항철도,,홍대입구,END,DOWN,0,A2027,,07:30:00,서울역,인천공항2터미널
24200,공항철도,,디지털미디어시티,SAT,DOWN,0,A2027,,07:34:00,서울역,인천공항2터미널
24201,공항철도,,디지털미디어시티,END,DOWN,0,A2027,,07:34:00,서울역,인천공항2터미널
24202,공항철도,,마곡나루,SAT,DOWN,0,A2027,,07:42:00,서울역,인천공항2터미널
24203,공항철도,,마곡나루,END,DOWN,0,A2027,,07:42:00,서울역,인천공항2터미널
24204,공항철도,,김포공항,SAT,DOWN,0,A2027,,07:45:00,서울역,인천공항2터미널
24205,공항철도,,김포공항,END,DOWN,0,A2027,,07:45:00,서울역,인천공항2터미널
24206,공항철도,,계양,SAT,DOWN,0,A2027,,07:51:00,서울역,인천공항2터미널
24207,공항철도,,계양,END,DOWN,0,A2027,,07:51:00,서울역,인천공항2터미널
24208,공항철도,,검암,SAT,DOWN,0,A2027,,07:57:00,서울역,인천공항2터미널
24209,공항철도,,검암,END,DOWN,0,A2027,,07:57:00,서울역,인천공항2터미널
24210,공항철도,,청라국제도시,SAT,DOWN,0,A2027,,08:02:00,서울역,인천공항2터미널
24211,공항철도,,청라국제도시,END,DOWN,0,A2027,,08:02:00,서울역,인천공항2터미널
24212,공항철도,,영종,SAT,DOWN,0,A2027,,08:11:00,서울역,인천공항2터미널
24213,공항철도,,영종,END,DOWN,0,A2027,,08:11:00,서울역,인천공항2터미널
24214,공항철도,,운서,SAT,DOWN,0,A2027,,08:15:00,서울역,인천공항2터미널
24215,공항철도,,운서,END,DOWN,0,A2027,,08:15:00,서울역,인천공항2터미널
24216,공항철도,,공항화물청사,SAT,DOWN,0,A2027,,08:19:00,서울역,인천공항2터미널
24217,공항철도,,공항화물청사,END,DOWN,0,A2027,,08:19:00,서울역,인천공항2터미널
24218,공항철도,,인천공항1터미널,SAT,DOWN,0,A2027,,08:23:00,서울역,인천공항2터미널
24219,공항철도,,인천공항1터미널,END,DOWN,0,A2027,,08:23:00,서울역,인천공항2터미널
24220,공항철도,,인천공항2터미널,DAY,DOWN,0,A2028,,06:27:00,인천공항2터미널,서울역
24221,공항철도,,인천공항1터미널,DAY,DOWN,0,A2028,,06:34:00,인천공항2터미널,서울역
24222,공항철도,,공항화물청사,DAY,DOWN,0,A2028,,06:37:00,인천공항2터미널,서울역
24223,공항철도,,운서,DAY,DOWN,0,A2028,,06:42:00,인천공항2터미널,서울역
24224,공항철도,,영종,DAY,DOWN,0,A2028,,06:47:00,인천공항2터미널,서울역
24225,공항철도,,청라국제도시,DAY,DOWN,0,A2028,,06:56:00,인천공항2터미널,서울역
24226,공항철도,,검암,DAY,DOWN,0,A2028,,07:01:00,인천공항2터미널,서울역
24227,공항철도,,계양,DAY,DOWN,0,A2028,,07:07:00,인천공항2터미널,서울역
24228,공항철도,,김포공항,DAY,DOWN,0,A2028,,07:14:00,인천공항2터미널,서울역
24229,공항철도,,마곡나루,DAY,DOWN,0,A2028,,07:17:00,인천공항2터미널,서울역
24230,공항철도,,디지털미디어시티,DAY,DOWN,0,A2028,,07:24:00,인천공항2터미널,서울역
24231,공항철도,,홍대입구,DAY,DOWN,0,A2028,,07:28:00,인천공항2터미널,서울역
24232,공항철도,,공덕,DAY,DOWN,0,A2028,,07:32:00,인천공항2터미널,서울역
24233,공항철도,,인천공항2터미널,SAT,DOWN,0,A2028,,06:34:00,인천공항2터미널,서울역
24234,공항철도,,인천공항2터미널,END,DOWN,0,A2028,,06:34:00,인천공항2터미널,서울역
24235,공항철도,,인천공항1터미널,SAT,DOWN,0,A2028,,06:40:00,인천공항2터미널,서울역
24236,공항철도,,인천공항1터미널,END,DOWN,0,A2028,,06:40:00,인천공항2터미널,서울역
24237,공항철도,,공항화물청사,SAT,DOWN,0,A2028,,06:44:00,인천공항2터미널,서울역
24238,공항철도,,공항화물청사,END,DOWN,0,A2028,,06:44:00,인천공항2터미널,서울역
24239,공항철도,,운서,SAT,DOWN,0,A2028,,06:48:00,인천공항2터미널,서울역
24240,공항철도,,운서,END,DOWN,0,A2028,,06:48:00,인천공항2터미널,서울역
24241,공항철도,,영종,SAT,DOWN,0,A2028,,06:52:00,인천공항2터미널,서울역
24242,공항철도,,영종,END,DOWN,0,A2028,,06:52:00,인천공항2터미널,서울역
24243,공항철도,,청라국제도시,SAT,DOWN,0,A2028,,07:01:00,인천공항2터미널,서울역
24244,공항철도,,청라국제도시,END,DOWN,0,A2028,,07:01:00,인천공항2터미널,서울역
24245,공항철도,,검암,SAT,DOWN,0,A2028,,07:06:00,인천공항2터미널,서울역
24246,공항철도,,검암,END,DOWN,0,A2028,,07:06:00,인천공항2터미널,서울역
24247,공항철도,,계양,SAT,DOWN,0,A2028,,07:12:00,인천공항2터미널,서울역
24248,공항철도,,계양,END,DOWN,0,A2028,,07:12:00,인천공항2터미널,서울역
24249,공항철도,,김포공항,SAT,DOWN,0,A2028,,07:18:00,인천공항2터미널,서울역
24250,공항철도,,김포공항,END,DOWN,0,A2028,,07:18:00,인천공항2터미널,서울역
24251,공항철도,,마곡나루,SAT,DOWN,0,A2028,,07:21:00,인천공항2터미널,서울역
24252,공항철도,,마곡나루,END,DOWN,0,A2028,,07:21:00,인천공항2터미널,서울역
24253,공항철도,,디지털미디어시티,SAT,DOWN,0,A2028,,07:29:00,인천공항2터미널,서울역
24254,공항철도,,디지털미디어시티,END,DOWN,0,A2028,,07:29:00,인천공항2터미널,서울역
24255,공항철도,,홍대입구,SAT,DOWN,0,A2028,,07:33:00,인천공항2터미널,서울역
24256,공항철도,,홍대입구,END,DOWN,0,A2028,,07:33:00,인천공항2터미널,서울역
24257,공항철도,,공덕,SAT,DOWN,0,A2028,,07:36:00,인천공항2터미널,서울역
24258,공항철도,,공덕,END,DOWN,0,A2028,,07:36:00,인천공항2터미널,서울역
24259,공항철도,,서울역,DAY,DOWN,0,A2029,,07:55:00,서울역,인천공항2터미널
24260,공항철도,,공덕,DAY,DOWN,0,A2029,,08:00:00,서울역,인천공항2터미널
24261,공항철도,,홍대입구,DAY,DOWN,0,A2029,,08:03:00,서울역,인천공항2터미널
24262,공항철도,,디지털미디어시티,DAY,DOWN,0,A2029,,08:07:00,서울역,인천공항2터미널
24263,공항철도,,마곡나루,DAY,DOWN,0,A2029,,08:15:00,서울역,인천공항2터미널
24264,공항철도,,김포공항,DAY,DOWN,0,A2029,,08:18:00,서울역,인천공항2터미널
24265,공항철도,,계양,DAY,DOWN,0,A2029,,08:24:00,서울역,인천공항2터미널
24266,공항철도,,검암,DAY,DOWN,0,A2029,,08:32:00,서울역,인천공항2터미널
24267,공항철도,,청라국제도시,DAY,DOWN,0,A2029,,08:37:00,서울역,인천공항2터미널
24268,공항철도,,영종,DAY,DOWN,0,A2029,,08:45:00,서울역,인천공항2터미널
24269,공항철도,,운서,DAY,DOWN,0,A2029,,08:49:00,서울역,인천공항2터미널
24270,공항철도,,공항화물청사,DAY,DOWN,0,A2029,,08:54:00,서울역,인천공항2터미널
24271,공항철도,,인천공항1터미널,DAY,DOWN,0,A2029,,08:58:00,서울역,인천공항2터미널
24272,공항철도,,서울역,SAT,DOWN,0,A2029,,07:27:00,서울역,인천공항2터미널
24273,공항철도,,서울역,END,DOWN,0,A2029,,07:27:00,서울역,인천공항2터미널
24274,공항철도,,공덕,SAT,DOWN,0,A2029,,07:32:00,서울역,인천공항2터미널
24275,공항철도,,공덕,END,DOWN,0,A2029,,07:32:00,서울역,인천공항2터미널
24276,공항철도,,홍대입구,SAT,DOWN,0,A2029,,07:35:00,서울역,인천공항2터미널
24277,공항철도,,홍대입구,END,DOWN,0,A2029,,07:35:00,서울역,인천공항2터미널
24278,공항철도,,디지털미디어시티,SAT,DOWN,0,A2029,,07:39:00,서울역,인천공항2터미널
24279,공항철도,,디지털미디어시티,END,DOWN,0,A2029,,07:39:00,서울역,인천공항2터미널
24280,공항철도,,마곡나루,SAT,DOWN,0,A2029,,07:47:00,서울역,인천공항2터미널
24281,공항철도,,마곡나루,END,DOWN,0,A2029,,07:47:00,서울역,인천공항2터미널
24282,공항철도,,김포공항,SAT,DOWN,0,A2029,,07:50:00,서울역,인천공항2터미널
24283,공항철도,,김포공항,END,DOWN,0,A2029,,07:50:00,서울역,인천공항2터미널
24284,공항철도,,계양,SAT,DOWN,0,A2029,,07:56:00,서울역,인천공항2터미널
24285,공항철도,,계양,END,DOWN,0,A2029,,07:56:00,서울역,인천공항2터미널
24286,공항철도,,검암,SAT,DOWN,0,A2029,,08:02:00,서울역,인천공항2터미널
24287,공항철도,,검암,END,DOWN,0,A2029,,08:02:00,서울역,인천공항2터미널
24288,공항철도,,청라국제도시,SAT,DOWN,0,A2029,,08:07:00,서울역,인천공항2터미널
24289,공항철도,,청라국제도시,END,DOWN,0,A2029,,08:07:00,서울역,인천공항2터미널
24290,공항철도,,영종,SAT,DOWN,0,A2029,,08:16:00,서울역,인천공항2터미널
24291,공항철도,,영종,END,DOWN,0,A2029,,08:16:00,서울역,인천공항2터미널
24292,공항철도,,운서,SAT,DOWN,0,A2029,,08:20:00,서울역,인천공항2터미널
24293,공항철도,,운서,END,DOWN,0,A2029,,08:20:00,서울역,인천공항2터미널
24294,공항철도,,공항화물청사,SAT,DOWN,0,A2029,,08:24:00,서울역,인천공항2터미널
24295,공항철도,,공항화물청사,END,DOWN,0,A2029,,08:24:00,서울역,인천공항2터미널
24296,공항철도,,인천공항1터미널,SAT,DOWN,0,A2029,,08:28:00,서울역,인천공항2터미널
24297,공항철도,,인천공항1터미널,END,DOWN,0,A2029,,08:28:00,서울역,인천공항2터미널
24298,공항철도,,인천공항2터미널,DAY,DOWN,0,A2030,,06:34:00,인천공항2터미널,서울역
24299,공항철도,,인천공항1터미널,DAY,DOWN,0,A2030,,06:40:00,인천공항2터미널,서울역
24300,공항철도,,공항화물청사,DAY,DOWN,0,A2030,,06:44:00,인천공항2터미널,서울역
24301,공항철도,,운서,DAY,DOWN,0,A2030,,06:48:00,인천공항2터미널,서울역
24302,공항철도,,영종,DAY,DOWN,0,A2030,,06:52:00,인천공항2터미널,서울역
24303,공항철도,,청라국제도시,DAY,DOWN,0,A2030,,07:01:00,인천공항2터미널,서울역
24304,공항철도,,검암,DAY,DOWN,0,A2030,,07:06:00,인천공항2터미널,서울역
24305,공항철도,,계양,DAY,DOWN,0,A2030,,07:12:00,인천공항2터미널,서울역
24306,공항철도,,김포공항,DAY,DOWN,0,A2030,,07:19:00,인천공항2터미널,서울역
24307,공항철도,,마곡나루,DAY,DOWN,0,A2030,,07:22:00,인천공항2터미널,서울역
24308,공항철도,,디지털미디어시티,DAY,DOWN,0,A2030,,07:29:00,인천공항2터미널,서울역
24309,공항철도,,홍대입구,DAY,DOWN,0,A2030,,07:33:00,인천공항2터미널,서울역
24310,공항철도,,공덕,DAY,DOWN,0,A2030,,07:37:00,인천공항2터미널,서울역
24311,공항철도,,인천공항2터미널,SAT,DOWN,0,A2030,,06:39:00,인천공항2터미널,서울역
24312,공항철도,,인천공항2터미널,END,DOWN,0,A2030,,06:39:00,인천공항2터미널,서울역
24313,공항철도,,인천공항1터미널,SAT,DOWN,0,A2030,,06:46:00,인천공항2터미널,서울역
24314,공항철도,,인천공항1터미널,END,DOWN,0,A2030,,06:46:00,인천공항2터미널,서울역
24315,공항철도,,공항화물청사,SAT,DOWN,0,A2030,,06:49:00,인천공항2터미널,서울역
24316,공항철도,,공항화물청사,END,DOWN,0,A2030,,06:49:00,인천공항2터미널,서울역
24317,공항철도,,운서,SAT,DOWN,0,A2030,,06:54:00,인천공항2터미널,서울역
24318,공항철도,,운서,END,DOWN,0,A2030,,06:54:00,인천공항2터미널,서울역
24319,공항철도,,영종,SAT,DOWN,0,A2030,,06:58:00,인천공항2터미널,서울역
24320,공항철도,,영종,END,DOWN,0,A2030,,06:58:00,인천공항2터미널,서울역
24321,공항철도,,청라국제도시,SAT,DOWN,0,A2030,,07:06:00,인천공항2터미널,서울역
24322,공항철도,,청라국제도시,END,DOWN,0,A2030,,07:06:00,인천공항2터미널,서울역
24323,공항철도,,검암,SAT,DOWN,0,A2030,,07:11:00,인천공항2터미널,서울역
24324,공항철도,,검암,END,DOWN,0,A2030,,07:11:00,인천공항2터미널,서울역
24325,공항철도,,계양,SAT,DOWN,0,A2030,,07:17:00,인천공항2터미널,서울역
24326,공항철도,,계양,END,DOWN,0,A2030,,07:17:00,인천공항2터미널,서울역
24327,공항철도,,김포공항,SAT,DOWN,0,A2030,,07:24:00,인천공항2터미널,서울역
24328,공항철도,,김포공항,END,DOWN,0,A2030,,07:24:00,인천공항2터미널,서울역
24329,공항철도,,마곡나루,SAT,DOWN,0,A2030,,07:27:00,인천공항2터미널,서울역
24330,공항철도,,마곡나루,END,DOWN,0,A2030,,07:27:00,인천공항2터미널,서울역
24331,공항철도,,디지털미디어시티,SAT,DOWN,0,A2030,,07:34:00,인천공항2터미널,서울역
24332,공항철도,,디지털미디어시티,END,DOWN,0,A2030,,07:34:00,인천공항2터미널,서울역
24333,공항철도,,홍대입구,SAT,DOWN,0,A2030,,07:38:00,인천공항2터미널,서울역
24334,공항철도,,홍대입구,END,DOWN,0,A2030,,07:38:00,인천공항2터미널,서울역
24335,공항철도,,공덕,SAT,DOWN,0,A2030,,07:42:00,인천공항2터미널,서울역
24336,공항철도,,공덕,END,DOWN,0,A2030,,07:42:00,인천공항2터미널,서울역
24337,공항철도,,서울역,DAY,DOWN,0,A2031,,08:08:00,서울역,인천공항2터미널
24338,공항철도,,공덕,DAY,DOWN,0,A2031,,08:12:00,서울역,인천공항2터미널
24339,공항철도,,홍대입구,DAY,DOWN,0,A2031,,08:16:00,서울역,인천공항2터미널
24340,공항철도,,디지털미디어시티,DAY,DOWN,0,A2031,,08:20:00,서울역,인천공항2터미널
24341,공항철도,,마곡나루,DAY,DOWN,0,A2031,,08:27:00,서울역,인천공항2터미널
24342,공항철도,,김포공항,DAY,DOWN,0,A2031,,08:30:00,서울역,인천공항2터미널
24343,공항철도,,계양,DAY,DOWN,0,A2031,,08:37:00,서울역,인천공항2터미널
24344,공항철도,,검암,DAY,DOWN,0,A2031,,08:43:00,서울역,인천공항2터미널
24345,공항철도,,청라국제도시,DAY,DOWN,0,A2031,,08:48:00,서울역,인천공항2터미널
24346,공항철도,,영종,DAY,DOWN,0,A2031,,08:56:00,서울역,인천공항2터미널
24347,공항철도,,운서,DAY,DOWN,0,A2031,,09:00:00,서울역,인천공항2터미널
24348,공항철도,,공항화물청사,DAY,DOWN,0,A2031,,09:05:00,서울역,인천공항2터미널
24349,공항철도,,인천공항1터미널,DAY,DOWN,0,A2031,,09:09:00,서울역,인천공항2터미널
24350,공항철도,,서울역,SAT,DOWN,0,A2031,,07:33:00,서울역,인천공항2터미널
24351,공항철도,,서울역,END,DOWN,0,A2031,,07:33:00,서울역,인천공항2터미널
24352,공항철도,,공덕,SAT,DOWN,0,A2031,,07:37:00,서울역,인천공항2터미널
24353,공항철도,,공덕,END,DOWN,0,A2031,,07:37:00,서울역,인천공항2터미널
24354,공항철도,,홍대입구,SAT,DOWN,0,A2031,,07:41:00,서울역,인천공항2터미널
24355,공항철도,,홍대입구,END,DOWN,0,A2031,,07:41:00,서울역,인천공항2터미널
24356,공항철도,,디지털미디어시티,SAT,DOWN,0,A2031,,07:45:00,서울역,인천공항2터미널
24357,공항철도,,디지털미디어시티,END,DOWN,0,A2031,,07:45:00,서울역,인천공항2터미널
24358,공항철도,,마곡나루,SAT,DOWN,0,A2031,,07:52:00,서울역,인천공항2터미널
24359,공항철도,,마곡나루,END,DOWN,0,A2031,,07:52:00,서울역,인천공항2터미널
24360,공항철도,,김포공항,SAT,DOWN,0,A2031,,07:55:00,서울역,인천공항2터미널
24361,공항철도,,김포공항,END,DOWN,0,A2031,,07:55:00,서울역,인천공항2터미널
24362,공항철도,,계양,SAT,DOWN,0,A2031,,08:02:00,서울역,인천공항2터미널
24363,공항철도,,계양,END,DOWN,0,A2031,,08:02:00,서울역,인천공항2터미널
24364,공항철도,,검암,SAT,DOWN,0,A2031,,08:08:00,서울역,인천공항2터미널
24365,공항철도,,검암,END,DOWN,0,A2031,,08:08:00,서울역,인천공항2터미널
24366,공항철도,,청라국제도시,SAT,DOWN,0,A2031,,08:13:00,서울역,인천공항2터미널
24367,공항철도,,청라국제도시,END,DOWN,0,A2031,,08:13:00,서울역,인천공항2터미널
24368,공항철도,,영종,SAT,DOWN,0,A2031,,08:21:00,서울역,인천공항2터미널
24369,공항철도,,영종,END,DOWN,0,A2031,,08:21:00,서울역,인천공항2터미널
24370,공항철도,,운서,SAT,DOWN,0,A2031,,08:25:00,서울역,인천공항2터미널
24371,공항철도,,운서,END,DOWN,0,A2031,,08:25:00,서울역,인천공항2터미널
24372,공항철도,,공항화물청사,SAT,DOWN,0,A2031,,08:30:00,서울역,인천공항2터미널
24373,공항철도,,공항화물청사,END,DOWN,0,A2031,,08:30:00,서울역,인천공항2터미널
24374,공항철도,,인천공항1터미널,SAT,DOWN,0,A2031,,08:34:00,서울역,인천공항2터미널
24375,공항철도,,인천공항1터미널,END,DOWN,0,A2031,,08:34:00,서울역,인천공항2터미널
24376,공항철도,,인천공항2터미널,DAY,DOWN,0,A2032,,06:38:00,인천공항2터미널,서울역
24377,공항철도,,인천공항1터미널,DAY,DOWN,0,A2032,,06:45:00,인천공항2터미널,서울역
24378,공항철도,,공항화물청사,DAY,DOWN,0,A2032,,06:48:00,인천공항2터미널,서울역
24379,공항철도,,운서,DAY,DOWN,0,A2032,,06:53:00,인천공항2터미널,서울역
24380,공항철도,,영종,DAY,DOWN,0,A2032,,06:57:00,인천공항2터미널,서울역
24381,공항철도,,청라국제도시,DAY,DOWN,0,A2032,,07:05:00,인천공항2터미널,서울역
24382,공항철도,,검암,DAY,DOWN,0,A2032,,07:10:00,인천공항2터미널,서울역
24383,공항철도,,계양,DAY,DOWN,0,A2032,,07:16:00,인천공항2터미널,서울역
24384,공항철도,,김포공항,DAY,DOWN,0,A2032,,07:23:00,인천공항2터미널,서울역
24385,공항철도,,마곡나루,DAY,DOWN,0,A2032,,07:26:00,인천공항2터미널,서울역
24386,공항철도,,디지털미디어시티,DAY,DOWN,0,A2032,,07:34:00,인천공항2터미널,서울역
24387,공항철도,,홍대입구,DAY,DOWN,0,A2032,,07:38:00,인천공항2터미널,서울역
24388,공항철도,,공덕,DAY,DOWN,0,A2032,,07:41:00,인천공항2터미널,서울역
24389,공항철도,,인천공항2터미널,SAT,DOWN,0,A2032,,06:45:00,인천공항2터미널,서울역
24390,공항철도,,인천공항2터미널,END,DOWN,0,A2032,,06:45:00,인천공항2터미널,서울역
24391,공항철도,,인천공항1터미널,SAT,DOWN,0,A2032,,06:52:00,인천공항2터미널,서울역
24392,공항철도,,인천공항1터미널,END,DOWN,0,A2032,,06:52:00,인천공항2터미널,서울역
24393,공항철도,,공항화물청사,SAT,DOWN,0,A2032,,06:55:00,인천공항2터미널,서울역
24394,공항철도,,공항화물청사,END,DOWN,0,A2032,,06:55:00,인천공항2터미널,서울역
24395,공항철도,,운서,SAT,DOWN,0,A2032,,07:00:00,인천공항2터미널,서울역
24396,공항철도,,운서,END,DOWN,0,A2032,,07:00:00,인천공항2터미널,서울역
24397,공항철도,,영종,SAT,DOWN,0,A2032,,07:04:00,인천공항2터미널,서울역
24398,공항철도,,영종,END,DOWN,0,A2032,,07:04:00,인천공항2터미널,서울역
24399,공항철도,,청라국제도시,SAT,DOWN,0,A2032,,07:12:00,인천공항2터미널,서울역
24400,공항철도,,청라국제도시,END,DOWN,0,A2032,,07:12:00,인천공항2터미널,서울역
24401,공항철도,,검암,SAT,DOWN,0,A2032,,07:17:00,인천공항2터미널,서울역
24402,공항철도,,검암,END,DOWN,0,A2032,,07:17:00,인천공항2터미널,서울역
24403,공항철도,,계양,SAT,DOWN,0,A2032,,07:23:00,인천공항2터미널,서울역
24404,공항철도,,계양,END,DOWN,0,A2032,,07:23:00,인천공항2터미널,서울역
24405,공항철도,,김포공항,SAT,DOWN,0,A2032,,07:30:00,인천공항2터미널,서울역
24406,공항철도,,김포공항,END,DOWN,0,A2032,,07:30:00,인천공항2터미널,서울역
24407,공항철도,,마곡나루,SAT,DOWN,0,A2032,,07:33:00,인천공항2터미널,서울역
24408,공항철도,,마곡나루,END,DOWN,0,A2032,,07:33:00,인천공항2터미널,서울역
24409,공항철도,,디지털미디어시티,SAT,DOWN,0,A2032,,07:40:00,인천공항2터미널,서울역
24410,공항철도,,디지털미디어시티,END,DOWN,0,A2032,,07:40:00,인천공항2터미널,서울역
24411,공항철도,,홍대입구,SAT,DOWN,0,A2032,,07:44:00,인천공항2터미널,서울역
24412,공항철도,,홍대입구,END,DOWN,0,A2032,,07:44:00,인천공항2터미널,서울역
24413,공항철도,,공덕,SAT,DOWN,0,A2032,,07:48:00,인천공항2터미널,서울역
24414,공항철도,,공덕,END,DOWN,0,A2032,,07:48:00,인천공항2터미널,서울역
24415,공항철도,,서울역,DAY,DOWN,0,A2033,,08:13:00,서울역,인천공항2터미널
24416,공항철도,,공덕,DAY,DOWN,0,A2033,,08:17:00,서울역,인천공항2터미널
24417,공항철도,,홍대입구,DAY,DOWN,0,A2033,,08:21:00,서울역,인천공항2터미널
24418,공항철도,,디지털미디어시티,DAY,DOWN,0,A2033,,08:25:00,서울역,인천공항2터미널
24419,공항철도,,마곡나루,DAY,DOWN,0,A2033,,08:32:00,서울역,인천공항2터미널
24420,공항철도,,김포공항,DAY,DOWN,0,A2033,,08:35:00,서울역,인천공항2터미널
24421,공항철도,,계양,DAY,DOWN,0,A2033,,08:42:00,서울역,인천공항2터미널
24422,공항철도,,검암,DAY,DOWN,0,A2033,,08:48:00,서울역,인천공항2터미널
24423,공항철도,,청라국제도시,DAY,DOWN,0,A2033,,08:53:00,서울역,인천공항2터미널
24424,공항철도,,영종,DAY,DOWN,0,A2033,,09:01:00,서울역,인천공항2터미널
24425,공항철도,,운서,DAY,DOWN,0,A2033,,09:05:00,서울역,인천공항2터미널
24426,공항철도,,공항화물청사,DAY,DOWN,0,A2033,,09:10:00,서울역,인천공항2터미널
24427,공항철도,,인천공항1터미널,DAY,DOWN,0,A2033,,09:14:00,서울역,인천공항2터미널
24428,공항철도,,서울역,SAT,DOWN,0,A2033,,07:38:00,서울역,인천공항2터미널
24429,공항철도,,서울역,END,DOWN,0,A2033,,07:38:00,서울역,인천공항2터미널
24430,공항철도,,공덕,SAT,DOWN,0,A2033,,07:43:00,서울역,인천공항2터미널
24431,공항철도,,공덕,END,DOWN,0,A2033,,07:43:00,서울역,인천공항2터미널
24432,공항철도,,홍대입구,SAT,DOWN,0,A2033,,07:46:00,서울역,인천공항2터미널
24433,공항철도,,홍대입구,END,DOWN,0,A2033,,07:46:00,서울역,인천공항2터미널
24434,공항철도,,디지털미디어시티,SAT,DOWN,0,A2033,,07:50:00,서울역,인천공항2터미널
24435,공항철도,,디지털미디어시티,END,DOWN,0,A2033,,07:50:00,서울역,인천공항2터미널
24436,공항철도,,마곡나루,SAT,DOWN,0,A2033,,07:58:00,서울역,인천공항2터미널
24437,공항철도,,마곡나루,END,DOWN,0,A2033,,07:58:00,서울역,인천공항2터미널
24438,공항철도,,김포공항,SAT,DOWN,0,A2033,,08:01:00,서울역,인천공항2터미널
24439,공항철도,,김포공항,END,DOWN,0,A2033,,08:01:00,서울역,인천공항2터미널
24440,공항철도,,계양,SAT,DOWN,0,A2033,,08:07:00,서울역,인천공항2터미널
24441,공항철도,,계양,END,DOWN,0,A2033,,08:07:00,서울역,인천공항2터미널
24442,공항철도,,검암,SAT,DOWN,0,A2033,,08:13:00,서울역,인천공항2터미널
24443,공항철도,,검암,END,DOWN,0,A2033,,08:13:00,서울역,인천공항2터미널
24444,공항철도,,청라국제도시,SAT,DOWN,0,A2033,,08:18:00,서울역,인천공항2터미널
24445,공항철도,,청라국제도시,END,DOWN,0,A2033,,08:18:00,서울역,인천공항2터미널
24446,공항철도,,영종,SAT,DOWN,0,A2033,,08:27:00,서울역,인천공항2터미널
24447,공항철도,,영종,END,DOWN,0,A2033,,08:27:00,서울역,인천공항2터미널
24448,공항철도,,운서,SAT,DOWN,0,A2033,,08:31:00,서울역,인천공항2터미널
24449,공항철도,,운서,END,DOWN,0,A2033,,08:31:00,서울역,인천공항2터미널
24450,공항철도,,공항화물청사,SAT,DOWN,0,A2033,,08:35:00,서울역,인천공항2터미널
24451,공항철도,,공항화물청사,END,DOWN,0,A2033,,08:35:00,서울역,인천공항2터미널
24452,공항철도,,인천공항1터미널,SAT,DOWN,0,A2033,,08:39:00,서울역,인천공항2터미널
24453,공항철도,,인천공항1터미널,END,DOWN,0,A2033,,08:39:00,서울역,인천공항2터미널
24454,공항철도,,인천공항2터미널,DAY,DOWN,0,A2034,,06:42:00,인천공항2터미널,서울역
24455,공항철도,,인천공항1터미널,DAY,DOWN,0,A2034,,06:49:00,인천공항2터미널,서울역
24456,공항철도,,공항화물청사,DAY,DOWN,0,A2034,,06:52:00,인천공항2터미널,서울역
24457,공항철도,,운서,DAY,DOWN,0,A2034,,06:57:00,인천공항2터미널,서울역
24458,공항철도,,영종,DAY,DOWN,0,A2034,,07:01:00,인천공항2터미널,서울역
24459,공항철도,,청라국제도시,DAY,DOWN,0,A2034,,07:09:00,인천공항2터미널,서울역
24460,공항철도,,검암,DAY,DOWN,0,A2034,,07:14:00,인천공항2터미널,서울역
24461,공항철도,,계양,DAY,DOWN,0,A2034,,07:20:00,인천공항2터미널,서울역
24462,공항철도,,김포공항,DAY,DOWN,0,A2034,,07:27:00,인천공항2터미널,서울역
24463,공항철도,,마곡나루,DAY,DOWN,0,A2034,,07:30:00,인천공항2터미널,서울역
24464,공항철도,,디지털미디어시티,DAY,DOWN,0,A2034,,07:38:00,인천공항2터미널,서울역
24465,공항철도,,홍대입구,DAY,DOWN,0,A2034,,07:42:00,인천공항2터미널,서울역
24466,공항철도,,공덕,DAY,DOWN,0,A2034,,07:45:00,인천공항2터미널,서울역
24467,공항철도,,인천공항2터미널,SAT,DOWN,0,A2034,,06:52:00,인천공항2터미널,서울역
24468,공항철도,,인천공항2터미널,END,DOWN,0,A2034,,06:52:00,인천공항2터미널,서울역
24469,공항철도,,인천공항1터미널,SAT,DOWN,0,A2034,,06:58:00,인천공항2터미널,서울역
24470,공항철도,,인천공항1터미널,END,DOWN,0,A2034,,06:58:00,인천공항2터미널,서울역
24471,공항철도,,공항화물청사,SAT,DOWN,0,A2034,,07:02:00,인천공항2터미널,서울역
24472,공항철도,,공항화물청사,END,DOWN,0,A2034,,07:02:00,인천공항2터미널,서울역
24473,공항철도,,운서,SAT,DOWN,0,A2034,,07:06:00,인천공항2터미널,서울역
24474,공항철도,,운서,END,DOWN,0,A2034,,07:06:00,인천공항2터미널,서울역
24475,공항철도,,영종,SAT,DOWN,0,A2034,,07:10:00,인천공항2터미널,서울역
24476,공항철도,,영종,END,DOWN,0,A2034,,07:10:00,인천공항2터미널,서울역
24477,공항철도,,청라국제도시,SAT,DOWN,0,A2034,,07:19:00,인천공항2터미널,서울역
24478,공항철도,,청라국제도시,END,DOWN,0,A2034,,07:19:00,인천공항2터미널,서울역
24479,공항철도,,검암,SAT,DOWN,0,A2034,,07:24:00,인천공항2터미널,서울역
24480,공항철도,,검암,END,DOWN,0,A2034,,07:24:00,인천공항2터미널,서울역
24481,공항철도,,계양,SAT,DOWN,0,A2034,,07:30:00,인천공항2터미널,서울역
24482,공항철도,,계양,END,DOWN,0,A2034,,07:30:00,인천공항2터미널,서울역
24483,공항철도,,김포공항,SAT,DOWN,0,A2034,,07:36:00,인천공항2터미널,서울역
24484,공항철도,,김포공항,END,DOWN,0,A2034,,07:36:00,인천공항2터미널,서울역
24485,공항철도,,마곡나루,SAT,DOWN,0,A2034,,07:39:00,인천공항2터미널,서울역
24486,공항철도,,마곡나루,END,DOWN,0,A2034,,07:39:00,인천공항2터미널,서울역
24487,공항철도,,디지털미디어시티,SAT,DOWN,0,A2034,,07:48:00,인천공항2터미널,서울역
24488,공항철도,,디지털미디어시티,END,DOWN,0,A2034,,07:48:00,인천공항2터미널,서울역
24489,공항철도,,홍대입구,SAT,DOWN,0,A2034,,07:52:00,인천공항2터미널,서울역
24490,공항철도,,홍대입구,END,DOWN,0,A2034,,07:52:00,인천공항2터미널,서울역
24491,공항철도,,공덕,SAT,DOWN,0,A2034,,07:56:00,인천공항2터미널,서울역
24492,공항철도,,공덕,END,DOWN,0,A2034,,07:56:00,인천공항2터미널,서울역
24493,공항철도,,서울역,DAY,DOWN,0,A2035,,08:20:00,서울역,인천공항2터미널
24494,공항철도,,공덕,DAY,DOWN,0,A2035,,08:25:00,서울역,인천공항2터미널
24495,공항철도,,홍대입구,DAY,DOWN,0,A2035,,08:28:00,서울역,인천공항2터미널
24496,공항철도,,디지털미디어시티,DAY,DOWN,0,A2035,,08:32:00,서울역,인천공항2터미널
24497,공항철도,,마곡나루,DAY,DOWN,0,A2035,,08:40:00,서울역,인천공항2터미널
24498,공항철도,,김포공항,DAY,DOWN,0,A2035,,08:43:00,서울역,인천공항2터미널
24499,공항철도,,계양,DAY,DOWN,0,A2035,,08:49:00,서울역,인천공항2터미널
24500,공항철도,,검암,DAY,DOWN,0,A2035,,08:55:00,서울역,인천공항2터미널
24501,공항철도,,청라국제도시,DAY,DOWN,0,A2035,,09:00:00,서울역,인천공항2터미널
24502,공항철도,,영종,DAY,DOWN,0,A2035,,09:09:00,서울역,인천공항2터미널
24503,공항철도,,운서,DAY,DOWN,0,A2035,,09:13:00,서울역,인천공항2터미널
24504,공항철도,,공항화물청사,DAY,DOWN,0,A2035,,09:17:00,서울역,인천공항2터미널
24505,공항철도,,인천공항1터미널,DAY,DOWN,0,A2035,,09:21:00,서울역,인천공항2터미널
24506,공항철도,,서울역,SAT,DOWN,0,A2035,,07:47:00,서울역,인천공항2터미널
24507,공항철도,,서울역,END,DOWN,0,A2035,,07:47:00,서울역,인천공항2터미널
24508,공항철도,,공덕,SAT,DOWN,0,A2035,,07:52:00,서울역,인천공항2터미널
24509,공항철도,,공덕,END,DOWN,0,A2035,,07:52:00,서울역,인천공항2터미널
24510,공항철도,,홍대입구,SAT,DOWN,0,A2035,,07:55:00,서울역,인천공항2터미널
24511,공항철도,,홍대입구,END,DOWN,0,A2035,,07:55:00,서울역,인천공항2터미널
24512,공항철도,,디지털미디어시티,SAT,DOWN,0,A2035,,07:59:00,서울역,인천공항2터미널
24513,공항철도,,디지털미디어시티,END,DOWN,0,A2035,,07:59:00,서울역,인천공항2터미널
24514,공항철도,,마곡나루,SAT,DOWN,0,A2035,,08:07:00,서울역,인천공항2터미널
24515,공항철도,,마곡나루,END,DOWN,0,A2035,,08:07:00,서울역,인천공항2터미널
24516,공항철도,,김포공항,SAT,DOWN,0,A2035,,08:10:00,서울역,인천공항2터미널
24517,공항철도,,김포공항,END,DOWN,0,A2035,,08:10:00,서울역,인천공항2터미널
24518,공항철도,,계양,SAT,DOWN,0,A2035,,08:16:00,서울역,인천공항2터미널
24519,공항철도,,계양,END,DOWN,0,A2035,,08:16:00,서울역,인천공항2터미널
24520,공항철도,,검암,SAT,DOWN,0,A2035,,08:22:00,서울역,인천공항2터미널
24521,공항철도,,검암,END,DOWN,0,A2035,,08:22:00,서울역,인천공항2터미널
24522,공항철도,,청라국제도시,SAT,DOWN,0,A2035,,08:27:00,서울역,인천공항2터미널
24523,공항철도,,청라국제도시,END,DOWN,0,A2035,,08:27:00,서울역,인천공항2터미널
24524,공항철도,,영종,SAT,DOWN,0,A2035,,08:36:00,서울역,인천공항2터미널
24525,공항철도,,영종,END,DOWN,0,A2035,,08:36:00,서울역,인천공항2터미널
24526,공항철도,,운서,SAT,DOWN,0,A2035,,08:40:00,서울역,인천공항2터미널
24527,공항철도,,운서,END,DOWN,0,A2035,,08:40:00,서울역,인천공항2터미널
24528,공항철도,,공항화물청사,SAT,DOWN,0,A2035,,08:44:00,서울역,인천공항2터미널
24529,공항철도,,공항화물청사,END,DOWN,0,A2035,,08:44:00,서울역,인천공항2터미널
24530,공항철도,,인천공항1터미널,SAT,DOWN,0,A2035,,08:48:00,서울역,인천공항2터미널
24531,공항철도,,인천공항1터미널,END,DOWN,0,A2035,,08:48:00,서울역,인천공항2터미널
24532,공항철도,,인천공항2터미널,DAY,DOWN,0,A2036,,06:47:00,인천공항2터미널,서울역
24533,공항철도,,인천공항1터미널,DAY,DOWN,0,A2036,,06:53:00,인천공항2터미널,서울역
24534,공항철도,,공항화물청사,DAY,DOWN,0,A2036,,06:57:00,인천공항2터미널,서울역
24535,공항철도,,운서,DAY,DOWN,0,A2036,,07:01:00,인천공항2터미널,서울역
24536,공항철도,,영종,DAY,DOWN,0,A2036,,07:05:00,인천공항2터미널,서울역
24537,공항철도,,청라국제도시,DAY,DOWN,0,A2036,,07:14:00,인천공항2터미널,서울역
24538,공항철도,,검암,DAY,DOWN,0,A2036,,07:19:00,인천공항2터미널,서울역
24539,공항철도,,계양,DAY,DOWN,0,A2036,,07:25:00,인천공항2터미널,서울역
24540,공항철도,,김포공항,DAY,DOWN,0,A2036,,07:32:00,인천공항2터미널,서울역
24541,공항철도,,마곡나루,DAY,DOWN,0,A2036,,07:35:00,인천공항2터미널,서울역
24542,공항철도,,디지털미디어시티,DAY,DOWN,0,A2036,,07:42:00,인천공항2터미널,서울역
24543,공항철도,,홍대입구,DAY,DOWN,0,A2036,,07:46:00,인천공항2터미널,서울역
24544,공항철도,,공덕,DAY,DOWN,0,A2036,,07:50:00,인천공항2터미널,서울역
24545,공항철도,,인천공항2터미널,SAT,DOWN,0,A2036,,06:58:00,인천공항2터미널,서울역
24546,공항철도,,인천공항2터미널,END,DOWN,0,A2036,,06:58:00,인천공항2터미널,서울역
24547,공항철도,,인천공항1터미널,SAT,DOWN,0,A2036,,07:04:00,인천공항2터미널,서울역
24548,공항철도,,인천공항1터미널,END,DOWN,0,A2036,,07:04:00,인천공항2터미널,서울역
24549,공항철도,,공항화물청사,SAT,DOWN,0,A2036,,07:08:00,인천공항2터미널,서울역
24550,공항철도,,공항화물청사,END,DOWN,0,A2036,,07:08:00,인천공항2터미널,서울역
24551,공항철도,,운서,SAT,DOWN,0,A2036,,07:12:00,인천공항2터미널,서울역
24552,공항철도,,운서,END,DOWN,0,A2036,,07:12:00,인천공항2터미널,서울역
24553,공항철도,,영종,SAT,DOWN,0,A2036,,07:16:00,인천공항2터미널,서울역
24554,공항철도,,영종,END,DOWN,0,A2036,,07:16:00,인천공항2터미널,서울역
24555,공항철도,,청라국제도시,SAT,DOWN,0,A2036,,07:25:00,인천공항2터미널,서울역
24556,공항철도,,청라국제도시,END,DOWN,0,A2036,,07:25:00,인천공항2터미널,서울역
24557,공항철도,,검암,SAT,DOWN,0,A2036,,07:31:00,인천공항2터미널,서울역
24558,공항철도,,검암,END,DOWN,0,A2036,,07:31:00,인천공항2터미널,서울역
24559,공항철도,,계양,SAT,DOWN,0,A2036,,07:37:00,인천공항2터미널,서울역
24560,공항철도,,계양,END,DOWN,0,A2036,,07:37:00,인천공항2터미널,서울역
24561,공항철도,,김포공항,SAT,DOWN,0,A2036,,07:44:00,인천공항2터미널,서울역
24562,공항철도,,김포공항,END,DOWN,0,A2036,,07:44:00,인천공항2터미널,서울역
24563,공항철도,,마곡나루,SAT,DOWN,0,A2036,,07:47:00,인천공항2터미널,서울역
24564,공항철도,,마곡나루,END,DOWN,0,A2036,,07:47:00,인천공항2터미널,서울역
24565,공항철도,,디지털미디어시티,SAT,DOWN,0,A2036,,07:54:00,인천공항2터미널,서울역
24566,공항철도,,디지털미디어시티,END,DOWN,0,A2036,,07:54:00,인천공항2터미널,서울역
24567,공항철도,,홍대입구,SAT,DOWN,0,A2036,,07:58:00,인천공항2터미널,서울역
24568,공항철도,,홍대입구,END,DOWN,0,A2036,,07:58:00,인천공항2터미널,서울역
24569,공항철도,,공덕,SAT,DOWN,0,A2036,,08:02:00,인천공항2터미널,서울역
24570,공항철도,,공덕,END,DOWN,0,A2036,,08:02:00,인천공항2터미널,서울역
24571,공항철도,,서울역,DAY,DOWN,0,A2037,,08:26:00,서울역,인천공항2터미널
24572,공항철도,,공덕,DAY,DOWN,0,A2037,,08:31:00,서울역,인천공항2터미널
24573,공항철도,,홍대입구,DAY,DOWN,0,A2037,,08:34:00,서울역,인천공항2터미널
24574,공항철도,,디지털미디어시티,DAY,DOWN,0,A2037,,08:38:00,서울역,인천공항2터미널
24575,공항철도,,마곡나루,DAY,DOWN,0,A2037,,08:46:00,서울역,인천공항2터미널
24576,공항철도,,김포공항,DAY,DOWN,0,A2037,,08:49:00,서울역,인천공항2터미널
24577,공항철도,,계양,DAY,DOWN,0,A2037,,08:55:00,서울역,인천공항2터미널
24578,공항철도,,검암,DAY,DOWN,0,A2037,,09:01:00,서울역,인천공항2터미널
24579,공항철도,,청라국제도시,DAY,DOWN,0,A2037,,09:06:00,서울역,인천공항2터미널
24580,공항철도,,영종,DAY,DOWN,0,A2037,,09:15:00,서울역,인천공항2터미널
24581,공항철도,,운서,DAY,DOWN,0,A2037,,09:19:00,서울역,인천공항2터미널
24582,공항철도,,공항화물청사,DAY,DOWN,0,A2037,,09:23:00,서울역,인천공항2터미널
24583,공항철도,,인천공항1터미널,DAY,DOWN,0,A2037,,09:27:00,서울역,인천공항2터미널
24584,공항철도,,서울역,SAT,DOWN,0,A2037,,07:55:00,서울역,인천공항2터미널
24585,공항철도,,서울역,END,DOWN,0,A2037,,07:55:00,서울역,인천공항2터미널
24586,공항철도,,공덕,SAT,DOWN,0,A2037,,07:59:00,서울역,인천공항2터미널
24587,공항철도,,공덕,END,DOWN,0,A2037,,07:59:00,서울역,인천공항2터미널
24588,공항철도,,홍대입구,SAT,DOWN,0,A2037,,08:03:00,서울역,인천공항2터미널
24589,공항철도,,홍대입구,END,DOWN,0,A2037,,08:03:00,서울역,인천공항2터미널
24590,공항철도,,디지털미디어시티,SAT,DOWN,0,A2037,,08:07:00,서울역,인천공항2터미널
24591,공항철도,,디지털미디어시티,END,DOWN,0,A2037,,08:07:00,서울역,인천공항2터미널
24592,공항철도,,마곡나루,SAT,DOWN,0,A2037,,08:14:00,서울역,인천공항2터미널
24593,공항철도,,마곡나루,END,DOWN,0,A2037,,08:14:00,서울역,인천공항2터미널
24594,공항철도,,김포공항,SAT,DOWN,0,A2037,,08:17:00,서울역,인천공항2터미널
24595,공항철도,,김포공항,END,DOWN,0,A2037,,08:17:00,서울역,인천공항2터미널
24596,공항철도,,계양,SAT,DOWN,0,A2037,,08:24:00,서울역,인천공항2터미널
24597,공항철도,,계양,END,DOWN,0,A2037,,08:24:00,서울역,인천공항2터미널
24598,공항철도,,검암,SAT,DOWN,0,A2037,,08:31:00,서울역,인천공항2터미널
24599,공항철도,,검암,END,DOWN,0,A2037,,08:31:00,서울역,인천공항2터미널
24600,공항철도,,청라국제도시,SAT,DOWN,0,A2037,,08:36:00,서울역,인천공항2터미널
24601,공항철도,,청라국제도시,END,DOWN,0,A2037,,08:36:00,서울역,인천공항2터미널
24602,공항철도,,영종,SAT,DOWN,0,A2037,,08:45:00,서울역,인천공항2터미널
24603,공항철도,,영종,END,DOWN,0,A2037,,08:45:00,서울역,인천공항2터미널
24604,공항철도,,운서,SAT,DOWN,0,A2037,,08:49:00,서울역,인천공항2터미널
24605,공항철도,,운서,END,DOWN,0,A2037,,08:49:00,서울역,인천공항2터미널
24606,공항철도,,공항화물청사,SAT,DOWN,0,A2037,,08:53:00,서울역,인천공항2터미널
24607,공항철도,,공항화물청사,END,DOWN,0,A2037,,08:53:00,서울역,인천공항2터미널
24608,공항철도,,인천공항1터미널,SAT,DOWN,0,A2037,,08:57:00,서울역,인천공항2터미널
24609,공항철도,,인천공항1터미널,END,DOWN,0,A2037,,08:57:00,서울역,인천공항2터미널
24610,공항철도,,인천공항2터미널,DAY,DOWN,0,A2038,,06:52:00,인천공항2터미널,서울역
24611,공항철도,,인천공항1터미널,DAY,DOWN,0,A2038,,06:58:00,인천공항2터미널,서울역
24612,공항철도,,공항화물청사,DAY,DOWN,0,A2038,,07:02:00,인천공항2터미널,서울역
24613,공항철도,,운서,DAY,DOWN,0,A2038,,07:06:00,인천공항2터미널,서울역
24614,공항철도,,영종,DAY,DOWN,0,A2038,,07:10:00,인천공항2터미널,서울역
24615,공항철도,,청라국제도시,DAY,DOWN,0,A2038,,07:19:00,인천공항2터미널,서울역
24616,공항철도,,검암,DAY,DOWN,0,A2038,,07:24:00,인천공항2터미널,서울역
24617,공항철도,,계양,DAY,DOWN,0,A2038,,07:30:00,인천공항2터미널,서울역
24618,공항철도,,김포공항,DAY,DOWN,0,A2038,,07:37:00,인천공항2터미널,서울역
24619,공항철도,,마곡나루,DAY,DOWN,0,A2038,,07:40:00,인천공항2터미널,서울역
24620,공항철도,,디지털미디어시티,DAY,DOWN,0,A2038,,07:49:00,인천공항2터미널,서울역
24621,공항철도,,홍대입구,DAY,DOWN,0,A2038,,07:53:00,인천공항2터미널,서울역
24622,공항철도,,공덕,DAY,DOWN,0,A2038,,07:56:00,인천공항2터미널,서울역
24623,공항철도,,인천공항2터미널,SAT,DOWN,0,A2038,,07:02:00,인천공항2터미널,서울역
24624,공항철도,,인천공항2터미널,END,DOWN,0,A2038,,07:02:00,인천공항2터미널,서울역
24625,공항철도,,인천공항1터미널,SAT,DOWN,0,A2038,,07:08:00,인천공항2터미널,서울역
24626,공항철도,,인천공항1터미널,END,DOWN,0,A2038,,07:08:00,인천공항2터미널,서울역
24627,공항철도,,공항화물청사,SAT,DOWN,0,A2038,,07:12:00,인천공항2터미널,서울역
24628,공항철도,,공항화물청사,END,DOWN,0,A2038,,07:12:00,인천공항2터미널,서울역
24629,공항철도,,운서,SAT,DOWN,0,A2038,,07:16:00,인천공항2터미널,서울역
24630,공항철도,,운서,END,DOWN,0,A2038,,07:16:00,인천공항2터미널,서울역
24631,공항철도,,영종,SAT,DOWN,0,A2038,,07:22:00,인천공항2터미널,서울역
24632,공항철도,,영종,END,DOWN,0,A2038,,07:22:00,인천공항2터미널,서울역
24633,공항철도,,청라국제도시,SAT,DOWN,0,A2038,,07:30:00,인천공항2터미널,서울역
24634,공항철도,,청라국제도시,END,DOWN,0,A2038,,07:30:00,인천공항2터미널,서울역
24635,공항철도,,검암,SAT,DOWN,0,A2038,,07:35:00,인천공항2터미널,서울역
24636,공항철도,,검암,END,DOWN,0,A2038,,07:35:00,인천공항2터미널,서울역
24637,공항철도,,계양,SAT,DOWN,0,A2038,,07:41:00,인천공항2터미널,서울역
24638,공항철도,,계양,END,DOWN,0,A2038,,07:41:00,인천공항2터미널,서울역
24639,공항철도,,김포공항,SAT,DOWN,0,A2038,,07:48:00,인천공항2터미널,서울역
24640,공항철도,,김포공항,END,DOWN,0,A2038,,07:48:00,인천공항2터미널,서울역
24641,공항철도,,마곡나루,SAT,DOWN,0,A2038,,07:51:00,인천공항2터미널,서울역
24642,공항철도,,마곡나루,END,DOWN,0,A2038,,07:51:00,인천공항2터미널,서울역
24643,공항철도,,디지털미디어시티,SAT,DOWN,0,A2038,,07:58:00,인천공항2터미널,서울역
24644,공항철도,,디지털미디어시티,END,DOWN,0,A2038,,07:58:00,인천공항2터미널,서울역
24645,공항철도,,홍대입구,SAT,DOWN,0,A2038,,08:02:00,인천공항2터미널,서울역
24646,공항철도,,홍대입구,END,DOWN,0,A2038,,08:02:00,인천공항2터미널,서울역
24647,공항철도,,공덕,SAT,DOWN,0,A2038,,08:06:00,인천공항2터미널,서울역
24648,공항철도,,공덕,END,DOWN,0,A2038,,08:06:00,인천공항2터미널,서울역
24649,공항철도,,서울역,DAY,DOWN,0,A2039,,08:30:00,서울역,인천공항2터미널
24650,공항철도,,공덕,DAY,DOWN,0,A2039,,08:34:00,서울역,인천공항2터미널
24651,공항철도,,홍대입구,DAY,DOWN,0,A2039,,08:38:00,서울역,인천공항2터미널
24652,공항철도,,디지털미디어시티,DAY,DOWN,0,A2039,,08:42:00,서울역,인천공항2터미널
24653,공항철도,,마곡나루,DAY,DOWN,0,A2039,,08:49:00,서울역,인천공항2터미널
24654,공항철도,,김포공항,DAY,DOWN,0,A2039,,08:52:00,서울역,인천공항2터미널
24655,공항철도,,계양,DAY,DOWN,0,A2039,,08:59:00,서울역,인천공항2터미널
24656,공항철도,,검암,DAY,DOWN,0,A2039,,09:05:00,서울역,인천공항2터미널
24657,공항철도,,청라국제도시,DAY,DOWN,0,A2039,,09:10:00,서울역,인천공항2터미널
24658,공항철도,,영종,DAY,DOWN,0,A2039,,09:18:00,서울역,인천공항2터미널
24659,공항철도,,운서,DAY,DOWN,0,A2039,,09:22:00,서울역,인천공항2터미널
24660,공항철도,,공항화물청사,DAY,DOWN,0,A2039,,09:27:00,서울역,인천공항2터미널
24661,공항철도,,인천공항1터미널,DAY,DOWN,0,A2039,,09:31:00,서울역,인천공항2터미널
24662,공항철도,,서울역,SAT,DOWN,0,A2039,,08:02:00,서울역,인천공항2터미널
24663,공항철도,,서울역,END,DOWN,0,A2039,,08:02:00,서울역,인천공항2터미널
24664,공항철도,,공덕,SAT,DOWN,0,A2039,,08:06:00,서울역,인천공항2터미널
24665,공항철도,,공덕,END,DOWN,0,A2039,,08:06:00,서울역,인천공항2터미널
24666,공항철도,,홍대입구,SAT,DOWN,0,A2039,,08:10:00,서울역,인천공항2터미널
24667,공항철도,,홍대입구,END,DOWN,0,A2039,,08:10:00,서울역,인천공항2터미널
24668,공항철도,,디지털미디어시티,SAT,DOWN,0,A2039,,08:15:00,서울역,인천공항2터미널
24669,공항철도,,디지털미디어시티,END,DOWN,0,A2039,,08:15:00,서울역,인천공항2터미널
24670,공항철도,,마곡나루,SAT,DOWN,0,A2039,,08:23:00,서울역,인천공항2터미널
24671,공항철도,,마곡나루,END,DOWN,0,A2039,,08:23:00,서울역,인천공항2터미널
24672,공항철도,,김포공항,SAT,DOWN,0,A2039,,08:26:00,서울역,인천공항2터미널
24673,공항철도,,김포공항,END,DOWN,0,A2039,,08:26:00,서울역,인천공항2터미널
24674,공항철도,,계양,SAT,DOWN,0,A2039,,08:32:00,서울역,인천공항2터미널
24675,공항철도,,계양,END,DOWN,0,A2039,,08:32:00,서울역,인천공항2터미널
24676,공항철도,,검암,SAT,DOWN,0,A2039,,08:38:00,서울역,인천공항2터미널
24677,공항철도,,검암,END,DOWN,0,A2039,,08:38:00,서울역,인천공항2터미널
24678,공항철도,,청라국제도시,SAT,DOWN,0,A2039,,08:43:00,서울역,인천공항2터미널
24679,공항철도,,청라국제도시,END,DOWN,0,A2039,,08:43:00,서울역,인천공항2터미널
24680,공항철도,,영종,SAT,DOWN,0,A2039,,08:52:00,서울역,인천공항2터미널
24681,공항철도,,영종,END,DOWN,0,A2039,,08:52:00,서울역,인천공항2터미널
24682,공항철도,,운서,SAT,DOWN,0,A2039,,08:56:00,서울역,인천공항2터미널
24683,공항철도,,운서,END,DOWN,0,A2039,,08:56:00,서울역,인천공항2터미널
24684,공항철도,,공항화물청사,SAT,DOWN,0,A2039,,09:00:00,서울역,인천공항2터미널
24685,공항철도,,공항화물청사,END,DOWN,0,A2039,,09:00:00,서울역,인천공항2터미널
24686,공항철도,,인천공항1터미널,SAT,DOWN,0,A2039,,09:04:00,서울역,인천공항2터미널
24687,공항철도,,인천공항1터미널,END,DOWN,0,A2039,,09:04:00,서울역,인천공항2터미널
24688,공항철도,,인천공항2터미널,DAY,DOWN,0,A2040,,06:58:00,인천공항2터미널,서울역
24689,공항철도,,인천공항1터미널,DAY,DOWN,0,A2040,,07:04:00,인천공항2터미널,서울역
24690,공항철도,,공항화물청사,DAY,DOWN,0,A2040,,07:08:00,인천공항2터미널,서울역
24691,공항철도,,운서,DAY,DOWN,0,A2040,,07:12:00,인천공항2터미널,서울역
24692,공항철도,,영종,DAY,DOWN,0,A2040,,07:16:00,인천공항2터미널,서울역
24693,공항철도,,청라국제도시,DAY,DOWN,0,A2040,,07:25:00,인천공항2터미널,서울역
24694,공항철도,,검암,DAY,DOWN,0,A2040,,07:31:00,인천공항2터미널,서울역
24695,공항철도,,계양,DAY,DOWN,0,A2040,,07:37:00,인천공항2터미널,서울역
24696,공항철도,,김포공항,DAY,DOWN,0,A2040,,07:44:00,인천공항2터미널,서울역
24697,공항철도,,마곡나루,DAY,DOWN,0,A2040,,07:47:00,인천공항2터미널,서울역
24698,공항철도,,디지털미디어시티,DAY,DOWN,0,A2040,,07:55:00,인천공항2터미널,서울역
24699,공항철도,,홍대입구,DAY,DOWN,0,A2040,,07:59:00,인천공항2터미널,서울역
24700,공항철도,,공덕,DAY,DOWN,0,A2040,,08:02:00,인천공항2터미널,서울역
24701,공항철도,,인천공항2터미널,SAT,DOWN,0,A2040,,07:11:00,인천공항2터미널,서울역
24702,공항철도,,인천공항2터미널,END,DOWN,0,A2040,,07:11:00,인천공항2터미널,서울역
24703,공항철도,,인천공항1터미널,SAT,DOWN,0,A2040,,07:17:00,인천공항2터미널,서울역
24704,공항철도,,인천공항1터미널,END,DOWN,0,A2040,,07:17:00,인천공항2터미널,서울역
24705,공항철도,,공항화물청사,SAT,DOWN,0,A2040,,07:21:00,인천공항2터미널,서울역
24706,공항철도,,공항화물청사,END,DOWN,0,A2040,,07:21:00,인천공항2터미널,서울역
24707,공항철도,,운서,SAT,DOWN,0,A2040,,07:25:00,인천공항2터미널,서울역
24708,공항철도,,운서,END,DOWN,0,A2040,,07:25:00,인천공항2터미널,서울역
24709,공항철도,,영종,SAT,DOWN,0,A2040,,07:29:00,인천공항2터미널,서울역
24710,공항철도,,영종,END,DOWN,0,A2040,,07:29:00,인천공항2터미널,서울역
24711,공항철도,,청라국제도시,SAT,DOWN,0,A2040,,07:38:00,인천공항2터미널,서울역
24712,공항철도,,청라국제도시,END,DOWN,0,A2040,,07:38:00,인천공항2터미널,서울역
24713,공항철도,,검암,SAT,DOWN,0,A2040,,07:43:00,인천공항2터미널,서울역
24714,공항철도,,검암,END,DOWN,0,A2040,,07:43:00,인천공항2터미널,서울역
24715,공항철도,,계양,SAT,DOWN,0,A2040,,07:49:00,인천공항2터미널,서울역
24716,공항철도,,계양,END,DOWN,0,A2040,,07:49:00,인천공항2터미널,서울역
24717,공항철도,,김포공항,SAT,DOWN,0,A2040,,07:55:00,인천공항2터미널,서울역
24718,공항철도,,김포공항,END,DOWN,0,A2040,,07:55:00,인천공항2터미널,서울역
24719,공항철도,,마곡나루,SAT,DOWN,0,A2040,,07:58:00,인천공항2터미널,서울역
24720,공항철도,,마곡나루,END,DOWN,0,A2040,,07:58:00,인천공항2터미널,서울역
24721,공항철도,,디지털미디어시티,SAT,DOWN,0,A2040,,08:06:00,인천공항2터미널,서울역
24722,공항철도,,디지털미디어시티,END,DOWN,0,A2040,,08:06:00,인천공항2터미널,서울역
24723,공항철도,,홍대입구,SAT,DOWN,0,A2040,,08:10:00,인천공항2터미널,서울역
24724,공항철도,,홍대입구,END,DOWN,0,A2040,,08:10:00,인천공항2터미널,서울역
24725,공항철도,,공덕,SAT,DOWN,0,A2040,,08:13:00,인천공항2터미널,서울역
24726,공항철도,,공덕,END,DOWN,0,A2040,,08:13:00,인천공항2터미널,서울역
24727,공항철도,,서울역,DAY,DOWN,0,A2041,,08:36:00,서울역,인천공항2터미널
24728,공항철도,,공덕,DAY,DOWN,0,A2041,,08:41:00,서울역,인천공항2터미널
24729,공항철도,,홍대입구,DAY,DOWN,0,A2041,,08:44:00,서울역,인천공항2터미널
24730,공항철도,,디지털미디어시티,DAY,DOWN,0,A2041,,08:48:00,서울역,인천공항2터미널
24731,공항철도,,마곡나루,DAY,DOWN,0,A2041,,08:56:00,서울역,인천공항2터미널
24732,공항철도,,김포공항,DAY,DOWN,0,A2041,,08:59:00,서울역,인천공항2터미널
24733,공항철도,,계양,DAY,DOWN,0,A2041,,09:05:00,서울역,인천공항2터미널
24734,공항철도,,검암,DAY,DOWN,0,A2041,,09:11:00,서울역,인천공항2터미널
24735,공항철도,,청라국제도시,DAY,DOWN,0,A2041,,09:16:00,서울역,인천공항2터미널
24736,공항철도,,영종,DAY,DOWN,0,A2041,,09:25:00,서울역,인천공항2터미널
24737,공항철도,,운서,DAY,DOWN,0,A2041,,09:29:00,서울역,인천공항2터미널
24738,공항철도,,공항화물청사,DAY,DOWN,0,A2041,,09:33:00,서울역,인천공항2터미널
24739,공항철도,,인천공항1터미널,DAY,DOWN,0,A2041,,09:37:00,서울역,인천공항2터미널
24740,공항철도,,서울역,SAT,DOWN,0,A2041,,08:13:00,서울역,인천공항2터미널
24741,공항철도,,서울역,END,DOWN,0,A2041,,08:13:00,서울역,인천공항2터미널
24742,공항철도,,공덕,SAT,DOWN,0,A2041,,08:17:00,서울역,인천공항2터미널
24743,공항철도,,공덕,END,DOWN,0,A2041,,08:17:00,서울역,인천공항2터미널
24744,공항철도,,홍대입구,SAT,DOWN,0,A2041,,08:21:00,서울역,인천공항2터미널
24745,공항철도,,홍대입구,END,DOWN,0,A2041,,08:21:00,서울역,인천공항2터미널
24746,공항철도,,디지털미디어시티,SAT,DOWN,0,A2041,,08:25:00,서울역,인천공항2터미널
24747,공항철도,,디지털미디어시티,END,DOWN,0,A2041,,08:25:00,서울역,인천공항2터미널
24748,공항철도,,마곡나루,SAT,DOWN,0,A2041,,08:32:00,서울역,인천공항2터미널
24749,공항철도,,마곡나루,END,DOWN,0,A2041,,08:32:00,서울역,인천공항2터미널
24750,공항철도,,김포공항,SAT,DOWN,0,A2041,,08:35:00,서울역,인천공항2터미널
24751,공항철도,,김포공항,END,DOWN,0,A2041,,08:35:00,서울역,인천공항2터미널
24752,공항철도,,계양,SAT,DOWN,0,A2041,,08:42:00,서울역,인천공항2터미널
24753,공항철도,,계양,END,DOWN,0,A2041,,08:42:00,서울역,인천공항2터미널
24754,공항철도,,검암,SAT,DOWN,0,A2041,,08:48:00,서울역,인천공항2터미널
24755,공항철도,,검암,END,DOWN,0,A2041,,08:48:00,서울역,인천공항2터미널
24756,공항철도,,청라국제도시,SAT,DOWN,0,A2041,,08:53:00,서울역,인천공항2터미널
24757,공항철도,,청라국제도시,END,DOWN,0,A2041,,08:53:00,서울역,인천공항2터미널
24758,공항철도,,영종,SAT,DOWN,0,A2041,,09:01:00,서울역,인천공항2터미널
24759,공항철도,,영종,END,DOWN,0,A2041,,09:01:00,서울역,인천공항2터미널
24760,공항철도,,운서,SAT,DOWN,0,A2041,,09:05:00,서울역,인천공항2터미널
24761,공항철도,,운서,END,DOWN,0,A2041,,09:05:00,서울역,인천공항2터미널
24762,공항철도,,공항화물청사,SAT,DOWN,0,A2041,,09:10:00,서울역,인천공항2터미널
24763,공항철도,,공항화물청사,END,DOWN,0,A2041,,09:10:00,서울역,인천공항2터미널
24764,공항철도,,인천공항1터미널,SAT,DOWN,0,A2041,,09:14:00,서울역,인천공항2터미널
24765,공항철도,,인천공항1터미널,END,DOWN,0,A2041,,09:14:00,서울역,인천공항2터미널
24766,공항철도,,인천공항2터미널,DAY,DOWN,0,A2042,,07:01:00,인천공항2터미널,서울역
24767,공항철도,,인천공항1터미널,DAY,DOWN,0,A2042,,07:08:00,인천공항2터미널,서울역
24768,공항철도,,공항화물청사,DAY,DOWN,0,A2042,,07:11:00,인천공항2터미널,서울역
24769,공항철도,,운서,DAY,DOWN,0,A2042,,07:16:00,인천공항2터미널,서울역
24770,공항철도,,영종,DAY,DOWN,0,A2042,,07:21:00,인천공항2터미널,서울역
24771,공항철도,,청라국제도시,DAY,DOWN,0,A2042,,07:30:00,인천공항2터미널,서울역
24772,공항철도,,검암,DAY,DOWN,0,A2042,,07:35:00,인천공항2터미널,서울역
24773,공항철도,,계양,DAY,DOWN,0,A2042,,07:41:00,인천공항2터미널,서울역
24774,공항철도,,김포공항,DAY,DOWN,0,A2042,,07:48:00,인천공항2터미널,서울역
24775,공항철도,,마곡나루,DAY,DOWN,0,A2042,,07:51:00,인천공항2터미널,서울역
24776,공항철도,,디지털미디어시티,DAY,DOWN,0,A2042,,07:58:00,인천공항2터미널,서울역
24777,공항철도,,홍대입구,DAY,DOWN,0,A2042,,08:02:00,인천공항2터미널,서울역
24778,공항철도,,공덕,DAY,DOWN,0,A2042,,08:06:00,인천공항2터미널,서울역
24779,공항철도,,인천공항2터미널,SAT,DOWN,0,A2042,,07:18:00,인천공항2터미널,서울역
24780,공항철도,,인천공항2터미널,END,DOWN,0,A2042,,07:18:00,인천공항2터미널,서울역
24781,공항철도,,인천공항1터미널,SAT,DOWN,0,A2042,,07:24:00,인천공항2터미널,서울역
24782,공항철도,,인천공항1터미널,END,DOWN,0,A2042,,07:24:00,인천공항2터미널,서울역
24783,공항철도,,공항화물청사,SAT,DOWN,0,A2042,,07:28:00,인천공항2터미널,서울역
24784,공항철도,,공항화물청사,END,DOWN,0,A2042,,07:28:00,인천공항2터미널,서울역
24785,공항철도,,운서,SAT,DOWN,0,A2042,,07:32:00,인천공항2터미널,서울역
24786,공항철도,,운서,END,DOWN,0,A2042,,07:32:00,인천공항2터미널,서울역
24787,공항철도,,영종,SAT,DOWN,0,A2042,,07:36:00,인천공항2터미널,서울역
24788,공항철도,,영종,END,DOWN,0,A2042,,07:36:00,인천공항2터미널,서울역
24789,공항철도,,청라국제도시,SAT,DOWN,0,A2042,,07:45:00,인천공항2터미널,서울역
24790,공항철도,,청라국제도시,END,DOWN,0,A2042,,07:45:00,인천공항2터미널,서울역
24791,공항철도,,검암,SAT,DOWN,0,A2042,,07:50:00,인천공항2터미널,서울역
24792,공항철도,,검암,END,DOWN,0,A2042,,07:50:00,인천공항2터미널,서울역
24793,공항철도,,계양,SAT,DOWN,0,A2042,,07:56:00,인천공항2터미널,서울역
24794,공항철도,,계양,END,DOWN,0,A2042,,07:56:00,인천공항2터미널,서울역
24795,공항철도,,김포공항,SAT,DOWN,0,A2042,,08:02:00,인천공항2터미널,서울역
24796,공항철도,,김포공항,END,DOWN,0,A2042,,08:02:00,인천공항2터미널,서울역
24797,공항철도,,마곡나루,SAT,DOWN,0,A2042,,08:05:00,인천공항2터미널,서울역
24798,공항철도,,마곡나루,END,DOWN,0,A2042,,08:05:00,인천공항2터미널,서울역
24799,공항철도,,디지털미디어시티,SAT,DOWN,0,A2042,,08:13:00,인천공항2터미널,서울역
24800,공항철도,,디지털미디어시티,END,DOWN,0,A2042,,08:13:00,인천공항2터미널,서울역
24801,공항철도,,홍대입구,SAT,DOWN,0,A2042,,08:17:00,인천공항2터미널,서울역
24802,공항철도,,홍대입구,END,DOWN,0,A2042,,08:17:00,인천공항2터미널,서울역
24803,공항철도,,공덕,SAT,DOWN,0,A2042,,08:20:00,인천공항2터미널,서울역
24804,공항철도,,공덕,END,DOWN,0,A2042,,08:20:00,인천공항2터미널,서울역
24805,공항철도,,서울역,DAY,DOWN,0,A2043,,08:41:00,서울역,인천공항2터미널
24806,공항철도,,공덕,DAY,DOWN,0,A2043,,08:45:00,서울역,인천공항2터미널
24807,공항철도,,홍대입구,DAY,DOWN,0,A2043,,08:49:00,서울역,인천공항2터미널
24808,공항철도,,디지털미디어시티,DAY,DOWN,0,A2043,,08:53:00,서울역,인천공항2터미널
24809,공항철도,,마곡나루,DAY,DOWN,0,A2043,,09:00:00,서울역,인천공항2터미널
24810,공항철도,,김포공항,DAY,DOWN,0,A2043,,09:03:00,서울역,인천공항2터미널
24811,공항철도,,계양,DAY,DOWN,0,A2043,,09:10:00,서울역,인천공항2터미널
24812,공항철도,,검암,DAY,DOWN,0,A2043,,09:16:00,서울역,인천공항2터미널
24813,공항철도,,청라국제도시,DAY,DOWN,0,A2043,,09:21:00,서울역,인천공항2터미널
24814,공항철도,,영종,DAY,DOWN,0,A2043,,09:31:00,서울역,인천공항2터미널
24815,공항철도,,운서,DAY,DOWN,0,A2043,,09:35:00,서울역,인천공항2터미널
24816,공항철도,,공항화물청사,DAY,DOWN,0,A2043,,09:39:00,서울역,인천공항2터미널
24817,공항철도,,인천공항1터미널,DAY,DOWN,0,A2043,,09:43:00,서울역,인천공항2터미널
24818,공항철도,,서울역,SAT,DOWN,0,A2043,,08:19:00,서울역,인천공항2터미널
24819,공항철도,,서울역,END,DOWN,0,A2043,,08:19:00,서울역,인천공항2터미널
24820,공항철도,,공덕,SAT,DOWN,0,A2043,,08:24:00,서울역,인천공항2터미널
24821,공항철도,,공덕,END,DOWN,0,A2043,,08:24:00,서울역,인천공항2터미널
24822,공항철도,,홍대입구,SAT,DOWN,0,A2043,,08:27:00,서울역,인천공항2터미널
24823,공항철도,,홍대입구,END,DOWN,0,A2043,,08:27:00,서울역,인천공항2터미널
24824,공항철도,,디지털미디어시티,SAT,DOWN,0,A2043,,08:31:00,서울역,인천공항2터미널
24825,공항철도,,디지털미디어시티,END,DOWN,0,A2043,,08:31:00,서울역,인천공항2터미널
24826,공항철도,,마곡나루,SAT,DOWN,0,A2043,,08:39:00,서울역,인천공항2터미널
24827,공항철도,,마곡나루,END,DOWN,0,A2043,,08:39:00,서울역,인천공항2터미널
24828,공항철도,,김포공항,SAT,DOWN,0,A2043,,08:42:00,서울역,인천공항2터미널
24829,공항철도,,김포공항,END,DOWN,0,A2043,,08:42:00,서울역,인천공항2터미널
24830,공항철도,,계양,SAT,DOWN,0,A2043,,08:48:00,서울역,인천공항2터미널
24831,공항철도,,계양,END,DOWN,0,A2043,,08:48:00,서울역,인천공항2터미널
24832,공항철도,,검암,SAT,DOWN,0,A2043,,08:54:00,서울역,인천공항2터미널
24833,공항철도,,검암,END,DOWN,0,A2043,,08:54:00,서울역,인천공항2터미널
24834,공항철도,,청라국제도시,SAT,DOWN,0,A2043,,08:59:00,서울역,인천공항2터미널
24835,공항철도,,청라국제도시,END,DOWN,0,A2043,,08:59:00,서울역,인천공항2터미널
24836,공항철도,,영종,SAT,DOWN,0,A2043,,09:08:00,서울역,인천공항2터미널
24837,공항철도,,영종,END,DOWN,0,A2043,,09:08:00,서울역,인천공항2터미널
24838,공항철도,,운서,SAT,DOWN,0,A2043,,09:12:00,서울역,인천공항2터미널
24839,공항철도,,운서,END,DOWN,0,A2043,,09:12:00,서울역,인천공항2터미널
24840,공항철도,,공항화물청사,SAT,DOWN,0,A2043,,09:16:00,서울역,인천공항2터미널
24841,공항철도,,공항화물청사,END,DOWN,0,A2043,,09:16:00,서울역,인천공항2터미널
24842,공항철도,,인천공항1터미널,SAT,DOWN,0,A2043,,09:20:00,서울역,인천공항2터미널
24843,공항철도,,인천공항1터미널,END,DOWN,0,A2043,,09:20:00,서울역,인천공항2터미널
24844,공항철도,,인천공항2터미널,DAY,DOWN,0,A2044,,07:09:00,인천공항2터미널,서울역
24845,공항철도,,인천공항1터미널,DAY,DOWN,0,A2044,,07:16:00,인천공항2터미널,서울역
24846,공항철도,,공항화물청사,DAY,DOWN,0,A2044,,07:19:00,인천공항2터미널,서울역
24847,공항철도,,운서,DAY,DOWN,0,A2044,,07:24:00,인천공항2터미널,서울역
24848,공항철도,,영종,DAY,DOWN,0,A2044,,07:28:00,인천공항2터미널,서울역
24849,공항철도,,청라국제도시,DAY,DOWN,0,A2044,,07:36:00,인천공항2터미널,서울역
24850,공항철도,,검암,DAY,DOWN,0,A2044,,07:41:00,인천공항2터미널,서울역
24851,공항철도,,계양,DAY,DOWN,0,A2044,,07:47:00,인천공항2터미널,서울역
24852,공항철도,,김포공항,DAY,DOWN,0,A2044,,07:54:00,인천공항2터미널,서울역
24853,공항철도,,마곡나루,DAY,DOWN,0,A2044,,07:57:00,인천공항2터미널,서울역
24854,공항철도,,디지털미디어시티,DAY,DOWN,0,A2044,,08:05:00,인천공항2터미널,서울역
24855,공항철도,,홍대입구,DAY,DOWN,0,A2044,,08:09:00,인천공항2터미널,서울역
24856,공항철도,,공덕,DAY,DOWN,0,A2044,,08:12:00,인천공항2터미널,서울역
24857,공항철도,,인천공항2터미널,SAT,DOWN,0,A2044,,07:25:00,인천공항2터미널,서울역
24858,공항철도,,인천공항2터미널,END,DOWN,0,A2044,,07:25:00,인천공항2터미널,서울역
24859,공항철도,,인천공항1터미널,SAT,DOWN,0,A2044,,07:32:00,인천공항2터미널,서울역
24860,공항철도,,인천공항1터미널,END,DOWN,0,A2044,,07:32:00,인천공항2터미널,서울역
24861,공항철도,,공항화물청사,SAT,DOWN,0,A2044,,07:35:00,인천공항2터미널,서울역
24862,공항철도,,공항화물청사,END,DOWN,0,A2044,,07:35:00,인천공항2터미널,서울역
24863,공항철도,,운서,SAT,DOWN,0,A2044,,07:40:00,인천공항2터미널,서울역
24864,공항철도,,운서,END,DOWN,0,A2044,,07:40:00,인천공항2터미널,서울역
24865,공항철도,,영종,SAT,DOWN,0,A2044,,07:44:00,인천공항2터미널,서울역
24866,공항철도,,영종,END,DOWN,0,A2044,,07:44:00,인천공항2터미널,서울역
24867,공항철도,,청라국제도시,SAT,DOWN,0,A2044,,07:52:00,인천공항2터미널,서울역
24868,공항철도,,청라국제도시,END,DOWN,0,A2044,,07:52:00,인천공항2터미널,서울역
24869,공항철도,,검암,SAT,DOWN,0,A2044,,07:57:00,인천공항2터미널,서울역
24870,공항철도,,검암,END,DOWN,0,A2044,,07:57:00,인천공항2터미널,서울역
24871,공항철도,,계양,SAT,DOWN,0,A2044,,08:03:00,인천공항2터미널,서울역
24872,공항철도,,계양,END,DOWN,0,A2044,,08:03:00,인천공항2터미널,서울역
24873,공항철도,,김포공항,SAT,DOWN,0,A2044,,08:10:00,인천공항2터미널,서울역
24874,공항철도,,김포공항,END,DOWN,0,A2044,,08:10:00,인천공항2터미널,서울역
24875,공항철도,,마곡나루,SAT,DOWN,0,A2044,,08:13:00,인천공항2터미널,서울역
24876,공항철도,,마곡나루,END,DOWN,0,A2044,,08:13:00,인천공항2터미널,서울역
24877,공항철도,,디지털미디어시티,SAT,DOWN,0,A2044,,08:20:00,인천공항2터미널,서울역
24878,공항철도,,디지털미디어시티,END,DOWN,0,A2044,,08:20:00,인천공항2터미널,서울역
24879,공항철도,,홍대입구,SAT,DOWN,0,A2044,,08:24:00,인천공항2터미널,서울역
24880,공항철도,,홍대입구,END,DOWN,0,A2044,,08:24:00,인천공항2터미널,서울역
24881,공항철도,,공덕,SAT,DOWN,0,A2044,,08:28:00,인천공항2터미널,서울역
24882,공항철도,,공덕,END,DOWN,0,A2044,,08:28:00,인천공항2터미널,서울역
24883,공항철도,,서울역,DAY,DOWN,0,A2045,,08:51:00,서울역,인천공항2터미널
24884,공항철도,,공덕,DAY,DOWN,0,A2045,,08:55:00,서울역,인천공항2터미널
24885,공항철도,,홍대입구,DAY,DOWN,0,A2045,,08:59:00,서울역,인천공항2터미널
24886,공항철도,,디지털미디어시티,DAY,DOWN,0,A2045,,09:04:00,서울역,인천공항2터미널
24887,공항철도,,마곡나루,DAY,DOWN,0,A2045,,09:12:00,서울역,인천공항2터미널
24888,공항철도,,김포공항,DAY,DOWN,0,A2045,,09:15:00,서울역,인천공항2터미널
24889,공항철도,,계양,DAY,DOWN,0,A2045,,09:21:00,서울역,인천공항2터미널
24890,공항철도,,검암,DAY,DOWN,0,A2045,,09:27:00,서울역,인천공항2터미널
24891,공항철도,,청라국제도시,DAY,DOWN,0,A2045,,09:32:00,서울역,인천공항2터미널
24892,공항철도,,영종,DAY,DOWN,0,A2045,,09:41:00,서울역,인천공항2터미널
24893,공항철도,,운서,DAY,DOWN,0,A2045,,09:45:00,서울역,인천공항2터미널
24894,공항철도,,공항화물청사,DAY,DOWN,0,A2045,,09:49:00,서울역,인천공항2터미널
24895,공항철도,,인천공항1터미널,DAY,DOWN,0,A2045,,09:53:00,서울역,인천공항2터미널
24896,공항철도,,서울역,SAT,DOWN,0,A2045,,08:26:00,서울역,인천공항2터미널
24897,공항철도,,서울역,END,DOWN,0,A2045,,08:26:00,서울역,인천공항2터미널
24898,공항철도,,공덕,SAT,DOWN,0,A2045,,08:31:00,서울역,인천공항2터미널
24899,공항철도,,공덕,END,DOWN,0,A2045,,08:31:00,서울역,인천공항2터미널
24900,공항철도,,홍대입구,SAT,DOWN,0,A2045,,08:34:00,서울역,인천공항2터미널
24901,공항철도,,홍대입구,END,DOWN,0,A2045,,08:34:00,서울역,인천공항2터미널
24902,공항철도,,디지털미디어시티,SAT,DOWN,0,A2045,,08:38:00,서울역,인천공항2터미널
24903,공항철도,,디지털미디어시티,END,DOWN,0,A2045,,08:38:00,서울역,인천공항2터미널
24904,공항철도,,마곡나루,SAT,DOWN,0,A2045,,08:46:00,서울역,인천공항2터미널
24905,공항철도,,마곡나루,END,DOWN,0,A2045,,08:46:00,서울역,인천공항2터미널
24906,공항철도,,김포공항,SAT,DOWN,0,A2045,,08:49:00,서울역,인천공항2터미널
24907,공항철도,,김포공항,END,DOWN,0,A2045,,08:49:00,서울역,인천공항2터미널
24908,공항철도,,계양,SAT,DOWN,0,A2045,,08:55:00,서울역,인천공항2터미널
24909,공항철도,,계양,END,DOWN,0,A2045,,08:55:00,서울역,인천공항2터미널
24910,공항철도,,검암,SAT,DOWN,0,A2045,,09:01:00,서울역,인천공항2터미널
24911,공항철도,,검암,END,DOWN,0,A2045,,09:01:00,서울역,인천공항2터미널
24912,공항철도,,청라국제도시,SAT,DOWN,0,A2045,,09:06:00,서울역,인천공항2터미널
24913,공항철도,,청라국제도시,END,DOWN,0,A2045,,09:06:00,서울역,인천공항2터미널
24914,공항철도,,영종,SAT,DOWN,0,A2045,,09:15:00,서울역,인천공항2터미널
24915,공항철도,,영종,END,DOWN,0,A2045,,09:15:00,서울역,인천공항2터미널
24916,공항철도,,운서,SAT,DOWN,0,A2045,,09:19:00,서울역,인천공항2터미널
24917,공항철도,,운서,END,DOWN,0,A2045,,09:19:00,서울역,인천공항2터미널
24918,공항철도,,공항화물청사,SAT,DOWN,0,A2045,,09:23:00,서울역,인천공항2터미널
24919,공항철도,,공항화물청사,END,DOWN,0,A2045,,09:23:00,서울역,인천공항2터미널
24920,공항철도,,인천공항1터미널,SAT,DOWN,0,A2045,,09:27:00,서울역,인천공항2터미널
24921,공항철도,,인천공항1터미널,END,DOWN,0,A2045,,09:27:00,서울역,인천공항2터미널
24922,공항철도,,인천공항2터미널,DAY,DOWN,0,A2046,,07:16:00,인천공항2터미널,서울역
24923,공항철도,,인천공항1터미널,DAY,DOWN,0,A2046,,07:23:00,인천공항2터미널,서울역
24924,공항철도,,공항화물청사,DAY,DOWN,0,A2046,,07:26:00,인천공항2터미널,서울역
24925,공항철도,,운서,DAY,DOWN,0,A2046,,07:31:00,인천공항2터미널,서울역
24926,공항철도,,영종,DAY,DOWN,0,A2046,,07:35:00,인천공항2터미널,서울역
24927,공항철도,,청라국제도시,DAY,DOWN,0,A2046,,07:43:00,인천공항2터미널,서울역
24928,공항철도,,검암,DAY,DOWN,0,A2046,,07:48:00,인천공항2터미널,서울역
24929,공항철도,,계양,DAY,DOWN,0,A2046,,07:54:00,인천공항2터미널,서울역
24930,공항철도,,김포공항,DAY,DOWN,0,A2046,,08:01:00,인천공항2터미널,서울역
24931,공항철도,,마곡나루,DAY,DOWN,0,A2046,,08:04:00,인천공항2터미널,서울역
24932,공항철도,,디지털미디어시티,DAY,DOWN,0,A2046,,08:12:00,인천공항2터미널,서울역
24933,공항철도,,홍대입구,DAY,DOWN,0,A2046,,08:16:00,인천공항2터미널,서울역
24934,공항철도,,공덕,DAY,DOWN,0,A2046,,08:19:00,인천공항2터미널,서울역
24935,공항철도,,인천공항2터미널,SAT,DOWN,0,A2046,,07:34:00,인천공항2터미널,서울역
24936,공항철도,,인천공항2터미널,END,DOWN,0,A2046,,07:34:00,인천공항2터미널,서울역
24937,공항철도,,인천공항1터미널,SAT,DOWN,0,A2046,,07:40:00,인천공항2터미널,서울역
24938,공항철도,,인천공항1터미널,END,DOWN,0,A2046,,07:40:00,인천공항2터미널,서울역
24939,공항철도,,공항화물청사,SAT,DOWN,0,A2046,,07:44:00,인천공항2터미널,서울역
24940,공항철도,,공항화물청사,END,DOWN,0,A2046,,07:44:00,인천공항2터미널,서울역
24941,공항철도,,운서,SAT,DOWN,0,A2046,,07:48:00,인천공항2터미널,서울역
24942,공항철도,,운서,END,DOWN,0,A2046,,07:48:00,인천공항2터미널,서울역
24943,공항철도,,영종,SAT,DOWN,0,A2046,,07:52:00,인천공항2터미널,서울역
24944,공항철도,,영종,END,DOWN,0,A2046,,07:52:00,인천공항2터미널,서울역
24945,공항철도,,청라국제도시,SAT,DOWN,0,A2046,,08:01:00,인천공항2터미널,서울역
24946,공항철도,,청라국제도시,END,DOWN,0,A2046,,08:01:00,인천공항2터미널,서울역
24947,공항철도,,검암,SAT,DOWN,0,A2046,,08:06:00,인천공항2터미널,서울역
24948,공항철도,,검암,END,DOWN,0,A2046,,08:06:00,인천공항2터미널,서울역
24949,공항철도,,계양,SAT,DOWN,0,A2046,,08:12:00,인천공항2터미널,서울역
24950,공항철도,,계양,END,DOWN,0,A2046,,08:12:00,인천공항2터미널,서울역
24951,공항철도,,김포공항,SAT,DOWN,0,A2046,,08:18:00,인천공항2터미널,서울역
24952,공항철도,,김포공항,END,DOWN,0,A2046,,08:18:00,인천공항2터미널,서울역
24953,공항철도,,마곡나루,SAT,DOWN,0,A2046,,08:21:00,인천공항2터미널,서울역
24954,공항철도,,마곡나루,END,DOWN,0,A2046,,08:21:00,인천공항2터미널,서울역
24955,공항철도,,디지털미디어시티,SAT,DOWN,0,A2046,,08:29:00,인천공항2터미널,서울역
24956,공항철도,,디지털미디어시티,END,DOWN,0,A2046,,08:29:00,인천공항2터미널,서울역
24957,공항철도,,홍대입구,SAT,DOWN,0,A2046,,08:33:00,인천공항2터미널,서울역
24958,공항철도,,홍대입구,END,DOWN,0,A2046,,08:33:00,인천공항2터미널,서울역
24959,공항철도,,공덕,SAT,DOWN,0,A2046,,08:36:00,인천공항2터미널,서울역
24960,공항철도,,공덕,END,DOWN,0,A2046,,08:36:00,인천공항2터미널,서울역
24961,공항철도,,서울역,DAY,DOWN,0,A2047,,08:57:00,서울역,인천공항2터미널
24962,공항철도,,공덕,DAY,DOWN,0,A2047,,09:01:00,서울역,인천공항2터미널
24963,공항철도,,홍대입구,DAY,DOWN,0,A2047,,09:05:00,서울역,인천공항2터미널
24964,공항철도,,디지털미디어시티,DAY,DOWN,0,A2047,,09:09:00,서울역,인천공항2터미널
24965,공항철도,,마곡나루,DAY,DOWN,0,A2047,,09:16:00,서울역,인천공항2터미널
24966,공항철도,,김포공항,DAY,DOWN,0,A2047,,09:19:00,서울역,인천공항2터미널
24967,공항철도,,계양,DAY,DOWN,0,A2047,,09:26:00,서울역,인천공항2터미널
24968,공항철도,,검암,DAY,DOWN,0,A2047,,09:32:00,서울역,인천공항2터미널
24969,공항철도,,청라국제도시,DAY,DOWN,0,A2047,,09:37:00,서울역,인천공항2터미널
24970,공항철도,,영종,DAY,DOWN,0,A2047,,09:45:00,서울역,인천공항2터미널
24971,공항철도,,운서,DAY,DOWN,0,A2047,,09:49:00,서울역,인천공항2터미널
24972,공항철도,,공항화물청사,DAY,DOWN,0,A2047,,09:54:00,서울역,인천공항2터미널
24973,공항철도,,인천공항1터미널,DAY,DOWN,0,A2047,,09:58:00,서울역,인천공항2터미널
24974,공항철도,,서울역,SAT,DOWN,0,A2047,,08:34:00,서울역,인천공항2터미널
24975,공항철도,,서울역,END,DOWN,0,A2047,,08:34:00,서울역,인천공항2터미널
24976,공항철도,,공덕,SAT,DOWN,0,A2047,,08:39:00,서울역,인천공항2터미널
24977,공항철도,,공덕,END,DOWN,0,A2047,,08:39:00,서울역,인천공항2터미널
24978,공항철도,,홍대입구,SAT,DOWN,0,A2047,,08:42:00,서울역,인천공항2터미널
24979,공항철도,,홍대입구,END,DOWN,0,A2047,,08:42:00,서울역,인천공항2터미널
24980,공항철도,,디지털미디어시티,SAT,DOWN,0,A2047,,08:46:00,서울역,인천공항2터미널
24981,공항철도,,디지털미디어시티,END,DOWN,0,A2047,,08:46:00,서울역,인천공항2터미널
24982,공항철도,,마곡나루,SAT,DOWN,0,A2047,,08:54:00,서울역,인천공항2터미널
24983,공항철도,,마곡나루,END,DOWN,0,A2047,,08:54:00,서울역,인천공항2터미널
24984,공항철도,,김포공항,SAT,DOWN,0,A2047,,08:57:00,서울역,인천공항2터미널
24985,공항철도,,김포공항,END,DOWN,0,A2047,,08:57:00,서울역,인천공항2터미널
24986,공항철도,,계양,SAT,DOWN,0,A2047,,09:03:00,서울역,인천공항2터미널
24987,공항철도,,계양,END,DOWN,0,A2047,,09:03:00,서울역,인천공항2터미널
24988,공항철도,,검암,SAT,DOWN,0,A2047,,09:09:00,서울역,인천공항2터미널
24989,공항철도,,검암,END,DOWN,0,A2047,,09:09:00,서울역,인천공항2터미널
24990,공항철도,,청라국제도시,SAT,DOWN,0,A2047,,09:14:00,서울역,인천공항2터미널
24991,공항철도,,청라국제도시,END,DOWN,0,A2047,,09:14:00,서울역,인천공항2터미널
24992,공항철도,,영종,SAT,DOWN,0,A2047,,09:23:00,서울역,인천공항2터미널
24993,공항철도,,영종,END,DOWN,0,A2047,,09:23:00,서울역,인천공항2터미널
24994,공항철도,,운서,SAT,DOWN,0,A2047,,09:27:00,서울역,인천공항2터미널
24995,공항철도,,운서,END,DOWN,0,A2047,,09:27:00,서울역,인천공항2터미널
24996,공항철도,,공항화물청사,SAT,DOWN,0,A2047,,09:31:00,서울역,인천공항2터미널
24997,공항철도,,공항화물청사,END,DOWN,0,A2047,,09:31:00,서울역,인천공항2터미널
24998,공항철도,,인천공항1터미널,SAT,DOWN,0,A2047,,09:35:00,서울역,인천공항2터미널
24999,공항철도,,인천공항1터미널,END,DOWN,0,A2047,,09:35:00,서울역,인천공항2터미널
25000,공항철도,,인천공항2터미널,DAY,DOWN,0,A2048,,07:23:00,인천공항2터미널,서울역
25001,공항철도,,인천공항1터미널,DAY,DOWN,0,A2048,,07:30:00,인천공항2터미널,서울역
25002,공항철도,,공항화물청사,DAY,DOWN,0,A2048,,07:33:00,인천공항2터미널,서울역
25003,공항철도,,운서,DAY,DOWN,0,A2048,,07:38:00,인천공항2터미널,서울역
25004,공항철도,,영종,DAY,DOWN,0,A2048,,07:42:00,인천공항2터미널,서울역
25005,공항철도,,청라국제도시,DAY,DOWN,0,A2048,,07:50:00,인천공항2터미널,서울역
25006,공항철도,,검암,DAY,DOWN,0,A2048,,07:55:00,인천공항2터미널,서울역
25007,공항철도,,계양,DAY,DOWN,0,A2048,,08:01:00,인천공항2터미널,서울역
25008,공항철도,,김포공항,DAY,DOWN,0,A2048,,08:08:00,인천공항2터미널,서울역
25009,공항철도,,마곡나루,DAY,DOWN,0,A2048,,08:11:00,인천공항2터미널,서울역
25010,공항철도,,디지털미디어시티,DAY,DOWN,0,A2048,,08:19:00,인천공항2터미널,서울역
25011,공항철도,,홍대입구,DAY,DOWN,0,A2048,,08:23:00,인천공항2터미널,서울역
25012,공항철도,,공덕,DAY,DOWN,0,A2048,,08:26:00,인천공항2터미널,서울역
25013,공항철도,,인천공항2터미널,SAT,DOWN,0,A2048,,07:41:00,인천공항2터미널,서울역
25014,공항철도,,인천공항2터미널,END,DOWN,0,A2048,,07:41:00,인천공항2터미널,서울역
25015,공항철도,,인천공항1터미널,SAT,DOWN,0,A2048,,07:47:00,인천공항2터미널,서울역
25016,공항철도,,인천공항1터미널,END,DOWN,0,A2048,,07:47:00,인천공항2터미널,서울역
25017,공항철도,,공항화물청사,SAT,DOWN,0,A2048,,07:51:00,인천공항2터미널,서울역
25018,공항철도,,공항화물청사,END,DOWN,0,A2048,,07:51:00,인천공항2터미널,서울역
25019,공항철도,,운서,SAT,DOWN,0,A2048,,07:55:00,인천공항2터미널,서울역
25020,공항철도,,운서,END,DOWN,0,A2048,,07:55:00,인천공항2터미널,서울역
25021,공항철도,,영종,SAT,DOWN,0,A2048,,07:59:00,인천공항2터미널,서울역
25022,공항철도,,영종,END,DOWN,0,A2048,,07:59:00,인천공항2터미널,서울역
25023,공항철도,,청라국제도시,SAT,DOWN,0,A2048,,08:08:00,인천공항2터미널,서울역
25024,공항철도,,청라국제도시,END,DOWN,0,A2048,,08:08:00,인천공항2터미널,서울역
25025,공항철도,,검암,SAT,DOWN,0,A2048,,08:13:00,인천공항2터미널,서울역
25026,공항철도,,검암,END,DOWN,0,A2048,,08:13:00,인천공항2터미널,서울역
25027,공항철도,,계양,SAT,DOWN,0,A2048,,08:19:00,인천공항2터미널,서울역
25028,공항철도,,계양,END,DOWN,0,A2048,,08:19:00,인천공항2터미널,서울역
25029,공항철도,,김포공항,SAT,DOWN,0,A2048,,08:25:00,인천공항2터미널,서울역
25030,공항철도,,김포공항,END,DOWN,0,A2048,,08:25:00,인천공항2터미널,서울역
25031,공항철도,,마곡나루,SAT,DOWN,0,A2048,,08:28:00,인천공항2터미널,서울역
25032,공항철도,,마곡나루,END,DOWN,0,A2048,,08:28:00,인천공항2터미널,서울역
25033,공항철도,,디지털미디어시티,SAT,DOWN,0,A2048,,08:36:00,인천공항2터미널,서울역
25034,공항철도,,디지털미디어시티,END,DOWN,0,A2048,,08:36:00,인천공항2터미널,서울역
25035,공항철도,,홍대입구,SAT,DOWN,0,A2048,,08:40:00,인천공항2터미널,서울역
25036,공항철도,,홍대입구,END,DOWN,0,A2048,,08:40:00,인천공항2터미널,서울역
25037,공항철도,,공덕,SAT,DOWN,0,A2048,,08:43:00,인천공항2터미널,서울역
25038,공항철도,,공덕,END,DOWN,0,A2048,,08:43:00,인천공항2터미널,서울역
25039,공항철도,,서울역,DAY,DOWN,0,A2049,,09:01:00,서울역,인천공항2터미널
25040,공항철도,,공덕,DAY,DOWN,0,A2049,,09:05:00,서울역,인천공항2터미널
25041,공항철도,,홍대입구,DAY,DOWN,0,A2049,,09:09:00,서울역,인천공항2터미널
25042,공항철도,,디지털미디어시티,DAY,DOWN,0,A2049,,09:13:00,서울역,인천공항2터미널
25043,공항철도,,마곡나루,DAY,DOWN,0,A2049,,09:20:00,서울역,인천공항2터미널
25044,공항철도,,김포공항,DAY,DOWN,0,A2049,,09:23:00,서울역,인천공항2터미널
25045,공항철도,,계양,DAY,DOWN,0,A2049,,09:30:00,서울역,인천공항2터미널
25046,공항철도,,검암,DAY,DOWN,0,A2049,,09:36:00,서울역,인천공항2터미널
25047,공항철도,,청라국제도시,DAY,DOWN,0,A2049,,09:41:00,서울역,인천공항2터미널
25048,공항철도,,영종,DAY,DOWN,0,A2049,,09:49:00,서울역,인천공항2터미널
25049,공항철도,,운서,DAY,DOWN,0,A2049,,09:53:00,서울역,인천공항2터미널
25050,공항철도,,공항화물청사,DAY,DOWN,0,A2049,,09:58:00,서울역,인천공항2터미널
25051,공항철도,,인천공항1터미널,DAY,DOWN,0,A2049,,10:02:00,서울역,인천공항2터미널
25052,공항철도,,서울역,SAT,DOWN,0,A2049,,08:44:00,서울역,인천공항2터미널
25053,공항철도,,서울역,END,DOWN,0,A2049,,08:44:00,서울역,인천공항2터미널
25054,공항철도,,공덕,SAT,DOWN,0,A2049,,08:48:00,서울역,인천공항2터미널
25055,공항철도,,공덕,END,DOWN,0,A2049,,08:48:00,서울역,인천공항2터미널
25056,공항철도,,홍대입구,SAT,DOWN,0,A2049,,08:52:00,서울역,인천공항2터미널
25057,공항철도,,홍대입구,END,DOWN,0,A2049,,08:52:00,서울역,인천공항2터미널
25058,공항철도,,디지털미디어시티,SAT,DOWN,0,A2049,,08:56:00,서울역,인천공항2터미널
25059,공항철도,,디지털미디어시티,END,DOWN,0,A2049,,08:56:00,서울역,인천공항2터미널
25060,공항철도,,마곡나루,SAT,DOWN,0,A2049,,09:03:00,서울역,인천공항2터미널
25061,공항철도,,마곡나루,END,DOWN,0,A2049,,09:03:00,서울역,인천공항2터미널
25062,공항철도,,김포공항,SAT,DOWN,0,A2049,,09:06:00,서울역,인천공항2터미널
25063,공항철도,,김포공항,END,DOWN,0,A2049,,09:06:00,서울역,인천공항2터미널
25064,공항철도,,계양,SAT,DOWN,0,A2049,,09:13:00,서울역,인천공항2터미널
25065,공항철도,,계양,END,DOWN,0,A2049,,09:13:00,서울역,인천공항2터미널
25066,공항철도,,검암,SAT,DOWN,0,A2049,,09:20:00,서울역,인천공항2터미널
25067,공항철도,,검암,END,DOWN,0,A2049,,09:20:00,서울역,인천공항2터미널
25068,공항철도,,청라국제도시,SAT,DOWN,0,A2049,,09:25:00,서울역,인천공항2터미널
25069,공항철도,,청라국제도시,END,DOWN,0,A2049,,09:25:00,서울역,인천공항2터미널
25070,공항철도,,영종,SAT,DOWN,0,A2049,,09:34:00,서울역,인천공항2터미널
25071,공항철도,,영종,END,DOWN,0,A2049,,09:34:00,서울역,인천공항2터미널
25072,공항철도,,운서,SAT,DOWN,0,A2049,,09:38:00,서울역,인천공항2터미널
25073,공항철도,,운서,END,DOWN,0,A2049,,09:38:00,서울역,인천공항2터미널
25074,공항철도,,공항화물청사,SAT,DOWN,0,A2049,,09:42:00,서울역,인천공항2터미널
25075,공항철도,,공항화물청사,END,DOWN,0,A2049,,09:42:00,서울역,인천공항2터미널
25076,공항철도,,인천공항1터미널,SAT,DOWN,0,A2049,,09:46:00,서울역,인천공항2터미널
25077,공항철도,,인천공항1터미널,END,DOWN,0,A2049,,09:46:00,서울역,인천공항2터미널
25078,공항철도,,인천공항2터미널,DAY,DOWN,0,A2050,,07:27:00,인천공항2터미널,서울역
25079,공항철도,,인천공항1터미널,DAY,DOWN,0,A2050,,07:34:00,인천공항2터미널,서울역
25080,공항철도,,공항화물청사,DAY,DOWN,0,A2050,,07:37:00,인천공항2터미널,서울역
25081,공항철도,,운서,DAY,DOWN,0,A2050,,07:42:00,인천공항2터미널,서울역
25082,공항철도,,영종,DAY,DOWN,0,A2050,,07:46:00,인천공항2터미널,서울역
25083,공항철도,,청라국제도시,DAY,DOWN,0,A2050,,07:54:00,인천공항2터미널,서울역
25084,공항철도,,검암,DAY,DOWN,0,A2050,,07:59:00,인천공항2터미널,서울역
25085,공항철도,,계양,DAY,DOWN,0,A2050,,08:05:00,인천공항2터미널,서울역
25086,공항철도,,김포공항,DAY,DOWN,0,A2050,,08:12:00,인천공항2터미널,서울역
25087,공항철도,,마곡나루,DAY,DOWN,0,A2050,,08:15:00,인천공항2터미널,서울역
25088,공항철도,,디지털미디어시티,DAY,DOWN,0,A2050,,08:23:00,인천공항2터미널,서울역
25089,공항철도,,홍대입구,DAY,DOWN,0,A2050,,08:27:00,인천공항2터미널,서울역
25090,공항철도,,공덕,DAY,DOWN,0,A2050,,08:30:00,인천공항2터미널,서울역
25091,공항철도,,인천공항2터미널,SAT,DOWN,0,A2050,,07:48:00,인천공항2터미널,서울역
25092,공항철도,,인천공항2터미널,END,DOWN,0,A2050,,07:48:00,인천공항2터미널,서울역
25093,공항철도,,인천공항1터미널,SAT,DOWN,0,A2050,,07:55:00,인천공항2터미널,서울역
25094,공항철도,,인천공항1터미널,END,DOWN,0,A2050,,07:55:00,인천공항2터미널,서울역
25095,공항철도,,공항화물청사,SAT,DOWN,0,A2050,,07:58:00,인천공항2터미널,서울역
25096,공항철도,,공항화물청사,END,DOWN,0,A2050,,07:58:00,인천공항2터미널,서울역
25097,공항철도,,운서,SAT,DOWN,0,A2050,,08:03:00,인천공항2터미널,서울역
25098,공항철도,,운서,END,DOWN,0,A2050,,08:03:00,인천공항2터미널,서울역
25099,공항철도,,영종,SAT,DOWN,0,A2050,,08:07:00,인천공항2터미널,서울역
25100,공항철도,,영종,END,DOWN,0,A2050,,08:07:00,인천공항2터미널,서울역
25101,공항철도,,청라국제도시,SAT,DOWN,0,A2050,,08:15:00,인천공항2터미널,서울역
25102,공항철도,,청라국제도시,END,DOWN,0,A2050,,08:15:00,인천공항2터미널,서울역
25103,공항철도,,검암,SAT,DOWN,0,A2050,,08:20:00,인천공항2터미널,서울역
25104,공항철도,,검암,END,DOWN,0,A2050,,08:20:00,인천공항2터미널,서울역
25105,공항철도,,계양,SAT,DOWN,0,A2050,,08:26:00,인천공항2터미널,서울역
25106,공항철도,,계양,END,DOWN,0,A2050,,08:26:00,인천공항2터미널,서울역
25107,공항철도,,김포공항,SAT,DOWN,0,A2050,,08:33:00,인천공항2터미널,서울역
25108,공항철도,,김포공항,END,DOWN,0,A2050,,08:33:00,인천공항2터미널,서울역
25109,공항철도,,마곡나루,SAT,DOWN,0,A2050,,08:36:00,인천공항2터미널,서울역
25110,공항철도,,마곡나루,END,DOWN,0,A2050,,08:36:00,인천공항2터미널,서울역
25111,공항철도,,디지털미디어시티,SAT,DOWN,0,A2050,,08:43:00,인천공항2터미널,서울역
25112,공항철도,,디지털미디어시티,END,DOWN,0,A2050,,08:43:00,인천공항2터미널,서울역
25113,공항철도,,홍대입구,SAT,DOWN,0,A2050,,08:47:00,인천공항2터미널,서울역
25114,공항철도,,홍대입구,END,DOWN,0,A2050,,08:47:00,인천공항2터미널,서울역
25115,공항철도,,공덕,SAT,DOWN,0,A2050,,08:51:00,인천공항2터미널,서울역
25116,공항철도,,공덕,END,DOWN,0,A2050,,08:51:00,인천공항2터미널,서울역
25117,공항철도,,서울역,DAY,DOWN,0,A2051,,09:09:00,서울역,인천공항2터미널
25118,공항철도,,공덕,DAY,DOWN,0,A2051,,09:14:00,서울역,인천공항2터미널
25119,공항철도,,홍대입구,DAY,DOWN,0,A2051,,09:17:00,서울역,인천공항2터미널
25120,공항철도,,디지털미디어시티,DAY,DOWN,0,A2051,,09:21:00,서울역,인천공항2터미널
25121,공항철도,,마곡나루,DAY,DOWN,0,A2051,,09:29:00,서울역,인천공항2터미널
25122,공항철도,,김포공항,DAY,DOWN,0,A2051,,09:32:00,서울역,인천공항2터미널
25123,공항철도,,계양,DAY,DOWN,0,A2051,,09:38:00,서울역,인천공항2터미널
25124,공항철도,,검암,DAY,DOWN,0,A2051,,09:44:00,서울역,인천공항2터미널
25125,공항철도,,청라국제도시,DAY,DOWN,0,A2051,,09:49:00,서울역,인천공항2터미널
25126,공항철도,,영종,DAY,DOWN,0,A2051,,09:58:00,서울역,인천공항2터미널
25127,공항철도,,운서,DAY,DOWN,0,A2051,,10:02:00,서울역,인천공항2터미널
25128,공항철도,,공항화물청사,DAY,DOWN,0,A2051,,10:06:00,서울역,인천공항2터미널
25129,공항철도,,인천공항1터미널,DAY,DOWN,0,A2051,,10:10:00,서울역,인천공항2터미널
25130,공항철도,,서울역,SAT,DOWN,0,A2051,,08:51:00,서울역,인천공항2터미널
25131,공항철도,,서울역,END,DOWN,0,A2051,,08:51:00,서울역,인천공항2터미널
25132,공항철도,,공덕,SAT,DOWN,0,A2051,,08:55:00,서울역,인천공항2터미널
25133,공항철도,,공덕,END,DOWN,0,A2051,,08:55:00,서울역,인천공항2터미널
25134,공항철도,,홍대입구,SAT,DOWN,0,A2051,,08:59:00,서울역,인천공항2터미널
25135,공항철도,,홍대입구,END,DOWN,0,A2051,,08:59:00,서울역,인천공항2터미널
25136,공항철도,,디지털미디어시티,SAT,DOWN,0,A2051,,09:04:00,서울역,인천공항2터미널
25137,공항철도,,디지털미디어시티,END,DOWN,0,A2051,,09:04:00,서울역,인천공항2터미널
25138,공항철도,,마곡나루,SAT,DOWN,0,A2051,,09:12:00,서울역,인천공항2터미널
25139,공항철도,,마곡나루,END,DOWN,0,A2051,,09:12:00,서울역,인천공항2터미널
25140,공항철도,,김포공항,SAT,DOWN,0,A2051,,09:15:00,서울역,인천공항2터미널
25141,공항철도,,김포공항,END,DOWN,0,A2051,,09:15:00,서울역,인천공항2터미널
25142,공항철도,,계양,SAT,DOWN,0,A2051,,09:21:00,서울역,인천공항2터미널
25143,공항철도,,계양,END,DOWN,0,A2051,,09:21:00,서울역,인천공항2터미널
25144,공항철도,,검암,SAT,DOWN,0,A2051,,09:27:00,서울역,인천공항2터미널
25145,공항철도,,검암,END,DOWN,0,A2051,,09:27:00,서울역,인천공항2터미널
25146,공항철도,,청라국제도시,SAT,DOWN,0,A2051,,09:32:00,서울역,인천공항2터미널
25147,공항철도,,청라국제도시,END,DOWN,0,A2051,,09:32:00,서울역,인천공항2터미널
25148,공항철도,,영종,SAT,DOWN,0,A2051,,09:41:00,서울역,인천공항2터미널
25149,공항철도,,영종,END,DOWN,0,A2051,,09:41:00,서울역,인천공항2터미널
25150,공항철도,,운서,SAT,DOWN,0,A2051,,09:45:00,서울역,인천공항2터미널
25151,공항철도,,운서,END,DOWN,0,A2051,,09:45:00,서울역,인천공항2터미널
25152,공항철도,,공항화물청사,SAT,DOWN,0,A2051,,09:49:00,서울역,인천공항2터미널
25153,공항철도,,공항화물청사,END,DOWN,0,A2051,,09:49:00,서울역,인천공항2터미널
25154,공항철도,,인천공항1터미널,SAT,DOWN,0,A2051,,09:53:00,서울역,인천공항2터미널
25155,공항철도,,인천공항1터미널,END,DOWN,0,A2051,,09:53:00,서울역,인천공항2터미널
25156,공항철도,,인천공항2터미널,DAY,DOWN,0,A2052,,07:35:00,인천공항2터미널,서울역
25157,공항철도,,인천공항1터미널,DAY,DOWN,0,A2052,,07:42:00,인천공항2터미널,서울역
25158,공항철도,,공항화물청사,DAY,DOWN,0,A2052,,07:45:00,인천공항2터미널,서울역
25159,공항철도,,운서,DAY,DOWN,0,A2052,,07:50:00,인천공항2터미널,서울역
25160,공항철도,,영종,DAY,DOWN,0,A2052,,07:54:00,인천공항2터미널,서울역
25161,공항철도,,청라국제도시,DAY,DOWN,0,A2052,,08:02:00,인천공항2터미널,서울역
25162,공항철도,,검암,DAY,DOWN,0,A2052,,08:07:00,인천공항2터미널,서울역
25163,공항철도,,계양,DAY,DOWN,0,A2052,,08:13:00,인천공항2터미널,서울역
25164,공항철도,,김포공항,DAY,DOWN,0,A2052,,08:20:00,인천공항2터미널,서울역
25165,공항철도,,마곡나루,DAY,DOWN,0,A2052,,08:23:00,인천공항2터미널,서울역
25166,공항철도,,디지털미디어시티,DAY,DOWN,0,A2052,,08:31:00,인천공항2터미널,서울역
25167,공항철도,,홍대입구,DAY,DOWN,0,A2052,,08:35:00,인천공항2터미널,서울역
25168,공항철도,,공덕,DAY,DOWN,0,A2052,,08:38:00,인천공항2터미널,서울역
25169,공항철도,,인천공항2터미널,SAT,DOWN,0,A2052,,07:57:00,인천공항2터미널,서울역
25170,공항철도,,인천공항2터미널,END,DOWN,0,A2052,,07:57:00,인천공항2터미널,서울역
25171,공항철도,,인천공항1터미널,SAT,DOWN,0,A2052,,08:04:00,인천공항2터미널,서울역
25172,공항철도,,인천공항1터미널,END,DOWN,0,A2052,,08:04:00,인천공항2터미널,서울역
25173,공항철도,,공항화물청사,SAT,DOWN,0,A2052,,08:07:00,인천공항2터미널,서울역
25174,공항철도,,공항화물청사,END,DOWN,0,A2052,,08:07:00,인천공항2터미널,서울역
25175,공항철도,,운서,SAT,DOWN,0,A2052,,08:12:00,인천공항2터미널,서울역
25176,공항철도,,운서,END,DOWN,0,A2052,,08:12:00,인천공항2터미널,서울역
25177,공항철도,,영종,SAT,DOWN,0,A2052,,08:16:00,인천공항2터미널,서울역
25178,공항철도,,영종,END,DOWN,0,A2052,,08:16:00,인천공항2터미널,서울역
25179,공항철도,,청라국제도시,SAT,DOWN,0,A2052,,08:24:00,인천공항2터미널,서울역
25180,공항철도,,청라국제도시,END,DOWN,0,A2052,,08:24:00,인천공항2터미널,서울역
25181,공항철도,,검암,SAT,DOWN,0,A2052,,08:29:00,인천공항2터미널,서울역
25182,공항철도,,검암,END,DOWN,0,A2052,,08:29:00,인천공항2터미널,서울역
25183,공항철도,,계양,SAT,DOWN,0,A2052,,08:35:00,인천공항2터미널,서울역
25184,공항철도,,계양,END,DOWN,0,A2052,,08:35:00,인천공항2터미널,서울역
25185,공항철도,,김포공항,SAT,DOWN,0,A2052,,08:42:00,인천공항2터미널,서울역
25186,공항철도,,김포공항,END,DOWN,0,A2052,,08:42:00,인천공항2터미널,서울역
25187,공항철도,,마곡나루,SAT,DOWN,0,A2052,,08:45:00,인천공항2터미널,서울역
25188,공항철도,,마곡나루,END,DOWN,0,A2052,,08:45:00,인천공항2터미널,서울역
25189,공항철도,,디지털미디어시티,SAT,DOWN,0,A2052,,08:54:00,인천공항2터미널,서울역
25190,공항철도,,디지털미디어시티,END,DOWN,0,A2052,,08:54:00,인천공항2터미널,서울역
25191,공항철도,,홍대입구,SAT,DOWN,0,A2052,,08:58:00,인천공항2터미널,서울역
25192,공항철도,,홍대입구,END,DOWN,0,A2052,,08:58:00,인천공항2터미널,서울역
25193,공항철도,,공덕,SAT,DOWN,0,A2052,,09:01:00,인천공항2터미널,서울역
25194,공항철도,,공덕,END,DOWN,0,A2052,,09:01:00,인천공항2터미널,서울역
25195,공항철도,,서울역,DAY,DOWN,0,A2053,,09:18:00,서울역,인천공항2터미널
25196,공항철도,,공덕,DAY,DOWN,0,A2053,,09:23:00,서울역,인천공항2터미널
25197,공항철도,,홍대입구,DAY,DOWN,0,A2053,,09:26:00,서울역,인천공항2터미널
25198,공항철도,,디지털미디어시티,DAY,DOWN,0,A2053,,09:30:00,서울역,인천공항2터미널
25199,공항철도,,마곡나루,DAY,DOWN,0,A2053,,09:38:00,서울역,인천공항2터미널
25200,공항철도,,김포공항,DAY,DOWN,0,A2053,,09:41:00,서울역,인천공항2터미널
25201,공항철도,,계양,DAY,DOWN,0,A2053,,09:47:00,서울역,인천공항2터미널
25202,공항철도,,검암,DAY,DOWN,0,A2053,,09:53:00,서울역,인천공항2터미널
25203,공항철도,,청라국제도시,DAY,DOWN,0,A2053,,09:58:00,서울역,인천공항2터미널
25204,공항철도,,영종,DAY,DOWN,0,A2053,,10:07:00,서울역,인천공항2터미널
25205,공항철도,,운서,DAY,DOWN,0,A2053,,10:11:00,서울역,인천공항2터미널
25206,공항철도,,공항화물청사,DAY,DOWN,0,A2053,,10:15:00,서울역,인천공항2터미널
25207,공항철도,,인천공항1터미널,DAY,DOWN,0,A2053,,10:19:00,서울역,인천공항2터미널
25208,공항철도,,서울역,SAT,DOWN,0,A2053,,08:58:00,서울역,인천공항2터미널
25209,공항철도,,서울역,END,DOWN,0,A2053,,08:58:00,서울역,인천공항2터미널
25210,공항철도,,공덕,SAT,DOWN,0,A2053,,09:02:00,서울역,인천공항2터미널
25211,공항철도,,공덕,END,DOWN,0,A2053,,09:02:00,서울역,인천공항2터미널
25212,공항철도,,홍대입구,SAT,DOWN,0,A2053,,09:06:00,서울역,인천공항2터미널
25213,공항철도,,홍대입구,END,DOWN,0,A2053,,09:06:00,서울역,인천공항2터미널
25214,공항철도,,디지털미디어시티,SAT,DOWN,0,A2053,,09:10:00,서울역,인천공항2터미널
25215,공항철도,,디지털미디어시티,END,DOWN,0,A2053,,09:10:00,서울역,인천공항2터미널
25216,공항철도,,마곡나루,SAT,DOWN,0,A2053,,09:17:00,서울역,인천공항2터미널
25217,공항철도,,마곡나루,END,DOWN,0,A2053,,09:17:00,서울역,인천공항2터미널
25218,공항철도,,김포공항,SAT,DOWN,0,A2053,,09:20:00,서울역,인천공항2터미널
25219,공항철도,,김포공항,END,DOWN,0,A2053,,09:20:00,서울역,인천공항2터미널
25220,공항철도,,계양,SAT,DOWN,0,A2053,,09:27:00,서울역,인천공항2터미널
25221,공항철도,,계양,END,DOWN,0,A2053,,09:27:00,서울역,인천공항2터미널
25222,공항철도,,검암,SAT,DOWN,0,A2053,,09:33:00,서울역,인천공항2터미널
25223,공항철도,,검암,END,DOWN,0,A2053,,09:33:00,서울역,인천공항2터미널
25224,공항철도,,청라국제도시,SAT,DOWN,0,A2053,,09:38:00,서울역,인천공항2터미널
25225,공항철도,,청라국제도시,END,DOWN,0,A2053,,09:38:00,서울역,인천공항2터미널
25226,공항철도,,영종,SAT,DOWN,0,A2053,,09:46:00,서울역,인천공항2터미널
25227,공항철도,,영종,END,DOWN,0,A2053,,09:46:00,서울역,인천공항2터미널
25228,공항철도,,운서,SAT,DOWN,0,A2053,,09:50:00,서울역,인천공항2터미널
25229,공항철도,,운서,END,DOWN,0,A2053,,09:50:00,서울역,인천공항2터미널
25230,공항철도,,공항화물청사,SAT,DOWN,0,A2053,,09:55:00,서울역,인천공항2터미널
25231,공항철도,,공항화물청사,END,DOWN,0,A2053,,09:55:00,서울역,인천공항2터미널
25232,공항철도,,인천공항1터미널,SAT,DOWN,0,A2053,,09:59:00,서울역,인천공항2터미널
25233,공항철도,,인천공항1터미널,END,DOWN,0,A2053,,09:59:00,서울역,인천공항2터미널
25234,공항철도,,인천공항2터미널,DAY,DOWN,0,A2054,,07:40:00,인천공항2터미널,서울역
25235,공항철도,,인천공항1터미널,DAY,DOWN,0,A2054,,07:46:00,인천공항2터미널,서울역
25236,공항철도,,공항화물청사,DAY,DOWN,0,A2054,,07:50:00,인천공항2터미널,서울역
25237,공항철도,,운서,DAY,DOWN,0,A2054,,07:54:00,인천공항2터미널,서울역
25238,공항철도,,영종,DAY,DOWN,0,A2054,,07:58:00,인천공항2터미널,서울역
25239,공항철도,,청라국제도시,DAY,DOWN,0,A2054,,08:07:00,인천공항2터미널,서울역
25240,공항철도,,검암,DAY,DOWN,0,A2054,,08:12:00,인천공항2터미널,서울역
25241,공항철도,,계양,DAY,DOWN,0,A2054,,08:18:00,인천공항2터미널,서울역
25242,공항철도,,김포공항,DAY,DOWN,0,A2054,,08:25:00,인천공항2터미널,서울역
25243,공항철도,,마곡나루,DAY,DOWN,0,A2054,,08:28:00,인천공항2터미널,서울역
25244,공항철도,,디지털미디어시티,DAY,DOWN,0,A2054,,08:35:00,인천공항2터미널,서울역
25245,공항철도,,홍대입구,DAY,DOWN,0,A2054,,08:39:00,인천공항2터미널,서울역
25246,공항철도,,공덕,DAY,DOWN,0,A2054,,08:43:00,인천공항2터미널,서울역
25247,공항철도,,인천공항2터미널,SAT,DOWN,0,A2054,,08:03:00,인천공항2터미널,서울역
25248,공항철도,,인천공항2터미널,END,DOWN,0,A2054,,08:03:00,인천공항2터미널,서울역
25249,공항철도,,인천공항1터미널,SAT,DOWN,0,A2054,,08:10:00,인천공항2터미널,서울역
25250,공항철도,,인천공항1터미널,END,DOWN,0,A2054,,08:10:00,인천공항2터미널,서울역
25251,공항철도,,공항화물청사,SAT,DOWN,0,A2054,,08:13:00,인천공항2터미널,서울역
25252,공항철도,,공항화물청사,END,DOWN,0,A2054,,08:13:00,인천공항2터미널,서울역
25253,공항철도,,운서,SAT,DOWN,0,A2054,,08:18:00,인천공항2터미널,서울역
25254,공항철도,,운서,END,DOWN,0,A2054,,08:18:00,인천공항2터미널,서울역
25255,공항철도,,영종,SAT,DOWN,0,A2054,,08:22:00,인천공항2터미널,서울역
25256,공항철도,,영종,END,DOWN,0,A2054,,08:22:00,인천공항2터미널,서울역
25257,공항철도,,청라국제도시,SAT,DOWN,0,A2054,,08:30:00,인천공항2터미널,서울역
25258,공항철도,,청라국제도시,END,DOWN,0,A2054,,08:30:00,인천공항2터미널,서울역
25259,공항철도,,검암,SAT,DOWN,0,A2054,,08:37:00,인천공항2터미널,서울역
25260,공항철도,,검암,END,DOWN,0,A2054,,08:37:00,인천공항2터미널,서울역
25261,공항철도,,계양,SAT,DOWN,0,A2054,,08:43:00,인천공항2터미널,서울역
25262,공항철도,,계양,END,DOWN,0,A2054,,08:43:00,인천공항2터미널,서울역
25263,공항철도,,김포공항,SAT,DOWN,0,A2054,,08:49:00,인천공항2터미널,서울역
25264,공항철도,,김포공항,END,DOWN,0,A2054,,08:49:00,인천공항2터미널,서울역
25265,공항철도,,마곡나루,SAT,DOWN,0,A2054,,08:52:00,인천공항2터미널,서울역
25266,공항철도,,마곡나루,END,DOWN,0,A2054,,08:52:00,인천공항2터미널,서울역
25267,공항철도,,디지털미디어시티,SAT,DOWN,0,A2054,,09:00:00,인천공항2터미널,서울역
25268,공항철도,,디지털미디어시티,END,DOWN,0,A2054,,09:00:00,인천공항2터미널,서울역
25269,공항철도,,홍대입구,SAT,DOWN,0,A2054,,09:04:00,인천공항2터미널,서울역
25270,공항철도,,홍대입구,END,DOWN,0,A2054,,09:04:00,인천공항2터미널,서울역
25271,공항철도,,공덕,SAT,DOWN,0,A2054,,09:07:00,인천공항2터미널,서울역
25272,공항철도,,공덕,END,DOWN,0,A2054,,09:07:00,인천공항2터미널,서울역
25273,공항철도,,서울역,DAY,DOWN,0,A2055,,09:24:00,서울역,인천공항2터미널
25274,공항철도,,공덕,DAY,DOWN,0,A2055,,09:28:00,서울역,인천공항2터미널
25275,공항철도,,홍대입구,DAY,DOWN,0,A2055,,09:32:00,서울역,인천공항2터미널
25276,공항철도,,디지털미디어시티,DAY,DOWN,0,A2055,,09:36:00,서울역,인천공항2터미널
25277,공항철도,,마곡나루,DAY,DOWN,0,A2055,,09:43:00,서울역,인천공항2터미널
25278,공항철도,,김포공항,DAY,DOWN,0,A2055,,09:46:00,서울역,인천공항2터미널
25279,공항철도,,계양,DAY,DOWN,0,A2055,,09:53:00,서울역,인천공항2터미널
25280,공항철도,,검암,DAY,DOWN,0,A2055,,09:59:00,서울역,인천공항2터미널
25281,공항철도,,청라국제도시,DAY,DOWN,0,A2055,,10:04:00,서울역,인천공항2터미널
25282,공항철도,,영종,DAY,DOWN,0,A2055,,10:12:00,서울역,인천공항2터미널
25283,공항철도,,운서,DAY,DOWN,0,A2055,,10:16:00,서울역,인천공항2터미널
25284,공항철도,,공항화물청사,DAY,DOWN,0,A2055,,10:21:00,서울역,인천공항2터미널
25285,공항철도,,인천공항1터미널,DAY,DOWN,0,A2055,,10:25:00,서울역,인천공항2터미널
25286,공항철도,,서울역,SAT,DOWN,0,A2055,,09:02:00,서울역,인천공항2터미널
25287,공항철도,,서울역,END,DOWN,0,A2055,,09:02:00,서울역,인천공항2터미널
25288,공항철도,,공덕,SAT,DOWN,0,A2055,,09:07:00,서울역,인천공항2터미널
25289,공항철도,,공덕,END,DOWN,0,A2055,,09:07:00,서울역,인천공항2터미널
25290,공항철도,,홍대입구,SAT,DOWN,0,A2055,,09:10:00,서울역,인천공항2터미널
25291,공항철도,,홍대입구,END,DOWN,0,A2055,,09:10:00,서울역,인천공항2터미널
25292,공항철도,,디지털미디어시티,SAT,DOWN,0,A2055,,09:14:00,서울역,인천공항2터미널
25293,공항철도,,디지털미디어시티,END,DOWN,0,A2055,,09:14:00,서울역,인천공항2터미널
25294,공항철도,,마곡나루,SAT,DOWN,0,A2055,,09:22:00,서울역,인천공항2터미널
25295,공항철도,,마곡나루,END,DOWN,0,A2055,,09:22:00,서울역,인천공항2터미널
25296,공항철도,,김포공항,SAT,DOWN,0,A2055,,09:25:00,서울역,인천공항2터미널
25297,공항철도,,김포공항,END,DOWN,0,A2055,,09:25:00,서울역,인천공항2터미널
25298,공항철도,,계양,SAT,DOWN,0,A2055,,09:31:00,서울역,인천공항2터미널
25299,공항철도,,계양,END,DOWN,0,A2055,,09:31:00,서울역,인천공항2터미널
25300,공항철도,,검암,SAT,DOWN,0,A2055,,09:37:00,서울역,인천공항2터미널
25301,공항철도,,검암,END,DOWN,0,A2055,,09:37:00,서울역,인천공항2터미널
25302,공항철도,,청라국제도시,SAT,DOWN,0,A2055,,09:42:00,서울역,인천공항2터미널
25303,공항철도,,청라국제도시,END,DOWN,0,A2055,,09:42:00,서울역,인천공항2터미널
25304,공항철도,,영종,SAT,DOWN,0,A2055,,09:51:00,서울역,인천공항2터미널
25305,공항철도,,영종,END,DOWN,0,A2055,,09:51:00,서울역,인천공항2터미널
25306,공항철도,,운서,SAT,DOWN,0,A2055,,09:55:00,서울역,인천공항2터미널
25307,공항철도,,운서,END,DOWN,0,A2055,,09:55:00,서울역,인천공항2터미널
25308,공항철도,,공항화물청사,SAT,DOWN,0,A2055,,09:59:00,서울역,인천공항2터미널
25309,공항철도,,공항화물청사,END,DOWN,0,A2055,,09:59:00,서울역,인천공항2터미널
25310,공항철도,,인천공항1터미널,SAT,DOWN,0,A2055,,10:03:00,서울역,인천공항2터미널
25311,공항철도,,인천공항1터미널,END,DOWN,0,A2055,,10:03:00,서울역,인천공항2터미널
25312,공항철도,,인천공항2터미널,DAY,DOWN,0,A2056,,07:48:00,인천공항2터미널,서울역
25313,공항철도,,인천공항1터미널,DAY,DOWN,0,A2056,,07:55:00,인천공항2터미널,서울역
25314,공항철도,,공항화물청사,DAY,DOWN,0,A2056,,07:58:00,인천공항2터미널,서울역
25315,공항철도,,운서,DAY,DOWN,0,A2056,,08:03:00,인천공항2터미널,서울역
25316,공항철도,,영종,DAY,DOWN,0,A2056,,08:07:00,인천공항2터미널,서울역
25317,공항철도,,청라국제도시,DAY,DOWN,0,A2056,,08:15:00,인천공항2터미널,서울역
25318,공항철도,,검암,DAY,DOWN,0,A2056,,08:20:00,인천공항2터미널,서울역
25319,공항철도,,계양,DAY,DOWN,0,A2056,,08:26:00,인천공항2터미널,서울역
25320,공항철도,,김포공항,DAY,DOWN,0,A2056,,08:33:00,인천공항2터미널,서울역
25321,공항철도,,마곡나루,DAY,DOWN,0,A2056,,08:36:00,인천공항2터미널,서울역
25322,공항철도,,디지털미디어시티,DAY,DOWN,0,A2056,,08:44:00,인천공항2터미널,서울역
25323,공항철도,,홍대입구,DAY,DOWN,0,A2056,,08:48:00,인천공항2터미널,서울역
25324,공항철도,,공덕,DAY,DOWN,0,A2056,,08:51:00,인천공항2터미널,서울역
25325,공항철도,,인천공항2터미널,SAT,DOWN,0,A2056,,08:13:00,인천공항2터미널,서울역
25326,공항철도,,인천공항2터미널,END,DOWN,0,A2056,,08:13:00,인천공항2터미널,서울역
25327,공항철도,,인천공항1터미널,SAT,DOWN,0,A2056,,08:19:00,인천공항2터미널,서울역
25328,공항철도,,인천공항1터미널,END,DOWN,0,A2056,,08:19:00,인천공항2터미널,서울역
25329,공항철도,,공항화물청사,SAT,DOWN,0,A2056,,08:23:00,인천공항2터미널,서울역
25330,공항철도,,공항화물청사,END,DOWN,0,A2056,,08:23:00,인천공항2터미널,서울역
25331,공항철도,,운서,SAT,DOWN,0,A2056,,08:27:00,인천공항2터미널,서울역
25332,공항철도,,운서,END,DOWN,0,A2056,,08:27:00,인천공항2터미널,서울역
25333,공항철도,,영종,SAT,DOWN,0,A2056,,08:31:00,인천공항2터미널,서울역
25334,공항철도,,영종,END,DOWN,0,A2056,,08:31:00,인천공항2터미널,서울역
25335,공항철도,,청라국제도시,SAT,DOWN,0,A2056,,08:40:00,인천공항2터미널,서울역
25336,공항철도,,청라국제도시,END,DOWN,0,A2056,,08:40:00,인천공항2터미널,서울역
25337,공항철도,,검암,SAT,DOWN,0,A2056,,08:45:00,인천공항2터미널,서울역
25338,공항철도,,검암,END,DOWN,0,A2056,,08:45:00,인천공항2터미널,서울역
25339,공항철도,,계양,SAT,DOWN,0,A2056,,08:51:00,인천공항2터미널,서울역
25340,공항철도,,계양,END,DOWN,0,A2056,,08:51:00,인천공항2터미널,서울역
25341,공항철도,,김포공항,SAT,DOWN,0,A2056,,08:57:00,인천공항2터미널,서울역
25342,공항철도,,김포공항,END,DOWN,0,A2056,,08:57:00,인천공항2터미널,서울역
25343,공항철도,,마곡나루,SAT,DOWN,0,A2056,,09:00:00,인천공항2터미널,서울역
25344,공항철도,,마곡나루,END,DOWN,0,A2056,,09:00:00,인천공항2터미널,서울역
25345,공항철도,,디지털미디어시티,SAT,DOWN,0,A2056,,09:08:00,인천공항2터미널,서울역
25346,공항철도,,디지털미디어시티,END,DOWN,0,A2056,,09:08:00,인천공항2터미널,서울역
25347,공항철도,,홍대입구,SAT,DOWN,0,A2056,,09:12:00,인천공항2터미널,서울역
25348,공항철도,,홍대입구,END,DOWN,0,A2056,,09:12:00,인천공항2터미널,서울역
25349,공항철도,,공덕,SAT,DOWN,0,A2056,,09:15:00,인천공항2터미널,서울역
25350,공항철도,,공덕,END,DOWN,0,A2056,,09:15:00,인천공항2터미널,서울역
25351,공항철도,,서울역,DAY,DOWN,0,A2057,,09:30:00,서울역,인천공항2터미널
25352,공항철도,,공덕,DAY,DOWN,0,A2057,,09:35:00,서울역,인천공항2터미널
25353,공항철도,,홍대입구,DAY,DOWN,0,A2057,,09:38:00,서울역,인천공항2터미널
25354,공항철도,,디지털미디어시티,DAY,DOWN,0,A2057,,09:42:00,서울역,인천공항2터미널
25355,공항철도,,마곡나루,DAY,DOWN,0,A2057,,09:50:00,서울역,인천공항2터미널
25356,공항철도,,김포공항,DAY,DOWN,0,A2057,,09:53:00,서울역,인천공항2터미널
25357,공항철도,,계양,DAY,DOWN,0,A2057,,09:59:00,서울역,인천공항2터미널
25358,공항철도,,검암,DAY,DOWN,0,A2057,,10:05:00,서울역,인천공항2터미널
25359,공항철도,,청라국제도시,DAY,DOWN,0,A2057,,10:10:00,서울역,인천공항2터미널
25360,공항철도,,영종,DAY,DOWN,0,A2057,,10:20:00,서울역,인천공항2터미널
25361,공항철도,,운서,DAY,DOWN,0,A2057,,10:24:00,서울역,인천공항2터미널
25362,공항철도,,공항화물청사,DAY,DOWN,0,A2057,,10:29:00,서울역,인천공항2터미널
25363,공항철도,,인천공항1터미널,DAY,DOWN,0,A2057,,10:33:00,서울역,인천공항2터미널
25364,공항철도,,서울역,SAT,DOWN,0,A2057,,09:09:00,서울역,인천공항2터미널
25365,공항철도,,서울역,END,DOWN,0,A2057,,09:09:00,서울역,인천공항2터미널
25366,공항철도,,공덕,SAT,DOWN,0,A2057,,09:13:00,서울역,인천공항2터미널
25367,공항철도,,공덕,END,DOWN,0,A2057,,09:13:00,서울역,인천공항2터미널
25368,공항철도,,홍대입구,SAT,DOWN,0,A2057,,09:17:00,서울역,인천공항2터미널
25369,공항철도,,홍대입구,END,DOWN,0,A2057,,09:17:00,서울역,인천공항2터미널
25370,공항철도,,디지털미디어시티,SAT,DOWN,0,A2057,,09:21:00,서울역,인천공항2터미널
25371,공항철도,,디지털미디어시티,END,DOWN,0,A2057,,09:21:00,서울역,인천공항2터미널
25372,공항철도,,마곡나루,SAT,DOWN,0,A2057,,09:28:00,서울역,인천공항2터미널
25373,공항철도,,마곡나루,END,DOWN,0,A2057,,09:28:00,서울역,인천공항2터미널
25374,공항철도,,김포공항,SAT,DOWN,0,A2057,,09:31:00,서울역,인천공항2터미널
25375,공항철도,,김포공항,END,DOWN,0,A2057,,09:31:00,서울역,인천공항2터미널
25376,공항철도,,계양,SAT,DOWN,0,A2057,,09:38:00,서울역,인천공항2터미널
25377,공항철도,,계양,END,DOWN,0,A2057,,09:38:00,서울역,인천공항2터미널
25378,공항철도,,검암,SAT,DOWN,0,A2057,,09:44:00,서울역,인천공항2터미널
25379,공항철도,,검암,END,DOWN,0,A2057,,09:44:00,서울역,인천공항2터미널
25380,공항철도,,청라국제도시,SAT,DOWN,0,A2057,,09:49:00,서울역,인천공항2터미널
25381,공항철도,,청라국제도시,END,DOWN,0,A2057,,09:49:00,서울역,인천공항2터미널
25382,공항철도,,영종,SAT,DOWN,0,A2057,,09:57:00,서울역,인천공항2터미널
25383,공항철도,,영종,END,DOWN,0,A2057,,09:57:00,서울역,인천공항2터미널
25384,공항철도,,운서,SAT,DOWN,0,A2057,,10:01:00,서울역,인천공항2터미널
25385,공항철도,,운서,END,DOWN,0,A2057,,10:01:00,서울역,인천공항2터미널
25386,공항철도,,공항화물청사,SAT,DOWN,0,A2057,,10:06:00,서울역,인천공항2터미널
25387,공항철도,,공항화물청사,END,DOWN,0,A2057,,10:06:00,서울역,인천공항2터미널
25388,공항철도,,인천공항1터미널,SAT,DOWN,0,A2057,,10:10:00,서울역,인천공항2터미널
25389,공항철도,,인천공항1터미널,END,DOWN,0,A2057,,10:10:00,서울역,인천공항2터미널
25390,공항철도,,인천공항2터미널,DAY,DOWN,0,A2058,,07:57:00,인천공항2터미널,서울역
25391,공항철도,,인천공항1터미널,DAY,DOWN,0,A2058,,08:03:00,인천공항2터미널,서울역
25392,공항철도,,공항화물청사,DAY,DOWN,0,A2058,,08:07:00,인천공항2터미널,서울역
25393,공항철도,,운서,DAY,DOWN,0,A2058,,08:11:00,인천공항2터미널,서울역
25394,공항철도,,영종,DAY,DOWN,0,A2058,,08:15:00,인천공항2터미널,서울역
25395,공항철도,,청라국제도시,DAY,DOWN,0,A2058,,08:24:00,인천공항2터미널,서울역
25396,공항철도,,검암,DAY,DOWN,0,A2058,,08:29:00,인천공항2터미널,서울역
25397,공항철도,,계양,DAY,DOWN,0,A2058,,08:35:00,인천공항2터미널,서울역
25398,공항철도,,김포공항,DAY,DOWN,0,A2058,,08:42:00,인천공항2터미널,서울역
25399,공항철도,,마곡나루,DAY,DOWN,0,A2058,,08:45:00,인천공항2터미널,서울역
25400,공항철도,,디지털미디어시티,DAY,DOWN,0,A2058,,08:54:00,인천공항2터미널,서울역
25401,공항철도,,홍대입구,DAY,DOWN,0,A2058,,08:58:00,인천공항2터미널,서울역
25402,공항철도,,공덕,DAY,DOWN,0,A2058,,09:01:00,인천공항2터미널,서울역
25403,공항철도,,인천공항2터미널,SAT,DOWN,0,A2058,,08:19:00,인천공항2터미널,서울역
25404,공항철도,,인천공항2터미널,END,DOWN,0,A2058,,08:19:00,인천공항2터미널,서울역
25405,공항철도,,인천공항1터미널,SAT,DOWN,0,A2058,,08:26:00,인천공항2터미널,서울역
25406,공항철도,,인천공항1터미널,END,DOWN,0,A2058,,08:26:00,인천공항2터미널,서울역
25407,공항철도,,공항화물청사,SAT,DOWN,0,A2058,,08:29:00,인천공항2터미널,서울역
25408,공항철도,,공항화물청사,END,DOWN,0,A2058,,08:29:00,인천공항2터미널,서울역
25409,공항철도,,운서,SAT,DOWN,0,A2058,,08:34:00,인천공항2터미널,서울역
25410,공항철도,,운서,END,DOWN,0,A2058,,08:34:00,인천공항2터미널,서울역
25411,공항철도,,영종,SAT,DOWN,0,A2058,,08:38:00,인천공항2터미널,서울역
25412,공항철도,,영종,END,DOWN,0,A2058,,08:38:00,인천공항2터미널,서울역
25413,공항철도,,청라국제도시,SAT,DOWN,0,A2058,,08:46:00,인천공항2터미널,서울역
25414,공항철도,,청라국제도시,END,DOWN,0,A2058,,08:46:00,인천공항2터미널,서울역
25415,공항철도,,검암,SAT,DOWN,0,A2058,,08:51:00,인천공항2터미널,서울역
25416,공항철도,,검암,END,DOWN,0,A2058,,08:51:00,인천공항2터미널,서울역
25417,공항철도,,계양,SAT,DOWN,0,A2058,,08:57:00,인천공항2터미널,서울역
25418,공항철도,,계양,END,DOWN,0,A2058,,08:57:00,인천공항2터미널,서울역
25419,공항철도,,김포공항,SAT,DOWN,0,A2058,,09:04:00,인천공항2터미널,서울역
25420,공항철도,,김포공항,END,DOWN,0,A2058,,09:04:00,인천공항2터미널,서울역
25421,공항철도,,마곡나루,SAT,DOWN,0,A2058,,09:07:00,인천공항2터미널,서울역
25422,공항철도,,마곡나루,END,DOWN,0,A2058,,09:07:00,인천공항2터미널,서울역
25423,공항철도,,디지털미디어시티,SAT,DOWN,0,A2058,,09:14:00,인천공항2터미널,서울역
25424,공항철도,,디지털미디어시티,END,DOWN,0,A2058,,09:14:00,인천공항2터미널,서울역
25425,공항철도,,홍대입구,SAT,DOWN,0,A2058,,09:18:00,인천공항2터미널,서울역
25426,공항철도,,홍대입구,END,DOWN,0,A2058,,09:18:00,인천공항2터미널,서울역
25427,공항철도,,공덕,SAT,DOWN,0,A2058,,09:22:00,인천공항2터미널,서울역
25428,공항철도,,공덕,END,DOWN,0,A2058,,09:22:00,인천공항2터미널,서울역
25429,공항철도,,서울역,DAY,DOWN,0,A2059,,09:34:00,서울역,인천공항2터미널
25430,공항철도,,공덕,DAY,DOWN,0,A2059,,09:39:00,서울역,인천공항2터미널
25431,공항철도,,홍대입구,DAY,DOWN,0,A2059,,09:42:00,서울역,인천공항2터미널
25432,공항철도,,디지털미디어시티,DAY,DOWN,0,A2059,,09:46:00,서울역,인천공항2터미널
25433,공항철도,,마곡나루,DAY,DOWN,0,A2059,,09:54:00,서울역,인천공항2터미널
25434,공항철도,,김포공항,DAY,DOWN,0,A2059,,09:57:00,서울역,인천공항2터미널
25435,공항철도,,계양,DAY,DOWN,0,A2059,,10:03:00,서울역,인천공항2터미널
25436,공항철도,,검암,DAY,DOWN,0,A2059,,10:11:00,서울역,인천공항2터미널
25437,공항철도,,청라국제도시,DAY,DOWN,0,A2059,,10:16:00,서울역,인천공항2터미널
25438,공항철도,,영종,DAY,DOWN,0,A2059,,10:24:00,서울역,인천공항2터미널
25439,공항철도,,운서,DAY,DOWN,0,A2059,,10:28:00,서울역,인천공항2터미널
25440,공항철도,,공항화물청사,DAY,DOWN,0,A2059,,10:33:00,서울역,인천공항2터미널
25441,공항철도,,인천공항1터미널,DAY,DOWN,0,A2059,,10:37:00,서울역,인천공항2터미널
25442,공항철도,,서울역,SAT,DOWN,0,A2059,,09:19:00,서울역,인천공항2터미널
25443,공항철도,,서울역,END,DOWN,0,A2059,,09:19:00,서울역,인천공항2터미널
25444,공항철도,,공덕,SAT,DOWN,0,A2059,,09:24:00,서울역,인천공항2터미널
25445,공항철도,,공덕,END,DOWN,0,A2059,,09:24:00,서울역,인천공항2터미널
25446,공항철도,,홍대입구,SAT,DOWN,0,A2059,,09:27:00,서울역,인천공항2터미널
25447,공항철도,,홍대입구,END,DOWN,0,A2059,,09:27:00,서울역,인천공항2터미널
25448,공항철도,,디지털미디어시티,SAT,DOWN,0,A2059,,09:31:00,서울역,인천공항2터미널
25449,공항철도,,디지털미디어시티,END,DOWN,0,A2059,,09:31:00,서울역,인천공항2터미널
25450,공항철도,,마곡나루,SAT,DOWN,0,A2059,,09:39:00,서울역,인천공항2터미널
25451,공항철도,,마곡나루,END,DOWN,0,A2059,,09:39:00,서울역,인천공항2터미널
25452,공항철도,,김포공항,SAT,DOWN,0,A2059,,09:42:00,서울역,인천공항2터미널
25453,공항철도,,김포공항,END,DOWN,0,A2059,,09:42:00,서울역,인천공항2터미널
25454,공항철도,,계양,SAT,DOWN,0,A2059,,09:48:00,서울역,인천공항2터미널
25455,공항철도,,계양,END,DOWN,0,A2059,,09:48:00,서울역,인천공항2터미널
25456,공항철도,,검암,SAT,DOWN,0,A2059,,09:54:00,서울역,인천공항2터미널
25457,공항철도,,검암,END,DOWN,0,A2059,,09:54:00,서울역,인천공항2터미널
25458,공항철도,,청라국제도시,SAT,DOWN,0,A2059,,09:59:00,서울역,인천공항2터미널
25459,공항철도,,청라국제도시,END,DOWN,0,A2059,,09:59:00,서울역,인천공항2터미널
25460,공항철도,,영종,SAT,DOWN,0,A2059,,10:08:00,서울역,인천공항2터미널
25461,공항철도,,영종,END,DOWN,0,A2059,,10:08:00,서울역,인천공항2터미널
25462,공항철도,,운서,SAT,DOWN,0,A2059,,10:12:00,서울역,인천공항2터미널
25463,공항철도,,운서,END,DOWN,0,A2059,,10:12:00,서울역,인천공항2터미널
25464,공항철도,,공항화물청사,SAT,DOWN,0,A2059,,10:16:00,서울역,인천공항2터미널
25465,공항철도,,공항화물청사,END,DOWN,0,A2059,,10:16:00,서울역,인천공항2터미널
25466,공항철도,,인천공항1터미널,SAT,DOWN,0,A2059,,10:20:00,서울역,인천공항2터미널
25467,공항철도,,인천공항1터미널,END,DOWN,0,A2059,,10:20:00,서울역,인천공항2터미널
25468,공항철도,,인천공항2터미널,DAY,DOWN,0,A2060,,08:07:00,인천공항2터미널,서울역
25469,공항철도,,인천공항1터미널,DAY,DOWN,0,A2060,,08:14:00,인천공항2터미널,서울역
25470,공항철도,,공항화물청사,DAY,DOWN,0,A2060,,08:17:00,인천공항2터미널,서울역
25471,공항철도,,운서,DAY,DOWN,0,A2060,,08:22:00,인천공항2터미널,서울역
25472,공항철도,,영종,DAY,DOWN,0,A2060,,08:27:00,인천공항2터미널,서울역
25473,공항철도,,청라국제도시,DAY,DOWN,0,A2060,,08:36:00,인천공항2터미널,서울역
25474,공항철도,,검암,DAY,DOWN,0,A2060,,08:41:00,인천공항2터미널,서울역
25475,공항철도,,계양,DAY,DOWN,0,A2060,,08:47:00,인천공항2터미널,서울역
25476,공항철도,,김포공항,DAY,DOWN,0,A2060,,08:54:00,인천공항2터미널,서울역
25477,공항철도,,마곡나루,DAY,DOWN,0,A2060,,08:57:00,인천공항2터미널,서울역
25478,공항철도,,디지털미디어시티,DAY,DOWN,0,A2060,,09:04:00,인천공항2터미널,서울역
25479,공항철도,,홍대입구,DAY,DOWN,0,A2060,,09:08:00,인천공항2터미널,서울역
25480,공항철도,,공덕,DAY,DOWN,0,A2060,,09:12:00,인천공항2터미널,서울역
25481,공항철도,,인천공항2터미널,SAT,DOWN,0,A2060,,08:30:00,인천공항2터미널,서울역
25482,공항철도,,인천공항2터미널,END,DOWN,0,A2060,,08:30:00,인천공항2터미널,서울역
25483,공항철도,,인천공항1터미널,SAT,DOWN,0,A2060,,08:36:00,인천공항2터미널,서울역
25484,공항철도,,인천공항1터미널,END,DOWN,0,A2060,,08:36:00,인천공항2터미널,서울역
25485,공항철도,,공항화물청사,SAT,DOWN,0,A2060,,08:40:00,인천공항2터미널,서울역
25486,공항철도,,공항화물청사,END,DOWN,0,A2060,,08:40:00,인천공항2터미널,서울역
25487,공항철도,,운서,SAT,DOWN,0,A2060,,08:44:00,인천공항2터미널,서울역
25488,공항철도,,운서,END,DOWN,0,A2060,,08:44:00,인천공항2터미널,서울역
25489,공항철도,,영종,SAT,DOWN,0,A2060,,08:48:00,인천공항2터미널,서울역
25490,공항철도,,영종,END,DOWN,0,A2060,,08:48:00,인천공항2터미널,서울역
25491,공항철도,,청라국제도시,SAT,DOWN,0,A2060,,08:57:00,인천공항2터미널,서울역
25492,공항철도,,청라국제도시,END,DOWN,0,A2060,,08:57:00,인천공항2터미널,서울역
25493,공항철도,,검암,SAT,DOWN,0,A2060,,09:02:00,인천공항2터미널,서울역
25494,공항철도,,검암,END,DOWN,0,A2060,,09:02:00,인천공항2터미널,서울역
25495,공항철도,,계양,SAT,DOWN,0,A2060,,09:08:00,인천공항2터미널,서울역
25496,공항철도,,계양,END,DOWN,0,A2060,,09:08:00,인천공항2터미널,서울역
25497,공항철도,,김포공항,SAT,DOWN,0,A2060,,09:14:00,인천공항2터미널,서울역
25498,공항철도,,김포공항,END,DOWN,0,A2060,,09:14:00,인천공항2터미널,서울역
25499,공항철도,,마곡나루,SAT,DOWN,0,A2060,,09:17:00,인천공항2터미널,서울역
25500,공항철도,,마곡나루,END,DOWN,0,A2060,,09:17:00,인천공항2터미널,서울역
25501,공항철도,,디지털미디어시티,SAT,DOWN,0,A2060,,09:25:00,인천공항2터미널,서울역
25502,공항철도,,디지털미디어시티,END,DOWN,0,A2060,,09:25:00,인천공항2터미널,서울역
25503,공항철도,,홍대입구,SAT,DOWN,0,A2060,,09:29:00,인천공항2터미널,서울역
25504,공항철도,,홍대입구,END,DOWN,0,A2060,,09:29:00,인천공항2터미널,서울역
25505,공항철도,,공덕,SAT,DOWN,0,A2060,,09:32:00,인천공항2터미널,서울역
25506,공항철도,,공덕,END,DOWN,0,A2060,,09:32:00,인천공항2터미널,서울역
25507,공항철도,,서울역,DAY,DOWN,0,A2061,,09:47:00,서울역,인천공항2터미널
25508,공항철도,,공덕,DAY,DOWN,0,A2061,,09:51:00,서울역,인천공항2터미널
25509,공항철도,,홍대입구,DAY,DOWN,0,A2061,,09:55:00,서울역,인천공항2터미널
25510,공항철도,,디지털미디어시티,DAY,DOWN,0,A2061,,09:59:00,서울역,인천공항2터미널
25511,공항철도,,마곡나루,DAY,DOWN,0,A2061,,10:06:00,서울역,인천공항2터미널
25512,공항철도,,김포공항,DAY,DOWN,0,A2061,,10:09:00,서울역,인천공항2터미널
25513,공항철도,,계양,DAY,DOWN,0,A2061,,10:16:00,서울역,인천공항2터미널
25514,공항철도,,검암,DAY,DOWN,0,A2061,,10:22:00,서울역,인천공항2터미널
25515,공항철도,,청라국제도시,DAY,DOWN,0,A2061,,10:27:00,서울역,인천공항2터미널
25516,공항철도,,영종,DAY,DOWN,0,A2061,,10:35:00,서울역,인천공항2터미널
25517,공항철도,,운서,DAY,DOWN,0,A2061,,10:39:00,서울역,인천공항2터미널
25518,공항철도,,공항화물청사,DAY,DOWN,0,A2061,,10:44:00,서울역,인천공항2터미널
25519,공항철도,,인천공항1터미널,DAY,DOWN,0,A2061,,10:48:00,서울역,인천공항2터미널
25520,공항철도,,서울역,SAT,DOWN,0,A2061,,09:26:00,서울역,인천공항2터미널
25521,공항철도,,서울역,END,DOWN,0,A2061,,09:26:00,서울역,인천공항2터미널
25522,공항철도,,공덕,SAT,DOWN,0,A2061,,09:31:00,서울역,인천공항2터미널
25523,공항철도,,공덕,END,DOWN,0,A2061,,09:31:00,서울역,인천공항2터미널
25524,공항철도,,홍대입구,SAT,DOWN,0,A2061,,09:34:00,서울역,인천공항2터미널
25525,공항철도,,홍대입구,END,DOWN,0,A2061,,09:34:00,서울역,인천공항2터미널
25526,공항철도,,디지털미디어시티,SAT,DOWN,0,A2061,,09:38:00,서울역,인천공항2터미널
25527,공항철도,,디지털미디어시티,END,DOWN,0,A2061,,09:38:00,서울역,인천공항2터미널
25528,공항철도,,마곡나루,SAT,DOWN,0,A2061,,09:46:00,서울역,인천공항2터미널
25529,공항철도,,마곡나루,END,DOWN,0,A2061,,09:46:00,서울역,인천공항2터미널
25530,공항철도,,김포공항,SAT,DOWN,0,A2061,,09:49:00,서울역,인천공항2터미널
25531,공항철도,,김포공항,END,DOWN,0,A2061,,09:49:00,서울역,인천공항2터미널
25532,공항철도,,계양,SAT,DOWN,0,A2061,,09:55:00,서울역,인천공항2터미널
25533,공항철도,,계양,END,DOWN,0,A2061,,09:55:00,서울역,인천공항2터미널
25534,공항철도,,검암,SAT,DOWN,0,A2061,,10:01:00,서울역,인천공항2터미널
25535,공항철도,,검암,END,DOWN,0,A2061,,10:01:00,서울역,인천공항2터미널
25536,공항철도,,청라국제도시,SAT,DOWN,0,A2061,,10:06:00,서울역,인천공항2터미널
25537,공항철도,,청라국제도시,END,DOWN,0,A2061,,10:06:00,서울역,인천공항2터미널
25538,공항철도,,영종,SAT,DOWN,0,A2061,,10:15:00,서울역,인천공항2터미널
25539,공항철도,,영종,END,DOWN,0,A2061,,10:15:00,서울역,인천공항2터미널
25540,공항철도,,운서,SAT,DOWN,0,A2061,,10:19:00,서울역,인천공항2터미널
25541,공항철도,,운서,END,DOWN,0,A2061,,10:19:00,서울역,인천공항2터미널
25542,공항철도,,공항화물청사,SAT,DOWN,0,A2061,,10:23:00,서울역,인천공항2터미널
25543,공항철도,,공항화물청사,END,DOWN,0,A2061,,10:23:00,서울역,인천공항2터미널
25544,공항철도,,인천공항1터미널,SAT,DOWN,0,A2061,,10:27:00,서울역,인천공항2터미널
25545,공항철도,,인천공항1터미널,END,DOWN,0,A2061,,10:27:00,서울역,인천공항2터미널
25546,공항철도,,인천공항2터미널,DAY,DOWN,0,A2062,,08:18:00,인천공항2터미널,서울역
25547,공항철도,,인천공항1터미널,DAY,DOWN,0,A2062,,08:25:00,인천공항2터미널,서울역
25548,공항철도,,공항화물청사,DAY,DOWN,0,A2062,,08:28:00,인천공항2터미널,서울역
25549,공항철도,,운서,DAY,DOWN,0,A2062,,08:33:00,인천공항2터미널,서울역
25550,공항철도,,영종,DAY,DOWN,0,A2062,,08:37:00,인천공항2터미널,서울역
25551,공항철도,,청라국제도시,DAY,DOWN,0,A2062,,08:45:00,인천공항2터미널,서울역
25552,공항철도,,검암,DAY,DOWN,0,A2062,,08:50:00,인천공항2터미널,서울역
25553,공항철도,,계양,DAY,DOWN,0,A2062,,08:56:00,인천공항2터미널,서울역
25554,공항철도,,김포공항,DAY,DOWN,0,A2062,,09:03:00,인천공항2터미널,서울역
25555,공항철도,,마곡나루,DAY,DOWN,0,A2062,,09:06:00,인천공항2터미널,서울역
25556,공항철도,,디지털미디어시티,DAY,DOWN,0,A2062,,09:14:00,인천공항2터미널,서울역
25557,공항철도,,홍대입구,DAY,DOWN,0,A2062,,09:18:00,인천공항2터미널,서울역
25558,공항철도,,공덕,DAY,DOWN,0,A2062,,09:21:00,인천공항2터미널,서울역
25559,공항철도,,인천공항2터미널,SAT,DOWN,0,A2062,,08:37:00,인천공항2터미널,서울역
25560,공항철도,,인천공항2터미널,END,DOWN,0,A2062,,08:37:00,인천공항2터미널,서울역
25561,공항철도,,인천공항1터미널,SAT,DOWN,0,A2062,,08:43:00,인천공항2터미널,서울역
25562,공항철도,,인천공항1터미널,END,DOWN,0,A2062,,08:43:00,인천공항2터미널,서울역
25563,공항철도,,공항화물청사,SAT,DOWN,0,A2062,,08:47:00,인천공항2터미널,서울역
25564,공항철도,,공항화물청사,END,DOWN,0,A2062,,08:47:00,인천공항2터미널,서울역
25565,공항철도,,운서,SAT,DOWN,0,A2062,,08:51:00,인천공항2터미널,서울역
25566,공항철도,,운서,END,DOWN,0,A2062,,08:51:00,인천공항2터미널,서울역
25567,공항철도,,영종,SAT,DOWN,0,A2062,,08:55:00,인천공항2터미널,서울역
25568,공항철도,,영종,END,DOWN,0,A2062,,08:55:00,인천공항2터미널,서울역
25569,공항철도,,청라국제도시,SAT,DOWN,0,A2062,,09:04:00,인천공항2터미널,서울역
25570,공항철도,,청라국제도시,END,DOWN,0,A2062,,09:04:00,인천공항2터미널,서울역
25571,공항철도,,검암,SAT,DOWN,0,A2062,,09:09:00,인천공항2터미널,서울역
25572,공항철도,,검암,END,DOWN,0,A2062,,09:09:00,인천공항2터미널,서울역
25573,공항철도,,계양,SAT,DOWN,0,A2062,,09:15:00,인천공항2터미널,서울역
25574,공항철도,,계양,END,DOWN,0,A2062,,09:15:00,인천공항2터미널,서울역
25575,공항철도,,김포공항,SAT,DOWN,0,A2062,,09:21:00,인천공항2터미널,서울역
25576,공항철도,,김포공항,END,DOWN,0,A2062,,09:21:00,인천공항2터미널,서울역
25577,공항철도,,마곡나루,SAT,DOWN,0,A2062,,09:24:00,인천공항2터미널,서울역
25578,공항철도,,마곡나루,END,DOWN,0,A2062,,09:24:00,인천공항2터미널,서울역
25579,공항철도,,디지털미디어시티,SAT,DOWN,0,A2062,,09:32:00,인천공항2터미널,서울역
25580,공항철도,,디지털미디어시티,END,DOWN,0,A2062,,09:32:00,인천공항2터미널,서울역
25581,공항철도,,홍대입구,SAT,DOWN,0,A2062,,09:36:00,인천공항2터미널,서울역
25582,공항철도,,홍대입구,END,DOWN,0,A2062,,09:36:00,인천공항2터미널,서울역
25583,공항철도,,공덕,SAT,DOWN,0,A2062,,09:39:00,인천공항2터미널,서울역
25584,공항철도,,공덕,END,DOWN,0,A2062,,09:39:00,인천공항2터미널,서울역
25585,공항철도,,서울역,DAY,DOWN,0,A2063,,09:58:00,서울역,인천공항2터미널
25586,공항철도,,공덕,DAY,DOWN,0,A2063,,10:03:00,서울역,인천공항2터미널
25587,공항철도,,홍대입구,DAY,DOWN,0,A2063,,10:06:00,서울역,인천공항2터미널
25588,공항철도,,디지털미디어시티,DAY,DOWN,0,A2063,,10:10:00,서울역,인천공항2터미널
25589,공항철도,,마곡나루,DAY,DOWN,0,A2063,,10:18:00,서울역,인천공항2터미널
25590,공항철도,,김포공항,DAY,DOWN,0,A2063,,10:21:00,서울역,인천공항2터미널
25591,공항철도,,계양,DAY,DOWN,0,A2063,,10:27:00,서울역,인천공항2터미널
25592,공항철도,,검암,DAY,DOWN,0,A2063,,10:33:00,서울역,인천공항2터미널
25593,공항철도,,청라국제도시,DAY,DOWN,0,A2063,,10:38:00,서울역,인천공항2터미널
25594,공항철도,,영종,DAY,DOWN,0,A2063,,10:47:00,서울역,인천공항2터미널
25595,공항철도,,운서,DAY,DOWN,0,A2063,,10:51:00,서울역,인천공항2터미널
25596,공항철도,,공항화물청사,DAY,DOWN,0,A2063,,10:55:00,서울역,인천공항2터미널
25597,공항철도,,인천공항1터미널,DAY,DOWN,0,A2063,,10:59:00,서울역,인천공항2터미널
25598,공항철도,,서울역,SAT,DOWN,0,A2063,,09:34:00,서울역,인천공항2터미널
25599,공항철도,,서울역,END,DOWN,0,A2063,,09:34:00,서울역,인천공항2터미널
25600,공항철도,,공덕,SAT,DOWN,0,A2063,,09:39:00,서울역,인천공항2터미널
25601,공항철도,,공덕,END,DOWN,0,A2063,,09:39:00,서울역,인천공항2터미널
25602,공항철도,,홍대입구,SAT,DOWN,0,A2063,,09:42:00,서울역,인천공항2터미널
25603,공항철도,,홍대입구,END,DOWN,0,A2063,,09:42:00,서울역,인천공항2터미널
25604,공항철도,,디지털미디어시티,SAT,DOWN,0,A2063,,09:46:00,서울역,인천공항2터미널
25605,공항철도,,디지털미디어시티,END,DOWN,0,A2063,,09:46:00,서울역,인천공항2터미널
25606,공항철도,,마곡나루,SAT,DOWN,0,A2063,,09:54:00,서울역,인천공항2터미널
25607,공항철도,,마곡나루,END,DOWN,0,A2063,,09:54:00,서울역,인천공항2터미널
25608,공항철도,,김포공항,SAT,DOWN,0,A2063,,09:57:00,서울역,인천공항2터미널
25609,공항철도,,김포공항,END,DOWN,0,A2063,,09:57:00,서울역,인천공항2터미널
25610,공항철도,,계양,SAT,DOWN,0,A2063,,10:03:00,서울역,인천공항2터미널
25611,공항철도,,계양,END,DOWN,0,A2063,,10:03:00,서울역,인천공항2터미널
25612,공항철도,,검암,SAT,DOWN,0,A2063,,10:11:00,서울역,인천공항2터미널
25613,공항철도,,검암,END,DOWN,0,A2063,,10:11:00,서울역,인천공항2터미널
25614,공항철도,,청라국제도시,SAT,DOWN,0,A2063,,10:16:00,서울역,인천공항2터미널
25615,공항철도,,청라국제도시,END,DOWN,0,A2063,,10:16:00,서울역,인천공항2터미널
25616,공항철도,,영종,SAT,DOWN,0,A2063,,10:24:00,서울역,인천공항2터미널
25617,공항철도,,영종,END,DOWN,0,A2063,,10:24:00,서울역,인천공항2터미널
25618,공항철도,,운서,SAT,DOWN,0,A2063,,10:28:00,서울역,인천공항2터미널
25619,공항철도,,운서,END,DOWN,0,A2063,,10:28:00,서울역,인천공항2터미널
25620,공항철도,,공항화물청사,SAT,DOWN,0,A2063,,10:33:00,서울역,인천공항2터미널
25621,공항철도,,공항화물청사,END,DOWN,0,A2063,,10:33:00,서울역,인천공항2터미널
25622,공항철도,,인천공항1터미널,SAT,DOWN,0,A2063,,10:37:00,서울역,인천공항2터미널
25623,공항철도,,인천공항1터미널,END,DOWN,0,A2063,,10:37:00,서울역,인천공항2터미널
25624,공항철도,,인천공항2터미널,DAY,DOWN,0,A2064,,08:29:00,인천공항2터미널,서울역
25625,공항철도,,인천공항1터미널,DAY,DOWN,0,A2064,,08:36:00,인천공항2터미널,서울역
25626,공항철도,,공항화물청사,DAY,DOWN,0,A2064,,08:39:00,인천공항2터미널,서울역
25627,공항철도,,운서,DAY,DOWN,0,A2064,,08:44:00,인천공항2터미널,서울역
25628,공항철도,,영종,DAY,DOWN,0,A2064,,08:48:00,인천공항2터미널,서울역
25629,공항철도,,청라국제도시,DAY,DOWN,0,A2064,,08:56:00,인천공항2터미널,서울역
25630,공항철도,,검암,DAY,DOWN,0,A2064,,09:01:00,인천공항2터미널,서울역
25631,공항철도,,계양,DAY,DOWN,0,A2064,,09:07:00,인천공항2터미널,서울역
25632,공항철도,,김포공항,DAY,DOWN,0,A2064,,09:14:00,인천공항2터미널,서울역
25633,공항철도,,마곡나루,DAY,DOWN,0,A2064,,09:17:00,인천공항2터미널,서울역
25634,공항철도,,디지털미디어시티,DAY,DOWN,0,A2064,,09:24:00,인천공항2터미널,서울역
25635,공항철도,,홍대입구,DAY,DOWN,0,A2064,,09:28:00,인천공항2터미널,서울역
25636,공항철도,,공덕,DAY,DOWN,0,A2064,,09:32:00,인천공항2터미널,서울역
25637,공항철도,,인천공항2터미널,SAT,DOWN,0,A2064,,08:45:00,인천공항2터미널,서울역
25638,공항철도,,인천공항2터미널,END,DOWN,0,A2064,,08:45:00,인천공항2터미널,서울역
25639,공항철도,,인천공항1터미널,SAT,DOWN,0,A2064,,08:51:00,인천공항2터미널,서울역
25640,공항철도,,인천공항1터미널,END,DOWN,0,A2064,,08:51:00,인천공항2터미널,서울역
25641,공항철도,,공항화물청사,SAT,DOWN,0,A2064,,08:55:00,인천공항2터미널,서울역
25642,공항철도,,공항화물청사,END,DOWN,0,A2064,,08:55:00,인천공항2터미널,서울역
25643,공항철도,,운서,SAT,DOWN,0,A2064,,08:59:00,인천공항2터미널,서울역
25644,공항철도,,운서,END,DOWN,0,A2064,,08:59:00,인천공항2터미널,서울역
25645,공항철도,,영종,SAT,DOWN,0,A2064,,09:03:00,인천공항2터미널,서울역
25646,공항철도,,영종,END,DOWN,0,A2064,,09:03:00,인천공항2터미널,서울역
25647,공항철도,,청라국제도시,SAT,DOWN,0,A2064,,09:12:00,인천공항2터미널,서울역
25648,공항철도,,청라국제도시,END,DOWN,0,A2064,,09:12:00,인천공항2터미널,서울역
25649,공항철도,,검암,SAT,DOWN,0,A2064,,09:17:00,인천공항2터미널,서울역
25650,공항철도,,검암,END,DOWN,0,A2064,,09:17:00,인천공항2터미널,서울역
25651,공항철도,,계양,SAT,DOWN,0,A2064,,09:23:00,인천공항2터미널,서울역
25652,공항철도,,계양,END,DOWN,0,A2064,,09:23:00,인천공항2터미널,서울역
25653,공항철도,,김포공항,SAT,DOWN,0,A2064,,09:29:00,인천공항2터미널,서울역
25654,공항철도,,김포공항,END,DOWN,0,A2064,,09:29:00,인천공항2터미널,서울역
25655,공항철도,,마곡나루,SAT,DOWN,0,A2064,,09:32:00,인천공항2터미널,서울역
25656,공항철도,,마곡나루,END,DOWN,0,A2064,,09:32:00,인천공항2터미널,서울역
25657,공항철도,,디지털미디어시티,SAT,DOWN,0,A2064,,09:41:00,인천공항2터미널,서울역
25658,공항철도,,디지털미디어시티,END,DOWN,0,A2064,,09:41:00,인천공항2터미널,서울역
25659,공항철도,,홍대입구,SAT,DOWN,0,A2064,,09:45:00,인천공항2터미널,서울역
25660,공항철도,,홍대입구,END,DOWN,0,A2064,,09:45:00,인천공항2터미널,서울역
25661,공항철도,,공덕,SAT,DOWN,0,A2064,,09:49:00,인천공항2터미널,서울역
25662,공항철도,,공덕,END,DOWN,0,A2064,,09:49:00,인천공항2터미널,서울역
25663,공항철도,,서울역,DAY,DOWN,0,A2065,,10:09:00,서울역,인천공항2터미널
25664,공항철도,,공덕,DAY,DOWN,0,A2065,,10:13:00,서울역,인천공항2터미널
25665,공항철도,,홍대입구,DAY,DOWN,0,A2065,,10:17:00,서울역,인천공항2터미널
25666,공항철도,,디지털미디어시티,DAY,DOWN,0,A2065,,10:21:00,서울역,인천공항2터미널
25667,공항철도,,마곡나루,DAY,DOWN,0,A2065,,10:28:00,서울역,인천공항2터미널
25668,공항철도,,김포공항,DAY,DOWN,0,A2065,,10:31:00,서울역,인천공항2터미널
25669,공항철도,,계양,DAY,DOWN,0,A2065,,10:38:00,서울역,인천공항2터미널
25670,공항철도,,검암,DAY,DOWN,0,A2065,,10:45:00,서울역,인천공항2터미널
25671,공항철도,,청라국제도시,DAY,DOWN,0,A2065,,10:50:00,서울역,인천공항2터미널
25672,공항철도,,영종,DAY,DOWN,0,A2065,,10:59:00,서울역,인천공항2터미널
25673,공항철도,,운서,DAY,DOWN,0,A2065,,11:03:00,서울역,인천공항2터미널
25674,공항철도,,공항화물청사,DAY,DOWN,0,A2065,,11:07:00,서울역,인천공항2터미널
25675,공항철도,,인천공항1터미널,DAY,DOWN,0,A2065,,11:11:00,서울역,인천공항2터미널
25676,공항철도,,서울역,SAT,DOWN,0,A2065,,09:41:00,서울역,인천공항2터미널
25677,공항철도,,서울역,END,DOWN,0,A2065,,09:41:00,서울역,인천공항2터미널
25678,공항철도,,공덕,SAT,DOWN,0,A2065,,09:45:00,서울역,인천공항2터미널
25679,공항철도,,공덕,END,DOWN,0,A2065,,09:45:00,서울역,인천공항2터미널
25680,공항철도,,홍대입구,SAT,DOWN,0,A2065,,09:49:00,서울역,인천공항2터미널
25681,공항철도,,홍대입구,END,DOWN,0,A2065,,09:49:00,서울역,인천공항2터미널
25682,공항철도,,디지털미디어시티,SAT,DOWN,0,A2065,,09:54:00,서울역,인천공항2터미널
25683,공항철도,,디지털미디어시티,END,DOWN,0,A2065,,09:54:00,서울역,인천공항2터미널
25684,공항철도,,마곡나루,SAT,DOWN,0,A2065,,10:02:00,서울역,인천공항2터미널
25685,공항철도,,마곡나루,END,DOWN,0,A2065,,10:02:00,서울역,인천공항2터미널
25686,공항철도,,김포공항,SAT,DOWN,0,A2065,,10:05:00,서울역,인천공항2터미널
25687,공항철도,,김포공항,END,DOWN,0,A2065,,10:05:00,서울역,인천공항2터미널
25688,공항철도,,계양,SAT,DOWN,0,A2065,,10:11:00,서울역,인천공항2터미널
25689,공항철도,,계양,END,DOWN,0,A2065,,10:11:00,서울역,인천공항2터미널
25690,공항철도,,검암,SAT,DOWN,0,A2065,,10:17:00,서울역,인천공항2터미널
25691,공항철도,,검암,END,DOWN,0,A2065,,10:17:00,서울역,인천공항2터미널
25692,공항철도,,청라국제도시,SAT,DOWN,0,A2065,,10:22:00,서울역,인천공항2터미널
25693,공항철도,,청라국제도시,END,DOWN,0,A2065,,10:22:00,서울역,인천공항2터미널
25694,공항철도,,영종,SAT,DOWN,0,A2065,,10:31:00,서울역,인천공항2터미널
25695,공항철도,,영종,END,DOWN,0,A2065,,10:31:00,서울역,인천공항2터미널
25696,공항철도,,운서,SAT,DOWN,0,A2065,,10:35:00,서울역,인천공항2터미널
25697,공항철도,,운서,END,DOWN,0,A2065,,10:35:00,서울역,인천공항2터미널
25698,공항철도,,공항화물청사,SAT,DOWN,0,A2065,,10:39:00,서울역,인천공항2터미널
25699,공항철도,,공항화물청사,END,DOWN,0,A2065,,10:39:00,서울역,인천공항2터미널
25700,공항철도,,인천공항1터미널,SAT,DOWN,0,A2065,,10:43:00,서울역,인천공항2터미널
25701,공항철도,,인천공항1터미널,END,DOWN,0,A2065,,10:43:00,서울역,인천공항2터미널
25702,공항철도,,인천공항2터미널,DAY,DOWN,0,A2066,,08:40:00,인천공항2터미널,서울역
25703,공항철도,,인천공항1터미널,DAY,DOWN,0,A2066,,08:47:00,인천공항2터미널,서울역
25704,공항철도,,공항화물청사,DAY,DOWN,0,A2066,,08:50:00,인천공항2터미널,서울역
25705,공항철도,,운서,DAY,DOWN,0,A2066,,08:55:00,인천공항2터미널,서울역
25706,공항철도,,영종,DAY,DOWN,0,A2066,,08:59:00,인천공항2터미널,서울역
25707,공항철도,,청라국제도시,DAY,DOWN,0,A2066,,09:07:00,인천공항2터미널,서울역
25708,공항철도,,검암,DAY,DOWN,0,A2066,,09:12:00,인천공항2터미널,서울역
25709,공항철도,,계양,DAY,DOWN,0,A2066,,09:18:00,인천공항2터미널,서울역
25710,공항철도,,김포공항,DAY,DOWN,0,A2066,,09:25:00,인천공항2터미널,서울역
25711,공항철도,,마곡나루,DAY,DOWN,0,A2066,,09:28:00,인천공항2터미널,서울역
25712,공항철도,,디지털미디어시티,DAY,DOWN,0,A2066,,09:35:00,인천공항2터미널,서울역
25713,공항철도,,홍대입구,DAY,DOWN,0,A2066,,09:39:00,인천공항2터미널,서울역
25714,공항철도,,공덕,DAY,DOWN,0,A2066,,09:43:00,인천공항2터미널,서울역
25715,공항철도,,인천공항2터미널,SAT,DOWN,0,A2066,,08:51:00,인천공항2터미널,서울역
25716,공항철도,,인천공항2터미널,END,DOWN,0,A2066,,08:51:00,인천공항2터미널,서울역
25717,공항철도,,인천공항1터미널,SAT,DOWN,0,A2066,,08:58:00,인천공항2터미널,서울역
25718,공항철도,,인천공항1터미널,END,DOWN,0,A2066,,08:58:00,인천공항2터미널,서울역
25719,공항철도,,공항화물청사,SAT,DOWN,0,A2066,,09:01:00,인천공항2터미널,서울역
25720,공항철도,,공항화물청사,END,DOWN,0,A2066,,09:01:00,인천공항2터미널,서울역
25721,공항철도,,운서,SAT,DOWN,0,A2066,,09:06:00,인천공항2터미널,서울역
25722,공항철도,,운서,END,DOWN,0,A2066,,09:06:00,인천공항2터미널,서울역
25723,공항철도,,영종,SAT,DOWN,0,A2066,,09:10:00,인천공항2터미널,서울역
25724,공항철도,,영종,END,DOWN,0,A2066,,09:10:00,인천공항2터미널,서울역
25725,공항철도,,청라국제도시,SAT,DOWN,0,A2066,,09:18:00,인천공항2터미널,서울역
25726,공항철도,,청라국제도시,END,DOWN,0,A2066,,09:18:00,인천공항2터미널,서울역
25727,공항철도,,검암,SAT,DOWN,0,A2066,,09:25:00,인천공항2터미널,서울역
25728,공항철도,,검암,END,DOWN,0,A2066,,09:25:00,인천공항2터미널,서울역
25729,공항철도,,계양,SAT,DOWN,0,A2066,,09:31:00,인천공항2터미널,서울역
25730,공항철도,,계양,END,DOWN,0,A2066,,09:31:00,인천공항2터미널,서울역
25731,공항철도,,김포공항,SAT,DOWN,0,A2066,,09:37:00,인천공항2터미널,서울역
25732,공항철도,,김포공항,END,DOWN,0,A2066,,09:37:00,인천공항2터미널,서울역
25733,공항철도,,마곡나루,SAT,DOWN,0,A2066,,09:40:00,인천공항2터미널,서울역
25734,공항철도,,마곡나루,END,DOWN,0,A2066,,09:40:00,인천공항2터미널,서울역
25735,공항철도,,디지털미디어시티,SAT,DOWN,0,A2066,,09:48:00,인천공항2터미널,서울역
25736,공항철도,,디지털미디어시티,END,DOWN,0,A2066,,09:48:00,인천공항2터미널,서울역
25737,공항철도,,홍대입구,SAT,DOWN,0,A2066,,09:52:00,인천공항2터미널,서울역
25738,공항철도,,홍대입구,END,DOWN,0,A2066,,09:52:00,인천공항2터미널,서울역
25739,공항철도,,공덕,SAT,DOWN,0,A2066,,09:55:00,인천공항2터미널,서울역
25740,공항철도,,공덕,END,DOWN,0,A2066,,09:55:00,인천공항2터미널,서울역
25741,공항철도,,서울역,DAY,DOWN,0,A2067,,10:15:00,서울역,인천공항2터미널
25742,공항철도,,공덕,DAY,DOWN,0,A2067,,10:20:00,서울역,인천공항2터미널
25743,공항철도,,홍대입구,DAY,DOWN,0,A2067,,10:23:00,서울역,인천공항2터미널
25744,공항철도,,디지털미디어시티,DAY,DOWN,0,A2067,,10:29:00,서울역,인천공항2터미널
25745,공항철도,,마곡나루,DAY,DOWN,0,A2067,,10:36:00,서울역,인천공항2터미널
25746,공항철도,,김포공항,DAY,DOWN,0,A2067,,10:39:00,서울역,인천공항2터미널
25747,공항철도,,계양,DAY,DOWN,0,A2067,,10:46:00,서울역,인천공항2터미널
25748,공항철도,,검암,DAY,DOWN,0,A2067,,10:52:00,서울역,인천공항2터미널
25749,공항철도,,청라국제도시,DAY,DOWN,0,A2067,,10:57:00,서울역,인천공항2터미널
25750,공항철도,,영종,DAY,DOWN,0,A2067,,11:05:00,서울역,인천공항2터미널
25751,공항철도,,운서,DAY,DOWN,0,A2067,,11:09:00,서울역,인천공항2터미널
25752,공항철도,,공항화물청사,DAY,DOWN,0,A2067,,11:14:00,서울역,인천공항2터미널
25753,공항철도,,인천공항1터미널,DAY,DOWN,0,A2067,,11:18:00,서울역,인천공항2터미널
25754,공항철도,,서울역,SAT,DOWN,0,A2067,,09:52:00,서울역,인천공항2터미널
25755,공항철도,,서울역,END,DOWN,0,A2067,,09:52:00,서울역,인천공항2터미널
25756,공항철도,,공덕,SAT,DOWN,0,A2067,,09:56:00,서울역,인천공항2터미널
25757,공항철도,,공덕,END,DOWN,0,A2067,,09:56:00,서울역,인천공항2터미널
25758,공항철도,,홍대입구,SAT,DOWN,0,A2067,,10:00:00,서울역,인천공항2터미널
25759,공항철도,,홍대입구,END,DOWN,0,A2067,,10:00:00,서울역,인천공항2터미널
25760,공항철도,,디지털미디어시티,SAT,DOWN,0,A2067,,10:04:00,서울역,인천공항2터미널
25761,공항철도,,디지털미디어시티,END,DOWN,0,A2067,,10:04:00,서울역,인천공항2터미널
25762,공항철도,,마곡나루,SAT,DOWN,0,A2067,,10:11:00,서울역,인천공항2터미널
25763,공항철도,,마곡나루,END,DOWN,0,A2067,,10:11:00,서울역,인천공항2터미널
25764,공항철도,,김포공항,SAT,DOWN,0,A2067,,10:14:00,서울역,인천공항2터미널
25765,공항철도,,김포공항,END,DOWN,0,A2067,,10:14:00,서울역,인천공항2터미널
25766,공항철도,,계양,SAT,DOWN,0,A2067,,10:21:00,서울역,인천공항2터미널
25767,공항철도,,계양,END,DOWN,0,A2067,,10:21:00,서울역,인천공항2터미널
25768,공항철도,,검암,SAT,DOWN,0,A2067,,10:27:00,서울역,인천공항2터미널
25769,공항철도,,검암,END,DOWN,0,A2067,,10:27:00,서울역,인천공항2터미널
25770,공항철도,,청라국제도시,SAT,DOWN,0,A2067,,10:32:00,서울역,인천공항2터미널
25771,공항철도,,청라국제도시,END,DOWN,0,A2067,,10:32:00,서울역,인천공항2터미널
25772,공항철도,,영종,SAT,DOWN,0,A2067,,10:40:00,서울역,인천공항2터미널
25773,공항철도,,영종,END,DOWN,0,A2067,,10:40:00,서울역,인천공항2터미널
25774,공항철도,,운서,SAT,DOWN,0,A2067,,10:44:00,서울역,인천공항2터미널
25775,공항철도,,운서,END,DOWN,0,A2067,,10:44:00,서울역,인천공항2터미널
25776,공항철도,,공항화물청사,SAT,DOWN,0,A2067,,10:49:00,서울역,인천공항2터미널
25777,공항철도,,공항화물청사,END,DOWN,0,A2067,,10:49:00,서울역,인천공항2터미널
25778,공항철도,,인천공항1터미널,SAT,DOWN,0,A2067,,10:53:00,서울역,인천공항2터미널
25779,공항철도,,인천공항1터미널,END,DOWN,0,A2067,,10:53:00,서울역,인천공항2터미널
25780,공항철도,,인천공항2터미널,DAY,DOWN,0,A2068,,08:51:00,인천공항2터미널,서울역
25781,공항철도,,인천공항1터미널,DAY,DOWN,0,A2068,,08:58:00,인천공항2터미널,서울역
25782,공항철도,,공항화물청사,DAY,DOWN,0,A2068,,09:01:00,인천공항2터미널,서울역
25783,공항철도,,운서,DAY,DOWN,0,A2068,,09:06:00,인천공항2터미널,서울역
25784,공항철도,,영종,DAY,DOWN,0,A2068,,09:10:00,인천공항2터미널,서울역
25785,공항철도,,청라국제도시,DAY,DOWN,0,A2068,,09:18:00,인천공항2터미널,서울역
25786,공항철도,,검암,DAY,DOWN,0,A2068,,09:25:00,인천공항2터미널,서울역
25787,공항철도,,계양,DAY,DOWN,0,A2068,,09:31:00,인천공항2터미널,서울역
25788,공항철도,,김포공항,DAY,DOWN,0,A2068,,09:37:00,인천공항2터미널,서울역
25789,공항철도,,마곡나루,DAY,DOWN,0,A2068,,09:40:00,인천공항2터미널,서울역
25790,공항철도,,디지털미디어시티,DAY,DOWN,0,A2068,,09:48:00,인천공항2터미널,서울역
25791,공항철도,,홍대입구,DAY,DOWN,0,A2068,,09:52:00,인천공항2터미널,서울역
25792,공항철도,,공덕,DAY,DOWN,0,A2068,,09:55:00,인천공항2터미널,서울역
25793,공항철도,,인천공항2터미널,SAT,DOWN,0,A2068,,08:55:00,인천공항2터미널,서울역
25794,공항철도,,인천공항2터미널,END,DOWN,0,A2068,,08:55:00,인천공항2터미널,서울역
25795,공항철도,,인천공항1터미널,SAT,DOWN,0,A2068,,09:02:00,인천공항2터미널,서울역
25796,공항철도,,인천공항1터미널,END,DOWN,0,A2068,,09:02:00,인천공항2터미널,서울역
25797,공항철도,,공항화물청사,SAT,DOWN,0,A2068,,09:05:00,인천공항2터미널,서울역
25798,공항철도,,공항화물청사,END,DOWN,0,A2068,,09:05:00,인천공항2터미널,서울역
25799,공항철도,,운서,SAT,DOWN,0,A2068,,09:10:00,인천공항2터미널,서울역
25800,공항철도,,운서,END,DOWN,0,A2068,,09:10:00,인천공항2터미널,서울역
25801,공항철도,,영종,SAT,DOWN,0,A2068,,09:15:00,인천공항2터미널,서울역
25802,공항철도,,영종,END,DOWN,0,A2068,,09:15:00,인천공항2터미널,서울역
25803,공항철도,,청라국제도시,SAT,DOWN,0,A2068,,09:24:00,인천공항2터미널,서울역
25804,공항철도,,청라국제도시,END,DOWN,0,A2068,,09:24:00,인천공항2터미널,서울역
25805,공항철도,,검암,SAT,DOWN,0,A2068,,09:29:00,인천공항2터미널,서울역
25806,공항철도,,검암,END,DOWN,0,A2068,,09:29:00,인천공항2터미널,서울역
25807,공항철도,,계양,SAT,DOWN,0,A2068,,09:35:00,인천공항2터미널,서울역
25808,공항철도,,계양,END,DOWN,0,A2068,,09:35:00,인천공항2터미널,서울역
25809,공항철도,,김포공항,SAT,DOWN,0,A2068,,09:41:00,인천공항2터미널,서울역
25810,공항철도,,김포공항,END,DOWN,0,A2068,,09:41:00,인천공항2터미널,서울역
25811,공항철도,,마곡나루,SAT,DOWN,0,A2068,,09:44:00,인천공항2터미널,서울역
25812,공항철도,,마곡나루,END,DOWN,0,A2068,,09:44:00,인천공항2터미널,서울역
25813,공항철도,,디지털미디어시티,SAT,DOWN,0,A2068,,09:52:00,인천공항2터미널,서울역
25814,공항철도,,디지털미디어시티,END,DOWN,0,A2068,,09:52:00,인천공항2터미널,서울역
25815,공항철도,,홍대입구,SAT,DOWN,0,A2068,,09:56:00,인천공항2터미널,서울역
25816,공항철도,,홍대입구,END,DOWN,0,A2068,,09:56:00,인천공항2터미널,서울역
25817,공항철도,,공덕,SAT,DOWN,0,A2068,,09:59:00,인천공항2터미널,서울역
25818,공항철도,,공덕,END,DOWN,0,A2068,,09:59:00,인천공항2터미널,서울역
25819,공항철도,,서울역,DAY,DOWN,0,A2069,,10:27:00,서울역,인천공항2터미널
25820,공항철도,,공덕,DAY,DOWN,0,A2069,,10:32:00,서울역,인천공항2터미널
25821,공항철도,,홍대입구,DAY,DOWN,0,A2069,,10:35:00,서울역,인천공항2터미널
25822,공항철도,,디지털미디어시티,DAY,DOWN,0,A2069,,10:39:00,서울역,인천공항2터미널
25823,공항철도,,마곡나루,DAY,DOWN,0,A2069,,10:47:00,서울역,인천공항2터미널
25824,공항철도,,김포공항,DAY,DOWN,0,A2069,,10:50:00,서울역,인천공항2터미널
25825,공항철도,,계양,DAY,DOWN,0,A2069,,10:56:00,서울역,인천공항2터미널
25826,공항철도,,검암,DAY,DOWN,0,A2069,,11:02:00,서울역,인천공항2터미널
25827,공항철도,,청라국제도시,DAY,DOWN,0,A2069,,11:07:00,서울역,인천공항2터미널
25828,공항철도,,영종,DAY,DOWN,0,A2069,,11:16:00,서울역,인천공항2터미널
25829,공항철도,,운서,DAY,DOWN,0,A2069,,11:20:00,서울역,인천공항2터미널
25830,공항철도,,공항화물청사,DAY,DOWN,0,A2069,,11:24:00,서울역,인천공항2터미널
25831,공항철도,,인천공항1터미널,DAY,DOWN,0,A2069,,11:28:00,서울역,인천공항2터미널
25832,공항철도,,서울역,SAT,DOWN,0,A2069,,09:59:00,서울역,인천공항2터미널
25833,공항철도,,서울역,END,DOWN,0,A2069,,09:59:00,서울역,인천공항2터미널
25834,공항철도,,공덕,SAT,DOWN,0,A2069,,10:03:00,서울역,인천공항2터미널
25835,공항철도,,공덕,END,DOWN,0,A2069,,10:03:00,서울역,인천공항2터미널
25836,공항철도,,홍대입구,SAT,DOWN,0,A2069,,10:07:00,서울역,인천공항2터미널
25837,공항철도,,홍대입구,END,DOWN,0,A2069,,10:07:00,서울역,인천공항2터미널
25838,공항철도,,디지털미디어시티,SAT,DOWN,0,A2069,,10:11:00,서울역,인천공항2터미널
25839,공항철도,,디지털미디어시티,END,DOWN,0,A2069,,10:11:00,서울역,인천공항2터미널
25840,공항철도,,마곡나루,SAT,DOWN,0,A2069,,10:18:00,서울역,인천공항2터미널
25841,공항철도,,마곡나루,END,DOWN,0,A2069,,10:18:00,서울역,인천공항2터미널
25842,공항철도,,김포공항,SAT,DOWN,0,A2069,,10:21:00,서울역,인천공항2터미널
25843,공항철도,,김포공항,END,DOWN,0,A2069,,10:21:00,서울역,인천공항2터미널
25844,공항철도,,계양,SAT,DOWN,0,A2069,,10:28:00,서울역,인천공항2터미널
25845,공항철도,,계양,END,DOWN,0,A2069,,10:28:00,서울역,인천공항2터미널
25846,공항철도,,검암,SAT,DOWN,0,A2069,,10:34:00,서울역,인천공항2터미널
25847,공항철도,,검암,END,DOWN,0,A2069,,10:34:00,서울역,인천공항2터미널
25848,공항철도,,청라국제도시,SAT,DOWN,0,A2069,,10:39:00,서울역,인천공항2터미널
25849,공항철도,,청라국제도시,END,DOWN,0,A2069,,10:39:00,서울역,인천공항2터미널
25850,공항철도,,영종,SAT,DOWN,0,A2069,,10:47:00,서울역,인천공항2터미널
25851,공항철도,,영종,END,DOWN,0,A2069,,10:47:00,서울역,인천공항2터미널
25852,공항철도,,운서,SAT,DOWN,0,A2069,,10:51:00,서울역,인천공항2터미널
25853,공항철도,,운서,END,DOWN,0,A2069,,10:51:00,서울역,인천공항2터미널
25854,공항철도,,공항화물청사,SAT,DOWN,0,A2069,,10:56:00,서울역,인천공항2터미널
25855,공항철도,,공항화물청사,END,DOWN,0,A2069,,10:56:00,서울역,인천공항2터미널
25856,공항철도,,인천공항1터미널,SAT,DOWN,0,A2069,,11:00:00,서울역,인천공항2터미널
25857,공항철도,,인천공항1터미널,END,DOWN,0,A2069,,11:00:00,서울역,인천공항2터미널
25858,공항철도,,인천공항2터미널,DAY,DOWN,0,A2070,,09:03:00,인천공항2터미널,서울역
25859,공항철도,,인천공항1터미널,DAY,DOWN,0,A2070,,09:09:00,인천공항2터미널,서울역
25860,공항철도,,공항화물청사,DAY,DOWN,0,A2070,,09:13:00,인천공항2터미널,서울역
25861,공항철도,,운서,DAY,DOWN,0,A2070,,09:17:00,인천공항2터미널,서울역
25862,공항철도,,영종,DAY,DOWN,0,A2070,,09:21:00,인천공항2터미널,서울역
25863,공항철도,,청라국제도시,DAY,DOWN,0,A2070,,09:30:00,인천공항2터미널,서울역
25864,공항철도,,검암,DAY,DOWN,0,A2070,,09:35:00,인천공항2터미널,서울역
25865,공항철도,,계양,DAY,DOWN,0,A2070,,09:41:00,인천공항2터미널,서울역
25866,공항철도,,김포공항,DAY,DOWN,0,A2070,,09:47:00,인천공항2터미널,서울역
25867,공항철도,,마곡나루,DAY,DOWN,0,A2070,,09:50:00,인천공항2터미널,서울역
25868,공항철도,,디지털미디어시티,DAY,DOWN,0,A2070,,09:58:00,인천공항2터미널,서울역
25869,공항철도,,홍대입구,DAY,DOWN,0,A2070,,10:02:00,인천공항2터미널,서울역
25870,공항철도,,공덕,DAY,DOWN,0,A2070,,10:05:00,인천공항2터미널,서울역
25871,공항철도,,인천공항2터미널,SAT,DOWN,0,A2070,,09:03:00,인천공항2터미널,서울역
25872,공항철도,,인천공항2터미널,END,DOWN,0,A2070,,09:03:00,인천공항2터미널,서울역
25873,공항철도,,인천공항1터미널,SAT,DOWN,0,A2070,,09:10:00,인천공항2터미널,서울역
25874,공항철도,,인천공항1터미널,END,DOWN,0,A2070,,09:10:00,인천공항2터미널,서울역
25875,공항철도,,공항화물청사,SAT,DOWN,0,A2070,,09:13:00,인천공항2터미널,서울역
25876,공항철도,,공항화물청사,END,DOWN,0,A2070,,09:13:00,인천공항2터미널,서울역
25877,공항철도,,운서,SAT,DOWN,0,A2070,,09:18:00,인천공항2터미널,서울역
25878,공항철도,,운서,END,DOWN,0,A2070,,09:18:00,인천공항2터미널,서울역
25879,공항철도,,영종,SAT,DOWN,0,A2070,,09:22:00,인천공항2터미널,서울역
25880,공항철도,,영종,END,DOWN,0,A2070,,09:22:00,인천공항2터미널,서울역
25881,공항철도,,청라국제도시,SAT,DOWN,0,A2070,,09:30:00,인천공항2터미널,서울역
25882,공항철도,,청라국제도시,END,DOWN,0,A2070,,09:30:00,인천공항2터미널,서울역
25883,공항철도,,검암,SAT,DOWN,0,A2070,,09:35:00,인천공항2터미널,서울역
25884,공항철도,,검암,END,DOWN,0,A2070,,09:35:00,인천공항2터미널,서울역
25885,공항철도,,계양,SAT,DOWN,0,A2070,,09:41:00,인천공항2터미널,서울역
25886,공항철도,,계양,END,DOWN,0,A2070,,09:41:00,인천공항2터미널,서울역
25887,공항철도,,김포공항,SAT,DOWN,0,A2070,,09:48:00,인천공항2터미널,서울역
25888,공항철도,,김포공항,END,DOWN,0,A2070,,09:48:00,인천공항2터미널,서울역
25889,공항철도,,마곡나루,SAT,DOWN,0,A2070,,09:51:00,인천공항2터미널,서울역
25890,공항철도,,마곡나루,END,DOWN,0,A2070,,09:51:00,인천공항2터미널,서울역
25891,공항철도,,디지털미디어시티,SAT,DOWN,0,A2070,,09:58:00,인천공항2터미널,서울역
25892,공항철도,,디지털미디어시티,END,DOWN,0,A2070,,09:58:00,인천공항2터미널,서울역
25893,공항철도,,홍대입구,SAT,DOWN,0,A2070,,10:02:00,인천공항2터미널,서울역
25894,공항철도,,홍대입구,END,DOWN,0,A2070,,10:02:00,인천공항2터미널,서울역
25895,공항철도,,공덕,SAT,DOWN,0,A2070,,10:06:00,인천공항2터미널,서울역
25896,공항철도,,공덕,END,DOWN,0,A2070,,10:06:00,인천공항2터미널,서울역
25897,공항철도,,서울역,DAY,DOWN,0,A2071,,10:37:00,서울역,인천공항2터미널
25898,공항철도,,공덕,DAY,DOWN,0,A2071,,10:42:00,서울역,인천공항2터미널
25899,공항철도,,홍대입구,DAY,DOWN,0,A2071,,10:45:00,서울역,인천공항2터미널
25900,공항철도,,디지털미디어시티,DAY,DOWN,0,A2071,,10:49:00,서울역,인천공항2터미널
25901,공항철도,,마곡나루,DAY,DOWN,0,A2071,,10:57:00,서울역,인천공항2터미널
25902,공항철도,,김포공항,DAY,DOWN,0,A2071,,11:00:00,서울역,인천공항2터미널
25903,공항철도,,계양,DAY,DOWN,0,A2071,,11:06:00,서울역,인천공항2터미널
25904,공항철도,,검암,DAY,DOWN,0,A2071,,11:12:00,서울역,인천공항2터미널
25905,공항철도,,청라국제도시,DAY,DOWN,0,A2071,,11:17:00,서울역,인천공항2터미널
25906,공항철도,,영종,DAY,DOWN,0,A2071,,11:26:00,서울역,인천공항2터미널
25907,공항철도,,운서,DAY,DOWN,0,A2071,,11:30:00,서울역,인천공항2터미널
25908,공항철도,,공항화물청사,DAY,DOWN,0,A2071,,11:34:00,서울역,인천공항2터미널
25909,공항철도,,인천공항1터미널,DAY,DOWN,0,A2071,,11:38:00,서울역,인천공항2터미널
25910,공항철도,,서울역,SAT,DOWN,0,A2071,,10:06:00,서울역,인천공항2터미널
25911,공항철도,,서울역,END,DOWN,0,A2071,,10:06:00,서울역,인천공항2터미널
25912,공항철도,,공덕,SAT,DOWN,0,A2071,,10:10:00,서울역,인천공항2터미널
25913,공항철도,,공덕,END,DOWN,0,A2071,,10:10:00,서울역,인천공항2터미널
25914,공항철도,,홍대입구,SAT,DOWN,0,A2071,,10:14:00,서울역,인천공항2터미널
25915,공항철도,,홍대입구,END,DOWN,0,A2071,,10:14:00,서울역,인천공항2터미널
25916,공항철도,,디지털미디어시티,SAT,DOWN,0,A2071,,10:18:00,서울역,인천공항2터미널
25917,공항철도,,디지털미디어시티,END,DOWN,0,A2071,,10:18:00,서울역,인천공항2터미널
25918,공항철도,,마곡나루,SAT,DOWN,0,A2071,,10:25:00,서울역,인천공항2터미널
25919,공항철도,,마곡나루,END,DOWN,0,A2071,,10:25:00,서울역,인천공항2터미널
25920,공항철도,,김포공항,SAT,DOWN,0,A2071,,10:28:00,서울역,인천공항2터미널
25921,공항철도,,김포공항,END,DOWN,0,A2071,,10:28:00,서울역,인천공항2터미널
25922,공항철도,,계양,SAT,DOWN,0,A2071,,10:35:00,서울역,인천공항2터미널
25923,공항철도,,계양,END,DOWN,0,A2071,,10:35:00,서울역,인천공항2터미널
25924,공항철도,,검암,SAT,DOWN,0,A2071,,10:41:00,서울역,인천공항2터미널
25925,공항철도,,검암,END,DOWN,0,A2071,,10:41:00,서울역,인천공항2터미널
25926,공항철도,,청라국제도시,SAT,DOWN,0,A2071,,10:46:00,서울역,인천공항2터미널
25927,공항철도,,청라국제도시,END,DOWN,0,A2071,,10:46:00,서울역,인천공항2터미널
25928,공항철도,,영종,SAT,DOWN,0,A2071,,10:56:00,서울역,인천공항2터미널
25929,공항철도,,영종,END,DOWN,0,A2071,,10:56:00,서울역,인천공항2터미널
25930,공항철도,,운서,SAT,DOWN,0,A2071,,11:00:00,서울역,인천공항2터미널
25931,공항철도,,운서,END,DOWN,0,A2071,,11:00:00,서울역,인천공항2터미널
25932,공항철도,,공항화물청사,SAT,DOWN,0,A2071,,11:04:00,서울역,인천공항2터미널
25933,공항철도,,공항화물청사,END,DOWN,0,A2071,,11:04:00,서울역,인천공항2터미널
25934,공항철도,,인천공항1터미널,SAT,DOWN,0,A2071,,11:08:00,서울역,인천공항2터미널
25935,공항철도,,인천공항1터미널,END,DOWN,0,A2071,,11:08:00,서울역,인천공항2터미널
25936,공항철도,,인천공항2터미널,DAY,DOWN,0,A2072,,09:11:00,인천공항2터미널,서울역
25937,공항철도,,인천공항1터미널,DAY,DOWN,0,A2072,,09:17:00,인천공항2터미널,서울역
25938,공항철도,,공항화물청사,DAY,DOWN,0,A2072,,09:21:00,인천공항2터미널,서울역
25939,공항철도,,운서,DAY,DOWN,0,A2072,,09:25:00,인천공항2터미널,서울역
25940,공항철도,,영종,DAY,DOWN,0,A2072,,09:29:00,인천공항2터미널,서울역
25941,공항철도,,청라국제도시,DAY,DOWN,0,A2072,,09:38:00,인천공항2터미널,서울역
25942,공항철도,,검암,DAY,DOWN,0,A2072,,09:43:00,인천공항2터미널,서울역
25943,공항철도,,계양,DAY,DOWN,0,A2072,,09:49:00,인천공항2터미널,서울역
25944,공항철도,,김포공항,DAY,DOWN,0,A2072,,09:55:00,인천공항2터미널,서울역
25945,공항철도,,마곡나루,DAY,DOWN,0,A2072,,09:58:00,인천공항2터미널,서울역
25946,공항철도,,디지털미디어시티,DAY,DOWN,0,A2072,,10:06:00,인천공항2터미널,서울역
25947,공항철도,,홍대입구,DAY,DOWN,0,A2072,,10:10:00,인천공항2터미널,서울역
25948,공항철도,,공덕,DAY,DOWN,0,A2072,,10:13:00,인천공항2터미널,서울역
25949,공항철도,,인천공항2터미널,SAT,DOWN,0,A2072,,09:10:00,인천공항2터미널,서울역
25950,공항철도,,인천공항2터미널,END,DOWN,0,A2072,,09:10:00,인천공항2터미널,서울역
25951,공항철도,,인천공항1터미널,SAT,DOWN,0,A2072,,09:17:00,인천공항2터미널,서울역
25952,공항철도,,인천공항1터미널,END,DOWN,0,A2072,,09:17:00,인천공항2터미널,서울역
25953,공항철도,,공항화물청사,SAT,DOWN,0,A2072,,09:20:00,인천공항2터미널,서울역
25954,공항철도,,공항화물청사,END,DOWN,0,A2072,,09:20:00,인천공항2터미널,서울역
25955,공항철도,,운서,SAT,DOWN,0,A2072,,09:25:00,인천공항2터미널,서울역
25956,공항철도,,운서,END,DOWN,0,A2072,,09:25:00,인천공항2터미널,서울역
25957,공항철도,,영종,SAT,DOWN,0,A2072,,09:29:00,인천공항2터미널,서울역
25958,공항철도,,영종,END,DOWN,0,A2072,,09:29:00,인천공항2터미널,서울역
25959,공항철도,,청라국제도시,SAT,DOWN,0,A2072,,09:37:00,인천공항2터미널,서울역
25960,공항철도,,청라국제도시,END,DOWN,0,A2072,,09:37:00,인천공항2터미널,서울역
25961,공항철도,,검암,SAT,DOWN,0,A2072,,09:42:00,인천공항2터미널,서울역
25962,공항철도,,검암,END,DOWN,0,A2072,,09:42:00,인천공항2터미널,서울역
25963,공항철도,,계양,SAT,DOWN,0,A2072,,09:48:00,인천공항2터미널,서울역
25964,공항철도,,계양,END,DOWN,0,A2072,,09:48:00,인천공항2터미널,서울역
25965,공항철도,,김포공항,SAT,DOWN,0,A2072,,09:55:00,인천공항2터미널,서울역
25966,공항철도,,김포공항,END,DOWN,0,A2072,,09:55:00,인천공항2터미널,서울역
25967,공항철도,,마곡나루,SAT,DOWN,0,A2072,,09:58:00,인천공항2터미널,서울역
25968,공항철도,,마곡나루,END,DOWN,0,A2072,,09:58:00,인천공항2터미널,서울역
25969,공항철도,,디지털미디어시티,SAT,DOWN,0,A2072,,10:05:00,인천공항2터미널,서울역
25970,공항철도,,디지털미디어시티,END,DOWN,0,A2072,,10:05:00,인천공항2터미널,서울역
25971,공항철도,,홍대입구,SAT,DOWN,0,A2072,,10:09:00,인천공항2터미널,서울역
25972,공항철도,,홍대입구,END,DOWN,0,A2072,,10:09:00,인천공항2터미널,서울역
25973,공항철도,,공덕,SAT,DOWN,0,A2072,,10:13:00,인천공항2터미널,서울역
25974,공항철도,,공덕,END,DOWN,0,A2072,,10:13:00,인천공항2터미널,서울역
25975,공항철도,,서울역,DAY,DOWN,0,A2073,,10:45:00,서울역,인천공항2터미널
25976,공항철도,,공덕,DAY,DOWN,0,A2073,,10:49:00,서울역,인천공항2터미널
25977,공항철도,,홍대입구,DAY,DOWN,0,A2073,,10:53:00,서울역,인천공항2터미널
25978,공항철도,,디지털미디어시티,DAY,DOWN,0,A2073,,10:57:00,서울역,인천공항2터미널
25979,공항철도,,마곡나루,DAY,DOWN,0,A2073,,11:04:00,서울역,인천공항2터미널
25980,공항철도,,김포공항,DAY,DOWN,0,A2073,,11:07:00,서울역,인천공항2터미널
25981,공항철도,,계양,DAY,DOWN,0,A2073,,11:14:00,서울역,인천공항2터미널
25982,공항철도,,검암,DAY,DOWN,0,A2073,,11:21:00,서울역,인천공항2터미널
25983,공항철도,,청라국제도시,DAY,DOWN,0,A2073,,11:26:00,서울역,인천공항2터미널
25984,공항철도,,영종,DAY,DOWN,0,A2073,,11:35:00,서울역,인천공항2터미널
25985,공항철도,,운서,DAY,DOWN,0,A2073,,11:39:00,서울역,인천공항2터미널
25986,공항철도,,공항화물청사,DAY,DOWN,0,A2073,,11:43:00,서울역,인천공항2터미널
25987,공항철도,,인천공항1터미널,DAY,DOWN,0,A2073,,11:47:00,서울역,인천공항2터미널
25988,공항철도,,서울역,SAT,DOWN,0,A2073,,10:16:00,서울역,인천공항2터미널
25989,공항철도,,서울역,END,DOWN,0,A2073,,10:16:00,서울역,인천공항2터미널
25990,공항철도,,공덕,SAT,DOWN,0,A2073,,10:20:00,서울역,인천공항2터미널
25991,공항철도,,공덕,END,DOWN,0,A2073,,10:20:00,서울역,인천공항2터미널
25992,공항철도,,홍대입구,SAT,DOWN,0,A2073,,10:24:00,서울역,인천공항2터미널
25993,공항철도,,홍대입구,END,DOWN,0,A2073,,10:24:00,서울역,인천공항2터미널
25994,공항철도,,디지털미디어시티,SAT,DOWN,0,A2073,,10:29:00,서울역,인천공항2터미널
25995,공항철도,,디지털미디어시티,END,DOWN,0,A2073,,10:29:00,서울역,인천공항2터미널
25996,공항철도,,마곡나루,SAT,DOWN,0,A2073,,10:37:00,서울역,인천공항2터미널
25997,공항철도,,마곡나루,END,DOWN,0,A2073,,10:37:00,서울역,인천공항2터미널
25998,공항철도,,김포공항,SAT,DOWN,0,A2073,,10:40:00,서울역,인천공항2터미널
25999,공항철도,,김포공항,END,DOWN,0,A2073,,10:40:00,서울역,인천공항2터미널
26000,공항철도,,계양,SAT,DOWN,0,A2073,,10:46:00,서울역,인천공항2터미널
26001,공항철도,,계양,END,DOWN,0,A2073,,10:46:00,서울역,인천공항2터미널
26002,공항철도,,검암,SAT,DOWN,0,A2073,,10:52:00,서울역,인천공항2터미널
26003,공항철도,,검암,END,DOWN,0,A2073,,10:52:00,서울역,인천공항2터미널
26004,공항철도,,청라국제도시,SAT,DOWN,0,A2073,,10:57:00,서울역,인천공항2터미널
26005,공항철도,,청라국제도시,END,DOWN,0,A2073,,10:57:00,서울역,인천공항2터미널
26006,공항철도,,영종,SAT,DOWN,0,A2073,,11:06:00,서울역,인천공항2터미널
26007,공항철도,,영종,END,DOWN,0,A2073,,11:06:00,서울역,인천공항2터미널
26008,공항철도,,운서,SAT,DOWN,0,A2073,,11:10:00,서울역,인천공항2터미널
26009,공항철도,,운서,END,DOWN,0,A2073,,11:10:00,서울역,인천공항2터미널
26010,공항철도,,공항화물청사,SAT,DOWN,0,A2073,,11:14:00,서울역,인천공항2터미널
26011,공항철도,,공항화물청사,END,DOWN,0,A2073,,11:14:00,서울역,인천공항2터미널
26012,공항철도,,인천공항1터미널,SAT,DOWN,0,A2073,,11:18:00,서울역,인천공항2터미널
26013,공항철도,,인천공항1터미널,END,DOWN,0,A2073,,11:18:00,서울역,인천공항2터미널
26014,공항철도,,인천공항2터미널,DAY,DOWN,0,A2074,,09:23:00,인천공항2터미널,서울역
26015,공항철도,,인천공항1터미널,DAY,DOWN,0,A2074,,09:29:00,인천공항2터미널,서울역
26016,공항철도,,공항화물청사,DAY,DOWN,0,A2074,,09:33:00,인천공항2터미널,서울역
26017,공항철도,,운서,DAY,DOWN,0,A2074,,09:37:00,인천공항2터미널,서울역
26018,공항철도,,영종,DAY,DOWN,0,A2074,,09:41:00,인천공항2터미널,서울역
26019,공항철도,,청라국제도시,DAY,DOWN,0,A2074,,09:50:00,인천공항2터미널,서울역
26020,공항철도,,검암,DAY,DOWN,0,A2074,,09:56:00,인천공항2터미널,서울역
26021,공항철도,,계양,DAY,DOWN,0,A2074,,10:02:00,인천공항2터미널,서울역
26022,공항철도,,김포공항,DAY,DOWN,0,A2074,,10:09:00,인천공항2터미널,서울역
26023,공항철도,,마곡나루,DAY,DOWN,0,A2074,,10:12:00,인천공항2터미널,서울역
26024,공항철도,,디지털미디어시티,DAY,DOWN,0,A2074,,10:19:00,인천공항2터미널,서울역
26025,공항철도,,홍대입구,DAY,DOWN,0,A2074,,10:23:00,인천공항2터미널,서울역
26026,공항철도,,공덕,DAY,DOWN,0,A2074,,10:27:00,인천공항2터미널,서울역
26027,공항철도,,인천공항2터미널,SAT,DOWN,0,A2074,,09:17:00,인천공항2터미널,서울역
26028,공항철도,,인천공항2터미널,END,DOWN,0,A2074,,09:17:00,인천공항2터미널,서울역
26029,공항철도,,인천공항1터미널,SAT,DOWN,0,A2074,,09:23:00,인천공항2터미널,서울역
26030,공항철도,,인천공항1터미널,END,DOWN,0,A2074,,09:23:00,인천공항2터미널,서울역
26031,공항철도,,공항화물청사,SAT,DOWN,0,A2074,,09:27:00,인천공항2터미널,서울역
26032,공항철도,,공항화물청사,END,DOWN,0,A2074,,09:27:00,인천공항2터미널,서울역
26033,공항철도,,운서,SAT,DOWN,0,A2074,,09:31:00,인천공항2터미널,서울역
26034,공항철도,,운서,END,DOWN,0,A2074,,09:31:00,인천공항2터미널,서울역
26035,공항철도,,영종,SAT,DOWN,0,A2074,,09:35:00,인천공항2터미널,서울역
26036,공항철도,,영종,END,DOWN,0,A2074,,09:35:00,인천공항2터미널,서울역
26037,공항철도,,청라국제도시,SAT,DOWN,0,A2074,,09:44:00,인천공항2터미널,서울역
26038,공항철도,,청라국제도시,END,DOWN,0,A2074,,09:44:00,인천공항2터미널,서울역
26039,공항철도,,검암,SAT,DOWN,0,A2074,,09:49:00,인천공항2터미널,서울역
26040,공항철도,,검암,END,DOWN,0,A2074,,09:49:00,인천공항2터미널,서울역
26041,공항철도,,계양,SAT,DOWN,0,A2074,,09:55:00,인천공항2터미널,서울역
26042,공항철도,,계양,END,DOWN,0,A2074,,09:55:00,인천공항2터미널,서울역
26043,공항철도,,김포공항,SAT,DOWN,0,A2074,,10:01:00,인천공항2터미널,서울역
26044,공항철도,,김포공항,END,DOWN,0,A2074,,10:01:00,인천공항2터미널,서울역
26045,공항철도,,마곡나루,SAT,DOWN,0,A2074,,10:04:00,인천공항2터미널,서울역
26046,공항철도,,마곡나루,END,DOWN,0,A2074,,10:04:00,인천공항2터미널,서울역
26047,공항철도,,디지털미디어시티,SAT,DOWN,0,A2074,,10:13:00,인천공항2터미널,서울역
26048,공항철도,,디지털미디어시티,END,DOWN,0,A2074,,10:13:00,인천공항2터미널,서울역
26049,공항철도,,홍대입구,SAT,DOWN,0,A2074,,10:17:00,인천공항2터미널,서울역
26050,공항철도,,홍대입구,END,DOWN,0,A2074,,10:17:00,인천공항2터미널,서울역
26051,공항철도,,공덕,SAT,DOWN,0,A2074,,10:21:00,인천공항2터미널,서울역
26052,공항철도,,공덕,END,DOWN,0,A2074,,10:21:00,인천공항2터미널,서울역
26053,공항철도,,서울역,DAY,DOWN,0,A2075,,10:52:00,서울역,인천공항2터미널
26054,공항철도,,공덕,DAY,DOWN,0,A2075,,10:56:00,서울역,인천공항2터미널
26055,공항철도,,홍대입구,DAY,DOWN,0,A2075,,11:00:00,서울역,인천공항2터미널
26056,공항철도,,디지털미디어시티,DAY,DOWN,0,A2075,,11:05:00,서울역,인천공항2터미널
26057,공항철도,,마곡나루,DAY,DOWN,0,A2075,,11:13:00,서울역,인천공항2터미널
26058,공항철도,,김포공항,DAY,DOWN,0,A2075,,11:16:00,서울역,인천공항2터미널
26059,공항철도,,계양,DAY,DOWN,0,A2075,,11:22:00,서울역,인천공항2터미널
26060,공항철도,,검암,DAY,DOWN,0,A2075,,11:28:00,서울역,인천공항2터미널
26061,공항철도,,청라국제도시,DAY,DOWN,0,A2075,,11:33:00,서울역,인천공항2터미널
26062,공항철도,,영종,DAY,DOWN,0,A2075,,11:42:00,서울역,인천공항2터미널
26063,공항철도,,운서,DAY,DOWN,0,A2075,,11:46:00,서울역,인천공항2터미널
26064,공항철도,,공항화물청사,DAY,DOWN,0,A2075,,11:50:00,서울역,인천공항2터미널
26065,공항철도,,인천공항1터미널,DAY,DOWN,0,A2075,,11:54:00,서울역,인천공항2터미널
26066,공항철도,,서울역,SAT,DOWN,0,A2075,,10:24:00,서울역,인천공항2터미널
26067,공항철도,,서울역,END,DOWN,0,A2075,,10:24:00,서울역,인천공항2터미널
26068,공항철도,,공덕,SAT,DOWN,0,A2075,,10:29:00,서울역,인천공항2터미널
26069,공항철도,,공덕,END,DOWN,0,A2075,,10:29:00,서울역,인천공항2터미널
26070,공항철도,,홍대입구,SAT,DOWN,0,A2075,,10:32:00,서울역,인천공항2터미널
26071,공항철도,,홍대입구,END,DOWN,0,A2075,,10:32:00,서울역,인천공항2터미널
26072,공항철도,,디지털미디어시티,SAT,DOWN,0,A2075,,10:36:00,서울역,인천공항2터미널
26073,공항철도,,디지털미디어시티,END,DOWN,0,A2075,,10:36:00,서울역,인천공항2터미널
26074,공항철도,,마곡나루,SAT,DOWN,0,A2075,,10:44:00,서울역,인천공항2터미널
26075,공항철도,,마곡나루,END,DOWN,0,A2075,,10:44:00,서울역,인천공항2터미널
26076,공항철도,,김포공항,SAT,DOWN,0,A2075,,10:47:00,서울역,인천공항2터미널
26077,공항철도,,김포공항,END,DOWN,0,A2075,,10:47:00,서울역,인천공항2터미널
26078,공항철도,,계양,SAT,DOWN,0,A2075,,10:53:00,서울역,인천공항2터미널
26079,공항철도,,계양,END,DOWN,0,A2075,,10:53:00,서울역,인천공항2터미널
26080,공항철도,,검암,SAT,DOWN,0,A2075,,10:59:00,서울역,인천공항2터미널
26081,공항철도,,검암,END,DOWN,0,A2075,,10:59:00,서울역,인천공항2터미널
26082,공항철도,,청라국제도시,SAT,DOWN,0,A2075,,11:04:00,서울역,인천공항2터미널
26083,공항철도,,청라국제도시,END,DOWN,0,A2075,,11:04:00,서울역,인천공항2터미널
26084,공항철도,,영종,SAT,DOWN,0,A2075,,11:13:00,서울역,인천공항2터미널
26085,공항철도,,영종,END,DOWN,0,A2075,,11:13:00,서울역,인천공항2터미널
26086,공항철도,,운서,SAT,DOWN,0,A2075,,11:17:00,서울역,인천공항2터미널
26087,공항철도,,운서,END,DOWN,0,A2075,,11:17:00,서울역,인천공항2터미널
26088,공항철도,,공항화물청사,SAT,DOWN,0,A2075,,11:21:00,서울역,인천공항2터미널
26089,공항철도,,공항화물청사,END,DOWN,0,A2075,,11:21:00,서울역,인천공항2터미널
26090,공항철도,,인천공항1터미널,SAT,DOWN,0,A2075,,11:25:00,서울역,인천공항2터미널
26091,공항철도,,인천공항1터미널,END,DOWN,0,A2075,,11:25:00,서울역,인천공항2터미널
26092,공항철도,,인천공항2터미널,DAY,DOWN,0,A2076,,09:34:00,인천공항2터미널,서울역
26093,공항철도,,인천공항1터미널,DAY,DOWN,0,A2076,,09:40:00,인천공항2터미널,서울역
26094,공항철도,,공항화물청사,DAY,DOWN,0,A2076,,09:44:00,인천공항2터미널,서울역
26095,공항철도,,운서,DAY,DOWN,0,A2076,,09:48:00,인천공항2터미널,서울역
26096,공항철도,,영종,DAY,DOWN,0,A2076,,09:52:00,인천공항2터미널,서울역
26097,공항철도,,청라국제도시,DAY,DOWN,0,A2076,,10:01:00,인천공항2터미널,서울역
26098,공항철도,,검암,DAY,DOWN,0,A2076,,10:06:00,인천공항2터미널,서울역
26099,공항철도,,계양,DAY,DOWN,0,A2076,,10:12:00,인천공항2터미널,서울역
26100,공항철도,,김포공항,DAY,DOWN,0,A2076,,10:18:00,인천공항2터미널,서울역
26101,공항철도,,마곡나루,DAY,DOWN,0,A2076,,10:21:00,인천공항2터미널,서울역
26102,공항철도,,디지털미디어시티,DAY,DOWN,0,A2076,,10:29:00,인천공항2터미널,서울역
26103,공항철도,,홍대입구,DAY,DOWN,0,A2076,,10:33:00,인천공항2터미널,서울역
26104,공항철도,,공덕,DAY,DOWN,0,A2076,,10:36:00,인천공항2터미널,서울역
26105,공항철도,,인천공항2터미널,SAT,DOWN,0,A2076,,09:27:00,인천공항2터미널,서울역
26106,공항철도,,인천공항2터미널,END,DOWN,0,A2076,,09:27:00,인천공항2터미널,서울역
26107,공항철도,,인천공항1터미널,SAT,DOWN,0,A2076,,09:33:00,인천공항2터미널,서울역
26108,공항철도,,인천공항1터미널,END,DOWN,0,A2076,,09:33:00,인천공항2터미널,서울역
26109,공항철도,,공항화물청사,SAT,DOWN,0,A2076,,09:37:00,인천공항2터미널,서울역
26110,공항철도,,공항화물청사,END,DOWN,0,A2076,,09:37:00,인천공항2터미널,서울역
26111,공항철도,,운서,SAT,DOWN,0,A2076,,09:41:00,인천공항2터미널,서울역
26112,공항철도,,운서,END,DOWN,0,A2076,,09:41:00,인천공항2터미널,서울역
26113,공항철도,,영종,SAT,DOWN,0,A2076,,09:47:00,인천공항2터미널,서울역
26114,공항철도,,영종,END,DOWN,0,A2076,,09:47:00,인천공항2터미널,서울역
26115,공항철도,,청라국제도시,SAT,DOWN,0,A2076,,09:55:00,인천공항2터미널,서울역
26116,공항철도,,청라국제도시,END,DOWN,0,A2076,,09:55:00,인천공항2터미널,서울역
26117,공항철도,,검암,SAT,DOWN,0,A2076,,10:00:00,인천공항2터미널,서울역
26118,공항철도,,검암,END,DOWN,0,A2076,,10:00:00,인천공항2터미널,서울역
26119,공항철도,,계양,SAT,DOWN,0,A2076,,10:06:00,인천공항2터미널,서울역
26120,공항철도,,계양,END,DOWN,0,A2076,,10:06:00,인천공항2터미널,서울역
26121,공항철도,,김포공항,SAT,DOWN,0,A2076,,10:13:00,인천공항2터미널,서울역
26122,공항철도,,김포공항,END,DOWN,0,A2076,,10:13:00,인천공항2터미널,서울역
26123,공항철도,,마곡나루,SAT,DOWN,0,A2076,,10:16:00,인천공항2터미널,서울역
26124,공항철도,,마곡나루,END,DOWN,0,A2076,,10:16:00,인천공항2터미널,서울역
26125,공항철도,,디지털미디어시티,SAT,DOWN,0,A2076,,10:23:00,인천공항2터미널,서울역
26126,공항철도,,디지털미디어시티,END,DOWN,0,A2076,,10:23:00,인천공항2터미널,서울역
26127,공항철도,,홍대입구,SAT,DOWN,0,A2076,,10:27:00,인천공항2터미널,서울역
26128,공항철도,,홍대입구,END,DOWN,0,A2076,,10:27:00,인천공항2터미널,서울역
26129,공항철도,,공덕,SAT,DOWN,0,A2076,,10:31:00,인천공항2터미널,서울역
26130,공항철도,,공덕,END,DOWN,0,A2076,,10:31:00,인천공항2터미널,서울역
26131,공항철도,,서울역,DAY,DOWN,0,A2077,,11:03:00,서울역,인천공항2터미널
26132,공항철도,,공덕,DAY,DOWN,0,A2077,,11:07:00,서울역,인천공항2터미널
26133,공항철도,,홍대입구,DAY,DOWN,0,A2077,,11:11:00,서울역,인천공항2터미널
26134,공항철도,,디지털미디어시티,DAY,DOWN,0,A2077,,11:15:00,서울역,인천공항2터미널
26135,공항철도,,마곡나루,DAY,DOWN,0,A2077,,11:22:00,서울역,인천공항2터미널
26136,공항철도,,김포공항,DAY,DOWN,0,A2077,,11:25:00,서울역,인천공항2터미널
26137,공항철도,,계양,DAY,DOWN,0,A2077,,11:32:00,서울역,인천공항2터미널
26138,공항철도,,검암,DAY,DOWN,0,A2077,,11:38:00,서울역,인천공항2터미널
26139,공항철도,,청라국제도시,DAY,DOWN,0,A2077,,11:43:00,서울역,인천공항2터미널
26140,공항철도,,영종,DAY,DOWN,0,A2077,,11:51:00,서울역,인천공항2터미널
26141,공항철도,,운서,DAY,DOWN,0,A2077,,11:55:00,서울역,인천공항2터미널
26142,공항철도,,공항화물청사,DAY,DOWN,0,A2077,,12:00:00,서울역,인천공항2터미널
26143,공항철도,,인천공항1터미널,DAY,DOWN,0,A2077,,12:04:00,서울역,인천공항2터미널
26144,공항철도,,서울역,SAT,DOWN,0,A2077,,10:31:00,서울역,인천공항2터미널
26145,공항철도,,서울역,END,DOWN,0,A2077,,10:31:00,서울역,인천공항2터미널
26146,공항철도,,공덕,SAT,DOWN,0,A2077,,10:35:00,서울역,인천공항2터미널
26147,공항철도,,공덕,END,DOWN,0,A2077,,10:35:00,서울역,인천공항2터미널
26148,공항철도,,홍대입구,SAT,DOWN,0,A2077,,10:39:00,서울역,인천공항2터미널
26149,공항철도,,홍대입구,END,DOWN,0,A2077,,10:39:00,서울역,인천공항2터미널
26150,공항철도,,디지털미디어시티,SAT,DOWN,0,A2077,,10:43:00,서울역,인천공항2터미널
26151,공항철도,,디지털미디어시티,END,DOWN,0,A2077,,10:43:00,서울역,인천공항2터미널
26152,공항철도,,마곡나루,SAT,DOWN,0,A2077,,10:50:00,서울역,인천공항2터미널
26153,공항철도,,마곡나루,END,DOWN,0,A2077,,10:50:00,서울역,인천공항2터미널
26154,공항철도,,김포공항,SAT,DOWN,0,A2077,,10:53:00,서울역,인천공항2터미널
26155,공항철도,,김포공항,END,DOWN,0,A2077,,10:53:00,서울역,인천공항2터미널
26156,공항철도,,계양,SAT,DOWN,0,A2077,,11:00:00,서울역,인천공항2터미널
26157,공항철도,,계양,END,DOWN,0,A2077,,11:00:00,서울역,인천공항2터미널
26158,공항철도,,검암,SAT,DOWN,0,A2077,,11:06:00,서울역,인천공항2터미널
26159,공항철도,,검암,END,DOWN,0,A2077,,11:06:00,서울역,인천공항2터미널
26160,공항철도,,청라국제도시,SAT,DOWN,0,A2077,,11:11:00,서울역,인천공항2터미널
26161,공항철도,,청라국제도시,END,DOWN,0,A2077,,11:11:00,서울역,인천공항2터미널
26162,공항철도,,영종,SAT,DOWN,0,A2077,,11:19:00,서울역,인천공항2터미널
26163,공항철도,,영종,END,DOWN,0,A2077,,11:19:00,서울역,인천공항2터미널
26164,공항철도,,운서,SAT,DOWN,0,A2077,,11:23:00,서울역,인천공항2터미널
26165,공항철도,,운서,END,DOWN,0,A2077,,11:23:00,서울역,인천공항2터미널
26166,공항철도,,공항화물청사,SAT,DOWN,0,A2077,,11:28:00,서울역,인천공항2터미널
26167,공항철도,,공항화물청사,END,DOWN,0,A2077,,11:28:00,서울역,인천공항2터미널
26168,공항철도,,인천공항1터미널,SAT,DOWN,0,A2077,,11:32:00,서울역,인천공항2터미널
26169,공항철도,,인천공항1터미널,END,DOWN,0,A2077,,11:32:00,서울역,인천공항2터미널
26170,공항철도,,인천공항2터미널,DAY,DOWN,0,A2078,,09:41:00,인천공항2터미널,서울역
26171,공항철도,,인천공항1터미널,DAY,DOWN,0,A2078,,09:47:00,인천공항2터미널,서울역
26172,공항철도,,공항화물청사,DAY,DOWN,0,A2078,,09:51:00,인천공항2터미널,서울역
26173,공항철도,,운서,DAY,DOWN,0,A2078,,09:55:00,인천공항2터미널,서울역
26174,공항철도,,영종,DAY,DOWN,0,A2078,,09:59:00,인천공항2터미널,서울역
26175,공항철도,,청라국제도시,DAY,DOWN,0,A2078,,10:08:00,인천공항2터미널,서울역
26176,공항철도,,검암,DAY,DOWN,0,A2078,,10:13:00,인천공항2터미널,서울역
26177,공항철도,,계양,DAY,DOWN,0,A2078,,10:19:00,인천공항2터미널,서울역
26178,공항철도,,김포공항,DAY,DOWN,0,A2078,,10:25:00,인천공항2터미널,서울역
26179,공항철도,,마곡나루,DAY,DOWN,0,A2078,,10:28:00,인천공항2터미널,서울역
26180,공항철도,,디지털미디어시티,DAY,DOWN,0,A2078,,10:36:00,인천공항2터미널,서울역
26181,공항철도,,홍대입구,DAY,DOWN,0,A2078,,10:40:00,인천공항2터미널,서울역
26182,공항철도,,공덕,DAY,DOWN,0,A2078,,10:43:00,인천공항2터미널,서울역
26183,공항철도,,인천공항2터미널,SAT,DOWN,0,A2078,,09:35:00,인천공항2터미널,서울역
26184,공항철도,,인천공항2터미널,END,DOWN,0,A2078,,09:35:00,인천공항2터미널,서울역
26185,공항철도,,인천공항1터미널,SAT,DOWN,0,A2078,,09:41:00,인천공항2터미널,서울역
26186,공항철도,,인천공항1터미널,END,DOWN,0,A2078,,09:41:00,인천공항2터미널,서울역
26187,공항철도,,공항화물청사,SAT,DOWN,0,A2078,,09:45:00,인천공항2터미널,서울역
26188,공항철도,,공항화물청사,END,DOWN,0,A2078,,09:45:00,인천공항2터미널,서울역
26189,공항철도,,운서,SAT,DOWN,0,A2078,,09:49:00,인천공항2터미널,서울역
26190,공항철도,,운서,END,DOWN,0,A2078,,09:49:00,인천공항2터미널,서울역
26191,공항철도,,영종,SAT,DOWN,0,A2078,,09:53:00,인천공항2터미널,서울역
26192,공항철도,,영종,END,DOWN,0,A2078,,09:53:00,인천공항2터미널,서울역
26193,공항철도,,청라국제도시,SAT,DOWN,0,A2078,,10:02:00,인천공항2터미널,서울역
26194,공항철도,,청라국제도시,END,DOWN,0,A2078,,10:02:00,인천공항2터미널,서울역
26195,공항철도,,검암,SAT,DOWN,0,A2078,,10:07:00,인천공항2터미널,서울역
26196,공항철도,,검암,END,DOWN,0,A2078,,10:07:00,인천공항2터미널,서울역
26197,공항철도,,계양,SAT,DOWN,0,A2078,,10:13:00,인천공항2터미널,서울역
26198,공항철도,,계양,END,DOWN,0,A2078,,10:13:00,인천공항2터미널,서울역
26199,공항철도,,김포공항,SAT,DOWN,0,A2078,,10:19:00,인천공항2터미널,서울역
26200,공항철도,,김포공항,END,DOWN,0,A2078,,10:19:00,인천공항2터미널,서울역
26201,공항철도,,마곡나루,SAT,DOWN,0,A2078,,10:22:00,인천공항2터미널,서울역
26202,공항철도,,마곡나루,END,DOWN,0,A2078,,10:22:00,인천공항2터미널,서울역
26203,공항철도,,디지털미디어시티,SAT,DOWN,0,A2078,,10:30:00,인천공항2터미널,서울역
26204,공항철도,,디지털미디어시티,END,DOWN,0,A2078,,10:30:00,인천공항2터미널,서울역
26205,공항철도,,홍대입구,SAT,DOWN,0,A2078,,10:34:00,인천공항2터미널,서울역
26206,공항철도,,홍대입구,END,DOWN,0,A2078,,10:34:00,인천공항2터미널,서울역
26207,공항철도,,공덕,SAT,DOWN,0,A2078,,10:37:00,인천공항2터미널,서울역
26208,공항철도,,공덕,END,DOWN,0,A2078,,10:37:00,인천공항2터미널,서울역
26209,공항철도,,서울역,DAY,DOWN,0,A2079,,11:14:00,서울역,인천공항2터미널
26210,공항철도,,공덕,DAY,DOWN,0,A2079,,11:18:00,서울역,인천공항2터미널
26211,공항철도,,홍대입구,DAY,DOWN,0,A2079,,11:22:00,서울역,인천공항2터미널
26212,공항철도,,디지털미디어시티,DAY,DOWN,0,A2079,,11:26:00,서울역,인천공항2터미널
26213,공항철도,,마곡나루,DAY,DOWN,0,A2079,,11:33:00,서울역,인천공항2터미널
26214,공항철도,,김포공항,DAY,DOWN,0,A2079,,11:36:00,서울역,인천공항2터미널
26215,공항철도,,계양,DAY,DOWN,0,A2079,,11:43:00,서울역,인천공항2터미널
26216,공항철도,,검암,DAY,DOWN,0,A2079,,11:49:00,서울역,인천공항2터미널
26217,공항철도,,청라국제도시,DAY,DOWN,0,A2079,,11:54:00,서울역,인천공항2터미널
26218,공항철도,,영종,DAY,DOWN,0,A2079,,12:02:00,서울역,인천공항2터미널
26219,공항철도,,운서,DAY,DOWN,0,A2079,,12:06:00,서울역,인천공항2터미널
26220,공항철도,,공항화물청사,DAY,DOWN,0,A2079,,12:11:00,서울역,인천공항2터미널
26221,공항철도,,인천공항1터미널,DAY,DOWN,0,A2079,,12:15:00,서울역,인천공항2터미널
26222,공항철도,,서울역,SAT,DOWN,0,A2079,,10:37:00,서울역,인천공항2터미널
26223,공항철도,,서울역,END,DOWN,0,A2079,,10:37:00,서울역,인천공항2터미널
26224,공항철도,,공덕,SAT,DOWN,0,A2079,,10:41:00,서울역,인천공항2터미널
26225,공항철도,,공덕,END,DOWN,0,A2079,,10:41:00,서울역,인천공항2터미널
26226,공항철도,,홍대입구,SAT,DOWN,0,A2079,,10:45:00,서울역,인천공항2터미널
26227,공항철도,,홍대입구,END,DOWN,0,A2079,,10:45:00,서울역,인천공항2터미널
26228,공항철도,,디지털미디어시티,SAT,DOWN,0,A2079,,10:49:00,서울역,인천공항2터미널
26229,공항철도,,디지털미디어시티,END,DOWN,0,A2079,,10:49:00,서울역,인천공항2터미널
26230,공항철도,,마곡나루,SAT,DOWN,0,A2079,,10:56:00,서울역,인천공항2터미널
26231,공항철도,,마곡나루,END,DOWN,0,A2079,,10:56:00,서울역,인천공항2터미널
26232,공항철도,,김포공항,SAT,DOWN,0,A2079,,10:59:00,서울역,인천공항2터미널
26233,공항철도,,김포공항,END,DOWN,0,A2079,,10:59:00,서울역,인천공항2터미널
26234,공항철도,,계양,SAT,DOWN,0,A2079,,11:06:00,서울역,인천공항2터미널
26235,공항철도,,계양,END,DOWN,0,A2079,,11:06:00,서울역,인천공항2터미널
26236,공항철도,,검암,SAT,DOWN,0,A2079,,11:12:00,서울역,인천공항2터미널
26237,공항철도,,검암,END,DOWN,0,A2079,,11:12:00,서울역,인천공항2터미널
26238,공항철도,,청라국제도시,SAT,DOWN,0,A2079,,11:17:00,서울역,인천공항2터미널
26239,공항철도,,청라국제도시,END,DOWN,0,A2079,,11:17:00,서울역,인천공항2터미널
26240,공항철도,,영종,SAT,DOWN,0,A2079,,11:25:00,서울역,인천공항2터미널
26241,공항철도,,영종,END,DOWN,0,A2079,,11:25:00,서울역,인천공항2터미널
26242,공항철도,,운서,SAT,DOWN,0,A2079,,11:29:00,서울역,인천공항2터미널
26243,공항철도,,운서,END,DOWN,0,A2079,,11:29:00,서울역,인천공항2터미널
26244,공항철도,,공항화물청사,SAT,DOWN,0,A2079,,11:34:00,서울역,인천공항2터미널
26245,공항철도,,공항화물청사,END,DOWN,0,A2079,,11:34:00,서울역,인천공항2터미널
26246,공항철도,,인천공항1터미널,SAT,DOWN,0,A2079,,11:38:00,서울역,인천공항2터미널
26247,공항철도,,인천공항1터미널,END,DOWN,0,A2079,,11:38:00,서울역,인천공항2터미널
26248,공항철도,,인천공항2터미널,DAY,DOWN,0,A2080,,09:47:00,인천공항2터미널,서울역
26249,공항철도,,인천공항1터미널,DAY,DOWN,0,A2080,,09:54:00,인천공항2터미널,서울역
26250,공항철도,,공항화물청사,DAY,DOWN,0,A2080,,09:57:00,인천공항2터미널,서울역
26251,공항철도,,운서,DAY,DOWN,0,A2080,,10:02:00,인천공항2터미널,서울역
26252,공항철도,,영종,DAY,DOWN,0,A2080,,10:06:00,인천공항2터미널,서울역
26253,공항철도,,청라국제도시,DAY,DOWN,0,A2080,,10:14:00,인천공항2터미널,서울역
26254,공항철도,,검암,DAY,DOWN,0,A2080,,10:19:00,인천공항2터미널,서울역
26255,공항철도,,계양,DAY,DOWN,0,A2080,,10:25:00,인천공항2터미널,서울역
26256,공항철도,,김포공항,DAY,DOWN,0,A2080,,10:32:00,인천공항2터미널,서울역
26257,공항철도,,마곡나루,DAY,DOWN,0,A2080,,10:35:00,인천공항2터미널,서울역
26258,공항철도,,디지털미디어시티,DAY,DOWN,0,A2080,,10:42:00,인천공항2터미널,서울역
26259,공항철도,,홍대입구,DAY,DOWN,0,A2080,,10:46:00,인천공항2터미널,서울역
26260,공항철도,,공덕,DAY,DOWN,0,A2080,,10:50:00,인천공항2터미널,서울역
26261,공항철도,,인천공항2터미널,SAT,DOWN,0,A2080,,09:41:00,인천공항2터미널,서울역
26262,공항철도,,인천공항2터미널,END,DOWN,0,A2080,,09:41:00,인천공항2터미널,서울역
26263,공항철도,,인천공항1터미널,SAT,DOWN,0,A2080,,09:48:00,인천공항2터미널,서울역
26264,공항철도,,인천공항1터미널,END,DOWN,0,A2080,,09:48:00,인천공항2터미널,서울역
26265,공항철도,,공항화물청사,SAT,DOWN,0,A2080,,09:51:00,인천공항2터미널,서울역
26266,공항철도,,공항화물청사,END,DOWN,0,A2080,,09:51:00,인천공항2터미널,서울역
26267,공항철도,,운서,SAT,DOWN,0,A2080,,09:56:00,인천공항2터미널,서울역
26268,공항철도,,운서,END,DOWN,0,A2080,,09:56:00,인천공항2터미널,서울역
26269,공항철도,,영종,SAT,DOWN,0,A2080,,10:00:00,인천공항2터미널,서울역
26270,공항철도,,영종,END,DOWN,0,A2080,,10:00:00,인천공항2터미널,서울역
26271,공항철도,,청라국제도시,SAT,DOWN,0,A2080,,10:08:00,인천공항2터미널,서울역
26272,공항철도,,청라국제도시,END,DOWN,0,A2080,,10:08:00,인천공항2터미널,서울역
26273,공항철도,,검암,SAT,DOWN,0,A2080,,10:13:00,인천공항2터미널,서울역
26274,공항철도,,검암,END,DOWN,0,A2080,,10:13:00,인천공항2터미널,서울역
26275,공항철도,,계양,SAT,DOWN,0,A2080,,10:19:00,인천공항2터미널,서울역
26276,공항철도,,계양,END,DOWN,0,A2080,,10:19:00,인천공항2터미널,서울역
26277,공항철도,,김포공항,SAT,DOWN,0,A2080,,10:26:00,인천공항2터미널,서울역
26278,공항철도,,김포공항,END,DOWN,0,A2080,,10:26:00,인천공항2터미널,서울역
26279,공항철도,,마곡나루,SAT,DOWN,0,A2080,,10:29:00,인천공항2터미널,서울역
26280,공항철도,,마곡나루,END,DOWN,0,A2080,,10:29:00,인천공항2터미널,서울역
26281,공항철도,,디지털미디어시티,SAT,DOWN,0,A2080,,10:36:00,인천공항2터미널,서울역
26282,공항철도,,디지털미디어시티,END,DOWN,0,A2080,,10:36:00,인천공항2터미널,서울역
26283,공항철도,,홍대입구,SAT,DOWN,0,A2080,,10:40:00,인천공항2터미널,서울역
26284,공항철도,,홍대입구,END,DOWN,0,A2080,,10:40:00,인천공항2터미널,서울역
26285,공항철도,,공덕,SAT,DOWN,0,A2080,,10:44:00,인천공항2터미널,서울역
26286,공항철도,,공덕,END,DOWN,0,A2080,,10:44:00,인천공항2터미널,서울역
26287,공항철도,,서울역,DAY,DOWN,0,A2081,,11:20:00,서울역,인천공항2터미널
26288,공항철도,,공덕,DAY,DOWN,0,A2081,,11:25:00,서울역,인천공항2터미널
26289,공항철도,,홍대입구,DAY,DOWN,0,A2081,,11:28:00,서울역,인천공항2터미널
26290,공항철도,,디지털미디어시티,DAY,DOWN,0,A2081,,11:32:00,서울역,인천공항2터미널
26291,공항철도,,마곡나루,DAY,DOWN,0,A2081,,11:40:00,서울역,인천공항2터미널
26292,공항철도,,김포공항,DAY,DOWN,0,A2081,,11:43:00,서울역,인천공항2터미널
26293,공항철도,,계양,DAY,DOWN,0,A2081,,11:49:00,서울역,인천공항2터미널
26294,공항철도,,검암,DAY,DOWN,0,A2081,,11:55:00,서울역,인천공항2터미널
26295,공항철도,,청라국제도시,DAY,DOWN,0,A2081,,12:00:00,서울역,인천공항2터미널
26296,공항철도,,영종,DAY,DOWN,0,A2081,,12:10:00,서울역,인천공항2터미널
26297,공항철도,,운서,DAY,DOWN,0,A2081,,12:14:00,서울역,인천공항2터미널
26298,공항철도,,공항화물청사,DAY,DOWN,0,A2081,,12:19:00,서울역,인천공항2터미널
26299,공항철도,,인천공항1터미널,DAY,DOWN,0,A2081,,12:23:00,서울역,인천공항2터미널
26300,공항철도,,서울역,SAT,DOWN,0,A2081,,10:45:00,서울역,인천공항2터미널
26301,공항철도,,서울역,END,DOWN,0,A2081,,10:45:00,서울역,인천공항2터미널
26302,공항철도,,공덕,SAT,DOWN,0,A2081,,10:50:00,서울역,인천공항2터미널
26303,공항철도,,공덕,END,DOWN,0,A2081,,10:50:00,서울역,인천공항2터미널
26304,공항철도,,홍대입구,SAT,DOWN,0,A2081,,10:53:00,서울역,인천공항2터미널
26305,공항철도,,홍대입구,END,DOWN,0,A2081,,10:53:00,서울역,인천공항2터미널
26306,공항철도,,디지털미디어시티,SAT,DOWN,0,A2081,,10:57:00,서울역,인천공항2터미널
26307,공항철도,,디지털미디어시티,END,DOWN,0,A2081,,10:57:00,서울역,인천공항2터미널
26308,공항철도,,마곡나루,SAT,DOWN,0,A2081,,11:05:00,서울역,인천공항2터미널
26309,공항철도,,마곡나루,END,DOWN,0,A2081,,11:05:00,서울역,인천공항2터미널
26310,공항철도,,김포공항,SAT,DOWN,0,A2081,,11:08:00,서울역,인천공항2터미널
26311,공항철도,,김포공항,END,DOWN,0,A2081,,11:08:00,서울역,인천공항2터미널
26312,공항철도,,계양,SAT,DOWN,0,A2081,,11:14:00,서울역,인천공항2터미널
26313,공항철도,,계양,END,DOWN,0,A2081,,11:14:00,서울역,인천공항2터미널
26314,공항철도,,검암,SAT,DOWN,0,A2081,,11:22:00,서울역,인천공항2터미널
26315,공항철도,,검암,END,DOWN,0,A2081,,11:22:00,서울역,인천공항2터미널
26316,공항철도,,청라국제도시,SAT,DOWN,0,A2081,,11:27:00,서울역,인천공항2터미널
26317,공항철도,,청라국제도시,END,DOWN,0,A2081,,11:27:00,서울역,인천공항2터미널
26318,공항철도,,영종,SAT,DOWN,0,A2081,,11:35:00,서울역,인천공항2터미널
26319,공항철도,,영종,END,DOWN,0,A2081,,11:35:00,서울역,인천공항2터미널
26320,공항철도,,운서,SAT,DOWN,0,A2081,,11:39:00,서울역,인천공항2터미널
26321,공항철도,,운서,END,DOWN,0,A2081,,11:39:00,서울역,인천공항2터미널
26322,공항철도,,공항화물청사,SAT,DOWN,0,A2081,,11:44:00,서울역,인천공항2터미널
26323,공항철도,,공항화물청사,END,DOWN,0,A2081,,11:44:00,서울역,인천공항2터미널
26324,공항철도,,인천공항1터미널,SAT,DOWN,0,A2081,,11:48:00,서울역,인천공항2터미널
26325,공항철도,,인천공항1터미널,END,DOWN,0,A2081,,11:48:00,서울역,인천공항2터미널
26326,공항철도,,인천공항2터미널,DAY,DOWN,0,A2082,,09:57:00,인천공항2터미널,서울역
26327,공항철도,,인천공항1터미널,DAY,DOWN,0,A2082,,10:04:00,인천공항2터미널,서울역
26328,공항철도,,공항화물청사,DAY,DOWN,0,A2082,,10:07:00,인천공항2터미널,서울역
26329,공항철도,,운서,DAY,DOWN,0,A2082,,10:12:00,인천공항2터미널,서울역
26330,공항철도,,영종,DAY,DOWN,0,A2082,,10:16:00,인천공항2터미널,서울역
26331,공항철도,,청라국제도시,DAY,DOWN,0,A2082,,10:24:00,인천공항2터미널,서울역
26332,공항철도,,검암,DAY,DOWN,0,A2082,,10:29:00,인천공항2터미널,서울역
26333,공항철도,,계양,DAY,DOWN,0,A2082,,10:35:00,인천공항2터미널,서울역
26334,공항철도,,김포공항,DAY,DOWN,0,A2082,,10:42:00,인천공항2터미널,서울역
26335,공항철도,,마곡나루,DAY,DOWN,0,A2082,,10:45:00,인천공항2터미널,서울역
26336,공항철도,,디지털미디어시티,DAY,DOWN,0,A2082,,10:54:00,인천공항2터미널,서울역
26337,공항철도,,홍대입구,DAY,DOWN,0,A2082,,10:58:00,인천공항2터미널,서울역
26338,공항철도,,공덕,DAY,DOWN,0,A2082,,11:01:00,인천공항2터미널,서울역
26339,공항철도,,인천공항2터미널,SAT,DOWN,0,A2082,,09:47:00,인천공항2터미널,서울역
26340,공항철도,,인천공항2터미널,END,DOWN,0,A2082,,09:47:00,인천공항2터미널,서울역
26341,공항철도,,인천공항1터미널,SAT,DOWN,0,A2082,,09:53:00,인천공항2터미널,서울역
26342,공항철도,,인천공항1터미널,END,DOWN,0,A2082,,09:53:00,인천공항2터미널,서울역
26343,공항철도,,공항화물청사,SAT,DOWN,0,A2082,,09:57:00,인천공항2터미널,서울역
26344,공항철도,,공항화물청사,END,DOWN,0,A2082,,09:57:00,인천공항2터미널,서울역
26345,공항철도,,운서,SAT,DOWN,0,A2082,,10:01:00,인천공항2터미널,서울역
26346,공항철도,,운서,END,DOWN,0,A2082,,10:01:00,인천공항2터미널,서울역
26347,공항철도,,영종,SAT,DOWN,0,A2082,,10:05:00,인천공항2터미널,서울역
26348,공항철도,,영종,END,DOWN,0,A2082,,10:05:00,인천공항2터미널,서울역
26349,공항철도,,청라국제도시,SAT,DOWN,0,A2082,,10:14:00,인천공항2터미널,서울역
26350,공항철도,,청라국제도시,END,DOWN,0,A2082,,10:14:00,인천공항2터미널,서울역
26351,공항철도,,검암,SAT,DOWN,0,A2082,,10:19:00,인천공항2터미널,서울역
26352,공항철도,,검암,END,DOWN,0,A2082,,10:19:00,인천공항2터미널,서울역
26353,공항철도,,계양,SAT,DOWN,0,A2082,,10:25:00,인천공항2터미널,서울역
26354,공항철도,,계양,END,DOWN,0,A2082,,10:25:00,인천공항2터미널,서울역
26355,공항철도,,김포공항,SAT,DOWN,0,A2082,,10:31:00,인천공항2터미널,서울역
26356,공항철도,,김포공항,END,DOWN,0,A2082,,10:31:00,인천공항2터미널,서울역
26357,공항철도,,마곡나루,SAT,DOWN,0,A2082,,10:34:00,인천공항2터미널,서울역
26358,공항철도,,마곡나루,END,DOWN,0,A2082,,10:34:00,인천공항2터미널,서울역
26359,공항철도,,디지털미디어시티,SAT,DOWN,0,A2082,,10:42:00,인천공항2터미널,서울역
26360,공항철도,,디지털미디어시티,END,DOWN,0,A2082,,10:42:00,인천공항2터미널,서울역
26361,공항철도,,홍대입구,SAT,DOWN,0,A2082,,10:46:00,인천공항2터미널,서울역
26362,공항철도,,홍대입구,END,DOWN,0,A2082,,10:46:00,인천공항2터미널,서울역
26363,공항철도,,공덕,SAT,DOWN,0,A2082,,10:49:00,인천공항2터미널,서울역
26364,공항철도,,공덕,END,DOWN,0,A2082,,10:49:00,인천공항2터미널,서울역
26365,공항철도,,서울역,DAY,DOWN,0,A2083,,11:31:00,서울역,인천공항2터미널
26366,공항철도,,공덕,DAY,DOWN,0,A2083,,11:35:00,서울역,인천공항2터미널
26367,공항철도,,홍대입구,DAY,DOWN,0,A2083,,11:39:00,서울역,인천공항2터미널
26368,공항철도,,디지털미디어시티,DAY,DOWN,0,A2083,,11:44:00,서울역,인천공항2터미널
26369,공항철도,,마곡나루,DAY,DOWN,0,A2083,,11:52:00,서울역,인천공항2터미널
26370,공항철도,,김포공항,DAY,DOWN,0,A2083,,11:55:00,서울역,인천공항2터미널
26371,공항철도,,계양,DAY,DOWN,0,A2083,,12:01:00,서울역,인천공항2터미널
26372,공항철도,,검암,DAY,DOWN,0,A2083,,12:07:00,서울역,인천공항2터미널
26373,공항철도,,청라국제도시,DAY,DOWN,0,A2083,,12:12:00,서울역,인천공항2터미널
26374,공항철도,,영종,DAY,DOWN,0,A2083,,12:21:00,서울역,인천공항2터미널
26375,공항철도,,운서,DAY,DOWN,0,A2083,,12:25:00,서울역,인천공항2터미널
26376,공항철도,,공항화물청사,DAY,DOWN,0,A2083,,12:29:00,서울역,인천공항2터미널
26377,공항철도,,인천공항1터미널,DAY,DOWN,0,A2083,,12:33:00,서울역,인천공항2터미널
26378,공항철도,,서울역,SAT,DOWN,0,A2083,,10:52:00,서울역,인천공항2터미널
26379,공항철도,,서울역,END,DOWN,0,A2083,,10:52:00,서울역,인천공항2터미널
26380,공항철도,,공덕,SAT,DOWN,0,A2083,,10:56:00,서울역,인천공항2터미널
26381,공항철도,,공덕,END,DOWN,0,A2083,,10:56:00,서울역,인천공항2터미널
26382,공항철도,,홍대입구,SAT,DOWN,0,A2083,,11:00:00,서울역,인천공항2터미널
26383,공항철도,,홍대입구,END,DOWN,0,A2083,,11:00:00,서울역,인천공항2터미널
26384,공항철도,,디지털미디어시티,SAT,DOWN,0,A2083,,11:05:00,서울역,인천공항2터미널
26385,공항철도,,디지털미디어시티,END,DOWN,0,A2083,,11:05:00,서울역,인천공항2터미널
26386,공항철도,,마곡나루,SAT,DOWN,0,A2083,,11:13:00,서울역,인천공항2터미널
26387,공항철도,,마곡나루,END,DOWN,0,A2083,,11:13:00,서울역,인천공항2터미널
26388,공항철도,,김포공항,SAT,DOWN,0,A2083,,11:16:00,서울역,인천공항2터미널
26389,공항철도,,김포공항,END,DOWN,0,A2083,,11:16:00,서울역,인천공항2터미널
26390,공항철도,,계양,SAT,DOWN,0,A2083,,11:22:00,서울역,인천공항2터미널
26391,공항철도,,계양,END,DOWN,0,A2083,,11:22:00,서울역,인천공항2터미널
26392,공항철도,,검암,SAT,DOWN,0,A2083,,11:28:00,서울역,인천공항2터미널
26393,공항철도,,검암,END,DOWN,0,A2083,,11:28:00,서울역,인천공항2터미널
26394,공항철도,,청라국제도시,SAT,DOWN,0,A2083,,11:33:00,서울역,인천공항2터미널
26395,공항철도,,청라국제도시,END,DOWN,0,A2083,,11:33:00,서울역,인천공항2터미널
26396,공항철도,,영종,SAT,DOWN,0,A2083,,11:42:00,서울역,인천공항2터미널
26397,공항철도,,영종,END,DOWN,0,A2083,,11:42:00,서울역,인천공항2터미널
26398,공항철도,,운서,SAT,DOWN,0,A2083,,11:46:00,서울역,인천공항2터미널
26399,공항철도,,운서,END,DOWN,0,A2083,,11:46:00,서울역,인천공항2터미널
26400,공항철도,,공항화물청사,SAT,DOWN,0,A2083,,11:50:00,서울역,인천공항2터미널
26401,공항철도,,공항화물청사,END,DOWN,0,A2083,,11:50:00,서울역,인천공항2터미널
26402,공항철도,,인천공항1터미널,SAT,DOWN,0,A2083,,11:54:00,서울역,인천공항2터미널
26403,공항철도,,인천공항1터미널,END,DOWN,0,A2083,,11:54:00,서울역,인천공항2터미널
26404,공항철도,,인천공항2터미널,DAY,DOWN,0,A2084,,10:07:00,인천공항2터미널,서울역
26405,공항철도,,인천공항1터미널,DAY,DOWN,0,A2084,,10:14:00,인천공항2터미널,서울역
26406,공항철도,,공항화물청사,DAY,DOWN,0,A2084,,10:17:00,인천공항2터미널,서울역
26407,공항철도,,운서,DAY,DOWN,0,A2084,,10:22:00,인천공항2터미널,서울역
26408,공항철도,,영종,DAY,DOWN,0,A2084,,10:27:00,인천공항2터미널,서울역
26409,공항철도,,청라국제도시,DAY,DOWN,0,A2084,,10:36:00,인천공항2터미널,서울역
26410,공항철도,,검암,DAY,DOWN,0,A2084,,10:41:00,인천공항2터미널,서울역
26411,공항철도,,계양,DAY,DOWN,0,A2084,,10:47:00,인천공항2터미널,서울역
26412,공항철도,,김포공항,DAY,DOWN,0,A2084,,10:53:00,인천공항2터미널,서울역
26413,공항철도,,마곡나루,DAY,DOWN,0,A2084,,10:56:00,인천공항2터미널,서울역
26414,공항철도,,디지털미디어시티,DAY,DOWN,0,A2084,,11:04:00,인천공항2터미널,서울역
26415,공항철도,,홍대입구,DAY,DOWN,0,A2084,,11:08:00,인천공항2터미널,서울역
26416,공항철도,,공덕,DAY,DOWN,0,A2084,,11:11:00,인천공항2터미널,서울역
26417,공항철도,,인천공항2터미널,SAT,DOWN,0,A2084,,09:52:00,인천공항2터미널,서울역
26418,공항철도,,인천공항2터미널,END,DOWN,0,A2084,,09:52:00,인천공항2터미널,서울역
26419,공항철도,,인천공항1터미널,SAT,DOWN,0,A2084,,09:59:00,인천공항2터미널,서울역
26420,공항철도,,인천공항1터미널,END,DOWN,0,A2084,,09:59:00,인천공항2터미널,서울역
26421,공항철도,,공항화물청사,SAT,DOWN,0,A2084,,10:02:00,인천공항2터미널,서울역
26422,공항철도,,공항화물청사,END,DOWN,0,A2084,,10:02:00,인천공항2터미널,서울역
26423,공항철도,,운서,SAT,DOWN,0,A2084,,10:07:00,인천공항2터미널,서울역
26424,공항철도,,운서,END,DOWN,0,A2084,,10:07:00,인천공항2터미널,서울역
26425,공항철도,,영종,SAT,DOWN,0,A2084,,10:11:00,인천공항2터미널,서울역
26426,공항철도,,영종,END,DOWN,0,A2084,,10:11:00,인천공항2터미널,서울역
26427,공항철도,,청라국제도시,SAT,DOWN,0,A2084,,10:19:00,인천공항2터미널,서울역
26428,공항철도,,청라국제도시,END,DOWN,0,A2084,,10:19:00,인천공항2터미널,서울역
26429,공항철도,,검암,SAT,DOWN,0,A2084,,10:24:00,인천공항2터미널,서울역
26430,공항철도,,검암,END,DOWN,0,A2084,,10:24:00,인천공항2터미널,서울역
26431,공항철도,,계양,SAT,DOWN,0,A2084,,10:30:00,인천공항2터미널,서울역
26432,공항철도,,계양,END,DOWN,0,A2084,,10:30:00,인천공항2터미널,서울역
26433,공항철도,,김포공항,SAT,DOWN,0,A2084,,10:37:00,인천공항2터미널,서울역
26434,공항철도,,김포공항,END,DOWN,0,A2084,,10:37:00,인천공항2터미널,서울역
26435,공항철도,,마곡나루,SAT,DOWN,0,A2084,,10:40:00,인천공항2터미널,서울역
26436,공항철도,,마곡나루,END,DOWN,0,A2084,,10:40:00,인천공항2터미널,서울역
26437,공항철도,,디지털미디어시티,SAT,DOWN,0,A2084,,10:47:00,인천공항2터미널,서울역
26438,공항철도,,디지털미디어시티,END,DOWN,0,A2084,,10:47:00,인천공항2터미널,서울역
26439,공항철도,,홍대입구,SAT,DOWN,0,A2084,,10:51:00,인천공항2터미널,서울역
26440,공항철도,,홍대입구,END,DOWN,0,A2084,,10:51:00,인천공항2터미널,서울역
26441,공항철도,,공덕,SAT,DOWN,0,A2084,,10:55:00,인천공항2터미널,서울역
26442,공항철도,,공덕,END,DOWN,0,A2084,,10:55:00,인천공항2터미널,서울역
26443,공항철도,,서울역,DAY,DOWN,0,A2085,,11:38:00,서울역,인천공항2터미널
26444,공항철도,,공덕,DAY,DOWN,0,A2085,,11:43:00,서울역,인천공항2터미널
26445,공항철도,,홍대입구,DAY,DOWN,0,A2085,,11:46:00,서울역,인천공항2터미널
26446,공항철도,,디지털미디어시티,DAY,DOWN,0,A2085,,11:50:00,서울역,인천공항2터미널
26447,공항철도,,마곡나루,DAY,DOWN,0,A2085,,11:58:00,서울역,인천공항2터미널
26448,공항철도,,김포공항,DAY,DOWN,0,A2085,,12:01:00,서울역,인천공항2터미널
26449,공항철도,,계양,DAY,DOWN,0,A2085,,12:07:00,서울역,인천공항2터미널
26450,공항철도,,검암,DAY,DOWN,0,A2085,,12:13:00,서울역,인천공항2터미널
26451,공항철도,,청라국제도시,DAY,DOWN,0,A2085,,12:18:00,서울역,인천공항2터미널
26452,공항철도,,영종,DAY,DOWN,0,A2085,,12:27:00,서울역,인천공항2터미널
26453,공항철도,,운서,DAY,DOWN,0,A2085,,12:31:00,서울역,인천공항2터미널
26454,공항철도,,공항화물청사,DAY,DOWN,0,A2085,,12:35:00,서울역,인천공항2터미널
26455,공항철도,,인천공항1터미널,DAY,DOWN,0,A2085,,12:39:00,서울역,인천공항2터미널
26456,공항철도,,서울역,SAT,DOWN,0,A2085,,10:58:00,서울역,인천공항2터미널
26457,공항철도,,서울역,END,DOWN,0,A2085,,10:58:00,서울역,인천공항2터미널
26458,공항철도,,공덕,SAT,DOWN,0,A2085,,11:03:00,서울역,인천공항2터미널
26459,공항철도,,공덕,END,DOWN,0,A2085,,11:03:00,서울역,인천공항2터미널
26460,공항철도,,홍대입구,SAT,DOWN,0,A2085,,11:06:00,서울역,인천공항2터미널
26461,공항철도,,홍대입구,END,DOWN,0,A2085,,11:06:00,서울역,인천공항2터미널
26462,공항철도,,디지털미디어시티,SAT,DOWN,0,A2085,,11:10:00,서울역,인천공항2터미널
26463,공항철도,,디지털미디어시티,END,DOWN,0,A2085,,11:10:00,서울역,인천공항2터미널
26464,공항철도,,마곡나루,SAT,DOWN,0,A2085,,11:18:00,서울역,인천공항2터미널
26465,공항철도,,마곡나루,END,DOWN,0,A2085,,11:18:00,서울역,인천공항2터미널
26466,공항철도,,김포공항,SAT,DOWN,0,A2085,,11:21:00,서울역,인천공항2터미널
26467,공항철도,,김포공항,END,DOWN,0,A2085,,11:21:00,서울역,인천공항2터미널
26468,공항철도,,계양,SAT,DOWN,0,A2085,,11:27:00,서울역,인천공항2터미널
26469,공항철도,,계양,END,DOWN,0,A2085,,11:27:00,서울역,인천공항2터미널
26470,공항철도,,검암,SAT,DOWN,0,A2085,,11:33:00,서울역,인천공항2터미널
26471,공항철도,,검암,END,DOWN,0,A2085,,11:33:00,서울역,인천공항2터미널
26472,공항철도,,청라국제도시,SAT,DOWN,0,A2085,,11:38:00,서울역,인천공항2터미널
26473,공항철도,,청라국제도시,END,DOWN,0,A2085,,11:38:00,서울역,인천공항2터미널
26474,공항철도,,영종,SAT,DOWN,0,A2085,,11:47:00,서울역,인천공항2터미널
26475,공항철도,,영종,END,DOWN,0,A2085,,11:47:00,서울역,인천공항2터미널
26476,공항철도,,운서,SAT,DOWN,0,A2085,,11:51:00,서울역,인천공항2터미널
26477,공항철도,,운서,END,DOWN,0,A2085,,11:51:00,서울역,인천공항2터미널
26478,공항철도,,공항화물청사,SAT,DOWN,0,A2085,,11:55:00,서울역,인천공항2터미널
26479,공항철도,,공항화물청사,END,DOWN,0,A2085,,11:55:00,서울역,인천공항2터미널
26480,공항철도,,인천공항1터미널,SAT,DOWN,0,A2085,,11:59:00,서울역,인천공항2터미널
26481,공항철도,,인천공항1터미널,END,DOWN,0,A2085,,11:59:00,서울역,인천공항2터미널
26482,공항철도,,인천공항2터미널,DAY,DOWN,0,A2086,,10:19:00,인천공항2터미널,서울역
26483,공항철도,,인천공항1터미널,DAY,DOWN,0,A2086,,10:25:00,인천공항2터미널,서울역
26484,공항철도,,공항화물청사,DAY,DOWN,0,A2086,,10:29:00,인천공항2터미널,서울역
26485,공항철도,,운서,DAY,DOWN,0,A2086,,10:33:00,인천공항2터미널,서울역
26486,공항철도,,영종,DAY,DOWN,0,A2086,,10:37:00,인천공항2터미널,서울역
26487,공항철도,,청라국제도시,DAY,DOWN,0,A2086,,10:46:00,인천공항2터미널,서울역
26488,공항철도,,검암,DAY,DOWN,0,A2086,,10:51:00,인천공항2터미널,서울역
26489,공항철도,,계양,DAY,DOWN,0,A2086,,10:57:00,인천공항2터미널,서울역
26490,공항철도,,김포공항,DAY,DOWN,0,A2086,,11:03:00,인천공항2터미널,서울역
26491,공항철도,,마곡나루,DAY,DOWN,0,A2086,,11:06:00,인천공항2터미널,서울역
26492,공항철도,,디지털미디어시티,DAY,DOWN,0,A2086,,11:14:00,인천공항2터미널,서울역
26493,공항철도,,홍대입구,DAY,DOWN,0,A2086,,11:18:00,인천공항2터미널,서울역
26494,공항철도,,공덕,DAY,DOWN,0,A2086,,11:21:00,인천공항2터미널,서울역
26495,공항철도,,인천공항2터미널,SAT,DOWN,0,A2086,,10:03:00,인천공항2터미널,서울역
26496,공항철도,,인천공항2터미널,END,DOWN,0,A2086,,10:03:00,인천공항2터미널,서울역
26497,공항철도,,인천공항1터미널,SAT,DOWN,0,A2086,,10:09:00,인천공항2터미널,서울역
26498,공항철도,,인천공항1터미널,END,DOWN,0,A2086,,10:09:00,인천공항2터미널,서울역
26499,공항철도,,공항화물청사,SAT,DOWN,0,A2086,,10:13:00,인천공항2터미널,서울역
26500,공항철도,,공항화물청사,END,DOWN,0,A2086,,10:13:00,인천공항2터미널,서울역
26501,공항철도,,운서,SAT,DOWN,0,A2086,,10:17:00,인천공항2터미널,서울역
26502,공항철도,,운서,END,DOWN,0,A2086,,10:17:00,인천공항2터미널,서울역
26503,공항철도,,영종,SAT,DOWN,0,A2086,,10:21:00,인천공항2터미널,서울역
26504,공항철도,,영종,END,DOWN,0,A2086,,10:21:00,인천공항2터미널,서울역
26505,공항철도,,청라국제도시,SAT,DOWN,0,A2086,,10:30:00,인천공항2터미널,서울역
26506,공항철도,,청라국제도시,END,DOWN,0,A2086,,10:30:00,인천공항2터미널,서울역
26507,공항철도,,검암,SAT,DOWN,0,A2086,,10:36:00,인천공항2터미널,서울역
26508,공항철도,,검암,END,DOWN,0,A2086,,10:36:00,인천공항2터미널,서울역
26509,공항철도,,계양,SAT,DOWN,0,A2086,,10:42:00,인천공항2터미널,서울역
26510,공항철도,,계양,END,DOWN,0,A2086,,10:42:00,인천공항2터미널,서울역
26511,공항철도,,김포공항,SAT,DOWN,0,A2086,,10:49:00,인천공항2터미널,서울역
26512,공항철도,,김포공항,END,DOWN,0,A2086,,10:49:00,인천공항2터미널,서울역
26513,공항철도,,마곡나루,SAT,DOWN,0,A2086,,10:52:00,인천공항2터미널,서울역
26514,공항철도,,마곡나루,END,DOWN,0,A2086,,10:52:00,인천공항2터미널,서울역
26515,공항철도,,디지털미디어시티,SAT,DOWN,0,A2086,,10:59:00,인천공항2터미널,서울역
26516,공항철도,,디지털미디어시티,END,DOWN,0,A2086,,10:59:00,인천공항2터미널,서울역
26517,공항철도,,홍대입구,SAT,DOWN,0,A2086,,11:03:00,인천공항2터미널,서울역
26518,공항철도,,홍대입구,END,DOWN,0,A2086,,11:03:00,인천공항2터미널,서울역
26519,공항철도,,공덕,SAT,DOWN,0,A2086,,11:07:00,인천공항2터미널,서울역
26520,공항철도,,공덕,END,DOWN,0,A2086,,11:07:00,인천공항2터미널,서울역
26521,공항철도,,서울역,DAY,DOWN,0,A2087,,11:49:00,서울역,인천공항2터미널
26522,공항철도,,공덕,DAY,DOWN,0,A2087,,11:53:00,서울역,인천공항2터미널
26523,공항철도,,홍대입구,DAY,DOWN,0,A2087,,11:57:00,서울역,인천공항2터미널
26524,공항철도,,디지털미디어시티,DAY,DOWN,0,A2087,,12:01:00,서울역,인천공항2터미널
26525,공항철도,,마곡나루,DAY,DOWN,0,A2087,,12:08:00,서울역,인천공항2터미널
26526,공항철도,,김포공항,DAY,DOWN,0,A2087,,12:11:00,서울역,인천공항2터미널
26527,공항철도,,계양,DAY,DOWN,0,A2087,,12:18:00,서울역,인천공항2터미널
26528,공항철도,,검암,DAY,DOWN,0,A2087,,12:24:00,서울역,인천공항2터미널
26529,공항철도,,청라국제도시,DAY,DOWN,0,A2087,,12:29:00,서울역,인천공항2터미널
26530,공항철도,,영종,DAY,DOWN,0,A2087,,12:37:00,서울역,인천공항2터미널
26531,공항철도,,운서,DAY,DOWN,0,A2087,,12:41:00,서울역,인천공항2터미널
26532,공항철도,,공항화물청사,DAY,DOWN,0,A2087,,12:46:00,서울역,인천공항2터미널
26533,공항철도,,인천공항1터미널,DAY,DOWN,0,A2087,,12:50:00,서울역,인천공항2터미널
26534,공항철도,,서울역,SAT,DOWN,0,A2087,,11:05:00,서울역,인천공항2터미널
26535,공항철도,,서울역,END,DOWN,0,A2087,,11:05:00,서울역,인천공항2터미널
26536,공항철도,,공덕,SAT,DOWN,0,A2087,,11:09:00,서울역,인천공항2터미널
26537,공항철도,,공덕,END,DOWN,0,A2087,,11:09:00,서울역,인천공항2터미널
26538,공항철도,,홍대입구,SAT,DOWN,0,A2087,,11:13:00,서울역,인천공항2터미널
26539,공항철도,,홍대입구,END,DOWN,0,A2087,,11:13:00,서울역,인천공항2터미널
26540,공항철도,,디지털미디어시티,SAT,DOWN,0,A2087,,11:17:00,서울역,인천공항2터미널
26541,공항철도,,디지털미디어시티,END,DOWN,0,A2087,,11:17:00,서울역,인천공항2터미널
26542,공항철도,,마곡나루,SAT,DOWN,0,A2087,,11:24:00,서울역,인천공항2터미널
26543,공항철도,,마곡나루,END,DOWN,0,A2087,,11:24:00,서울역,인천공항2터미널
26544,공항철도,,김포공항,SAT,DOWN,0,A2087,,11:27:00,서울역,인천공항2터미널
26545,공항철도,,김포공항,END,DOWN,0,A2087,,11:27:00,서울역,인천공항2터미널
26546,공항철도,,계양,SAT,DOWN,0,A2087,,11:34:00,서울역,인천공항2터미널
26547,공항철도,,계양,END,DOWN,0,A2087,,11:34:00,서울역,인천공항2터미널
26548,공항철도,,검암,SAT,DOWN,0,A2087,,11:40:00,서울역,인천공항2터미널
26549,공항철도,,검암,END,DOWN,0,A2087,,11:40:00,서울역,인천공항2터미널
26550,공항철도,,청라국제도시,SAT,DOWN,0,A2087,,11:45:00,서울역,인천공항2터미널
26551,공항철도,,청라국제도시,END,DOWN,0,A2087,,11:45:00,서울역,인천공항2터미널
26552,공항철도,,영종,SAT,DOWN,0,A2087,,11:53:00,서울역,인천공항2터미널
26553,공항철도,,영종,END,DOWN,0,A2087,,11:53:00,서울역,인천공항2터미널
26554,공항철도,,운서,SAT,DOWN,0,A2087,,11:57:00,서울역,인천공항2터미널
26555,공항철도,,운서,END,DOWN,0,A2087,,11:57:00,서울역,인천공항2터미널
26556,공항철도,,공항화물청사,SAT,DOWN,0,A2087,,12:02:00,서울역,인천공항2터미널
26557,공항철도,,공항화물청사,END,DOWN,0,A2087,,12:02:00,서울역,인천공항2터미널
26558,공항철도,,인천공항1터미널,SAT,DOWN,0,A2087,,12:06:00,서울역,인천공항2터미널
26559,공항철도,,인천공항1터미널,END,DOWN,0,A2087,,12:06:00,서울역,인천공항2터미널
26560,공항철도,,인천공항2터미널,DAY,DOWN,0,A2088,,10:26:00,인천공항2터미널,서울역
26561,공항철도,,인천공항1터미널,DAY,DOWN,0,A2088,,10:33:00,인천공항2터미널,서울역
26562,공항철도,,공항화물청사,DAY,DOWN,0,A2088,,10:36:00,인천공항2터미널,서울역
26563,공항철도,,운서,DAY,DOWN,0,A2088,,10:41:00,인천공항2터미널,서울역
26564,공항철도,,영종,DAY,DOWN,0,A2088,,10:45:00,인천공항2터미널,서울역
26565,공항철도,,청라국제도시,DAY,DOWN,0,A2088,,10:53:00,인천공항2터미널,서울역
26566,공항철도,,검암,DAY,DOWN,0,A2088,,10:58:00,인천공항2터미널,서울역
26567,공항철도,,계양,DAY,DOWN,0,A2088,,11:04:00,인천공항2터미널,서울역
26568,공항철도,,김포공항,DAY,DOWN,0,A2088,,11:11:00,인천공항2터미널,서울역
26569,공항철도,,마곡나루,DAY,DOWN,0,A2088,,11:14:00,인천공항2터미널,서울역
26570,공항철도,,디지털미디어시티,DAY,DOWN,0,A2088,,11:21:00,인천공항2터미널,서울역
26571,공항철도,,홍대입구,DAY,DOWN,0,A2088,,11:25:00,인천공항2터미널,서울역
26572,공항철도,,공덕,DAY,DOWN,0,A2088,,11:29:00,인천공항2터미널,서울역
26573,공항철도,,인천공항2터미널,SAT,DOWN,0,A2088,,10:13:00,인천공항2터미널,서울역
26574,공항철도,,인천공항2터미널,END,DOWN,0,A2088,,10:13:00,인천공항2터미널,서울역
26575,공항철도,,인천공항1터미널,SAT,DOWN,0,A2088,,10:20:00,인천공항2터미널,서울역
26576,공항철도,,인천공항1터미널,END,DOWN,0,A2088,,10:20:00,인천공항2터미널,서울역
26577,공항철도,,공항화물청사,SAT,DOWN,0,A2088,,10:23:00,인천공항2터미널,서울역
26578,공항철도,,공항화물청사,END,DOWN,0,A2088,,10:23:00,인천공항2터미널,서울역
26579,공항철도,,운서,SAT,DOWN,0,A2088,,10:28:00,인천공항2터미널,서울역
26580,공항철도,,운서,END,DOWN,0,A2088,,10:28:00,인천공항2터미널,서울역
26581,공항철도,,영종,SAT,DOWN,0,A2088,,10:32:00,인천공항2터미널,서울역
26582,공항철도,,영종,END,DOWN,0,A2088,,10:32:00,인천공항2터미널,서울역
26583,공항철도,,청라국제도시,SAT,DOWN,0,A2088,,10:40:00,인천공항2터미널,서울역
26584,공항철도,,청라국제도시,END,DOWN,0,A2088,,10:40:00,인천공항2터미널,서울역
26585,공항철도,,검암,SAT,DOWN,0,A2088,,10:45:00,인천공항2터미널,서울역
26586,공항철도,,검암,END,DOWN,0,A2088,,10:45:00,인천공항2터미널,서울역
26587,공항철도,,계양,SAT,DOWN,0,A2088,,10:51:00,인천공항2터미널,서울역
26588,공항철도,,계양,END,DOWN,0,A2088,,10:51:00,인천공항2터미널,서울역
26589,공항철도,,김포공항,SAT,DOWN,0,A2088,,10:58:00,인천공항2터미널,서울역
26590,공항철도,,김포공항,END,DOWN,0,A2088,,10:58:00,인천공항2터미널,서울역
26591,공항철도,,마곡나루,SAT,DOWN,0,A2088,,11:01:00,인천공항2터미널,서울역
26592,공항철도,,마곡나루,END,DOWN,0,A2088,,11:01:00,인천공항2터미널,서울역
26593,공항철도,,디지털미디어시티,SAT,DOWN,0,A2088,,11:08:00,인천공항2터미널,서울역
26594,공항철도,,디지털미디어시티,END,DOWN,0,A2088,,11:08:00,인천공항2터미널,서울역
26595,공항철도,,홍대입구,SAT,DOWN,0,A2088,,11:12:00,인천공항2터미널,서울역
26596,공항철도,,홍대입구,END,DOWN,0,A2088,,11:12:00,인천공항2터미널,서울역
26597,공항철도,,공덕,SAT,DOWN,0,A2088,,11:16:00,인천공항2터미널,서울역
26598,공항철도,,공덕,END,DOWN,0,A2088,,11:16:00,인천공항2터미널,서울역
26599,공항철도,,서울역,DAY,DOWN,0,A2089,,11:55:00,서울역,인천공항2터미널
26600,공항철도,,공덕,DAY,DOWN,0,A2089,,12:00:00,서울역,인천공항2터미널
26601,공항철도,,홍대입구,DAY,DOWN,0,A2089,,12:03:00,서울역,인천공항2터미널
26602,공항철도,,디지털미디어시티,DAY,DOWN,0,A2089,,12:07:00,서울역,인천공항2터미널
26603,공항철도,,마곡나루,DAY,DOWN,0,A2089,,12:15:00,서울역,인천공항2터미널
26604,공항철도,,김포공항,DAY,DOWN,0,A2089,,12:18:00,서울역,인천공항2터미널
26605,공항철도,,계양,DAY,DOWN,0,A2089,,12:24:00,서울역,인천공항2터미널
26606,공항철도,,검암,DAY,DOWN,0,A2089,,12:30:00,서울역,인천공항2터미널
26607,공항철도,,청라국제도시,DAY,DOWN,0,A2089,,12:35:00,서울역,인천공항2터미널
26608,공항철도,,영종,DAY,DOWN,0,A2089,,12:45:00,서울역,인천공항2터미널
26609,공항철도,,운서,DAY,DOWN,0,A2089,,12:49:00,서울역,인천공항2터미널
26610,공항철도,,공항화물청사,DAY,DOWN,0,A2089,,12:54:00,서울역,인천공항2터미널
26611,공항철도,,인천공항1터미널,DAY,DOWN,0,A2089,,12:58:00,서울역,인천공항2터미널
26612,공항철도,,서울역,SAT,DOWN,0,A2089,,11:16:00,서울역,인천공항2터미널
26613,공항철도,,서울역,END,DOWN,0,A2089,,11:16:00,서울역,인천공항2터미널
26614,공항철도,,공덕,SAT,DOWN,0,A2089,,11:20:00,서울역,인천공항2터미널
26615,공항철도,,공덕,END,DOWN,0,A2089,,11:20:00,서울역,인천공항2터미널
26616,공항철도,,홍대입구,SAT,DOWN,0,A2089,,11:24:00,서울역,인천공항2터미널
26617,공항철도,,홍대입구,END,DOWN,0,A2089,,11:24:00,서울역,인천공항2터미널
26618,공항철도,,디지털미디어시티,SAT,DOWN,0,A2089,,11:28:00,서울역,인천공항2터미널
26619,공항철도,,디지털미디어시티,END,DOWN,0,A2089,,11:28:00,서울역,인천공항2터미널
26620,공항철도,,마곡나루,SAT,DOWN,0,A2089,,11:35:00,서울역,인천공항2터미널
26621,공항철도,,마곡나루,END,DOWN,0,A2089,,11:35:00,서울역,인천공항2터미널
26622,공항철도,,김포공항,SAT,DOWN,0,A2089,,11:38:00,서울역,인천공항2터미널
26623,공항철도,,김포공항,END,DOWN,0,A2089,,11:38:00,서울역,인천공항2터미널
26624,공항철도,,계양,SAT,DOWN,0,A2089,,11:45:00,서울역,인천공항2터미널
26625,공항철도,,계양,END,DOWN,0,A2089,,11:45:00,서울역,인천공항2터미널
26626,공항철도,,검암,SAT,DOWN,0,A2089,,11:51:00,서울역,인천공항2터미널
26627,공항철도,,검암,END,DOWN,0,A2089,,11:51:00,서울역,인천공항2터미널
26628,공항철도,,청라국제도시,SAT,DOWN,0,A2089,,11:56:00,서울역,인천공항2터미널
26629,공항철도,,청라국제도시,END,DOWN,0,A2089,,11:56:00,서울역,인천공항2터미널
26630,공항철도,,영종,SAT,DOWN,0,A2089,,12:04:00,서울역,인천공항2터미널
26631,공항철도,,영종,END,DOWN,0,A2089,,12:04:00,서울역,인천공항2터미널
26632,공항철도,,운서,SAT,DOWN,0,A2089,,12:08:00,서울역,인천공항2터미널
26633,공항철도,,운서,END,DOWN,0,A2089,,12:08:00,서울역,인천공항2터미널
26634,공항철도,,공항화물청사,SAT,DOWN,0,A2089,,12:13:00,서울역,인천공항2터미널
26635,공항철도,,공항화물청사,END,DOWN,0,A2089,,12:13:00,서울역,인천공항2터미널
26636,공항철도,,인천공항1터미널,SAT,DOWN,0,A2089,,12:17:00,서울역,인천공항2터미널
26637,공항철도,,인천공항1터미널,END,DOWN,0,A2089,,12:17:00,서울역,인천공항2터미널
26638,공항철도,,인천공항2터미널,DAY,DOWN,0,A2090,,10:37:00,인천공항2터미널,서울역
26639,공항철도,,인천공항1터미널,DAY,DOWN,0,A2090,,10:43:00,인천공항2터미널,서울역
26640,공항철도,,공항화물청사,DAY,DOWN,0,A2090,,10:47:00,인천공항2터미널,서울역
26641,공항철도,,운서,DAY,DOWN,0,A2090,,10:51:00,인천공항2터미널,서울역
26642,공항철도,,영종,DAY,DOWN,0,A2090,,10:55:00,인천공항2터미널,서울역
26643,공항철도,,청라국제도시,DAY,DOWN,0,A2090,,11:04:00,인천공항2터미널,서울역
26644,공항철도,,검암,DAY,DOWN,0,A2090,,11:09:00,인천공항2터미널,서울역
26645,공항철도,,계양,DAY,DOWN,0,A2090,,11:15:00,인천공항2터미널,서울역
26646,공항철도,,김포공항,DAY,DOWN,0,A2090,,11:21:00,인천공항2터미널,서울역
26647,공항철도,,마곡나루,DAY,DOWN,0,A2090,,11:24:00,인천공항2터미널,서울역
26648,공항철도,,디지털미디어시티,DAY,DOWN,0,A2090,,11:33:00,인천공항2터미널,서울역
26649,공항철도,,홍대입구,DAY,DOWN,0,A2090,,11:37:00,인천공항2터미널,서울역
26650,공항철도,,공덕,DAY,DOWN,0,A2090,,11:41:00,인천공항2터미널,서울역
26651,공항철도,,인천공항2터미널,SAT,DOWN,0,A2090,,10:23:00,인천공항2터미널,서울역
26652,공항철도,,인천공항2터미널,END,DOWN,0,A2090,,10:23:00,인천공항2터미널,서울역
26653,공항철도,,인천공항1터미널,SAT,DOWN,0,A2090,,10:30:00,인천공항2터미널,서울역
26654,공항철도,,인천공항1터미널,END,DOWN,0,A2090,,10:30:00,인천공항2터미널,서울역
26655,공항철도,,공항화물청사,SAT,DOWN,0,A2090,,10:33:00,인천공항2터미널,서울역
26656,공항철도,,공항화물청사,END,DOWN,0,A2090,,10:33:00,인천공항2터미널,서울역
26657,공항철도,,운서,SAT,DOWN,0,A2090,,10:38:00,인천공항2터미널,서울역
26658,공항철도,,운서,END,DOWN,0,A2090,,10:38:00,인천공항2터미널,서울역
26659,공항철도,,영종,SAT,DOWN,0,A2090,,10:42:00,인천공항2터미널,서울역
26660,공항철도,,영종,END,DOWN,0,A2090,,10:42:00,인천공항2터미널,서울역
26661,공항철도,,청라국제도시,SAT,DOWN,0,A2090,,10:50:00,인천공항2터미널,서울역
26662,공항철도,,청라국제도시,END,DOWN,0,A2090,,10:50:00,인천공항2터미널,서울역
26663,공항철도,,검암,SAT,DOWN,0,A2090,,10:55:00,인천공항2터미널,서울역
26664,공항철도,,검암,END,DOWN,0,A2090,,10:55:00,인천공항2터미널,서울역
26665,공항철도,,계양,SAT,DOWN,0,A2090,,11:01:00,인천공항2터미널,서울역
26666,공항철도,,계양,END,DOWN,0,A2090,,11:01:00,인천공항2터미널,서울역
26667,공항철도,,김포공항,SAT,DOWN,0,A2090,,11:08:00,인천공항2터미널,서울역
26668,공항철도,,김포공항,END,DOWN,0,A2090,,11:08:00,인천공항2터미널,서울역
26669,공항철도,,마곡나루,SAT,DOWN,0,A2090,,11:11:00,인천공항2터미널,서울역
26670,공항철도,,마곡나루,END,DOWN,0,A2090,,11:11:00,인천공항2터미널,서울역
26671,공항철도,,디지털미디어시티,SAT,DOWN,0,A2090,,11:18:00,인천공항2터미널,서울역
26672,공항철도,,디지털미디어시티,END,DOWN,0,A2090,,11:18:00,인천공항2터미널,서울역
26673,공항철도,,홍대입구,SAT,DOWN,0,A2090,,11:22:00,인천공항2터미널,서울역
26674,공항철도,,홍대입구,END,DOWN,0,A2090,,11:22:00,인천공항2터미널,서울역
26675,공항철도,,공덕,SAT,DOWN,0,A2090,,11:26:00,인천공항2터미널,서울역
26676,공항철도,,공덕,END,DOWN,0,A2090,,11:26:00,인천공항2터미널,서울역
26677,공항철도,,서울역,DAY,DOWN,0,A2091,,11:59:00,서울역,인천공항2터미널
26678,공항철도,,공덕,DAY,DOWN,0,A2091,,12:04:00,서울역,인천공항2터미널
26679,공항철도,,홍대입구,DAY,DOWN,0,A2091,,12:07:00,서울역,인천공항2터미널
26680,공항철도,,디지털미디어시티,DAY,DOWN,0,A2091,,12:11:00,서울역,인천공항2터미널
26681,공항철도,,마곡나루,DAY,DOWN,0,A2091,,12:19:00,서울역,인천공항2터미널
26682,공항철도,,김포공항,DAY,DOWN,0,A2091,,12:22:00,서울역,인천공항2터미널
26683,공항철도,,계양,DAY,DOWN,0,A2091,,12:28:00,서울역,인천공항2터미널
26684,공항철도,,검암,DAY,DOWN,0,A2091,,12:36:00,서울역,인천공항2터미널
26685,공항철도,,청라국제도시,DAY,DOWN,0,A2091,,12:41:00,서울역,인천공항2터미널
26686,공항철도,,영종,DAY,DOWN,0,A2091,,12:49:00,서울역,인천공항2터미널
26687,공항철도,,운서,DAY,DOWN,0,A2091,,12:53:00,서울역,인천공항2터미널
26688,공항철도,,공항화물청사,DAY,DOWN,0,A2091,,12:58:00,서울역,인천공항2터미널
26689,공항철도,,인천공항1터미널,DAY,DOWN,0,A2091,,13:02:00,서울역,인천공항2터미널
26690,공항철도,,서울역,SAT,DOWN,0,A2091,,11:24:00,서울역,인천공항2터미널
26691,공항철도,,서울역,END,DOWN,0,A2091,,11:24:00,서울역,인천공항2터미널
26692,공항철도,,공덕,SAT,DOWN,0,A2091,,11:29:00,서울역,인천공항2터미널
26693,공항철도,,공덕,END,DOWN,0,A2091,,11:29:00,서울역,인천공항2터미널
26694,공항철도,,홍대입구,SAT,DOWN,0,A2091,,11:32:00,서울역,인천공항2터미널
26695,공항철도,,홍대입구,END,DOWN,0,A2091,,11:32:00,서울역,인천공항2터미널
26696,공항철도,,디지털미디어시티,SAT,DOWN,0,A2091,,11:36:00,서울역,인천공항2터미널
26697,공항철도,,디지털미디어시티,END,DOWN,0,A2091,,11:36:00,서울역,인천공항2터미널
26698,공항철도,,마곡나루,SAT,DOWN,0,A2091,,11:44:00,서울역,인천공항2터미널
26699,공항철도,,마곡나루,END,DOWN,0,A2091,,11:44:00,서울역,인천공항2터미널
26700,공항철도,,김포공항,SAT,DOWN,0,A2091,,11:47:00,서울역,인천공항2터미널
26701,공항철도,,김포공항,END,DOWN,0,A2091,,11:47:00,서울역,인천공항2터미널
26702,공항철도,,계양,SAT,DOWN,0,A2091,,11:53:00,서울역,인천공항2터미널
26703,공항철도,,계양,END,DOWN,0,A2091,,11:53:00,서울역,인천공항2터미널
26704,공항철도,,검암,SAT,DOWN,0,A2091,,12:01:00,서울역,인천공항2터미널
26705,공항철도,,검암,END,DOWN,0,A2091,,12:01:00,서울역,인천공항2터미널
26706,공항철도,,청라국제도시,SAT,DOWN,0,A2091,,12:06:00,서울역,인천공항2터미널
26707,공항철도,,청라국제도시,END,DOWN,0,A2091,,12:06:00,서울역,인천공항2터미널
26708,공항철도,,영종,SAT,DOWN,0,A2091,,12:14:00,서울역,인천공항2터미널
26709,공항철도,,영종,END,DOWN,0,A2091,,12:14:00,서울역,인천공항2터미널
26710,공항철도,,운서,SAT,DOWN,0,A2091,,12:18:00,서울역,인천공항2터미널
26711,공항철도,,운서,END,DOWN,0,A2091,,12:18:00,서울역,인천공항2터미널
26712,공항철도,,공항화물청사,SAT,DOWN,0,A2091,,12:23:00,서울역,인천공항2터미널
26713,공항철도,,공항화물청사,END,DOWN,0,A2091,,12:23:00,서울역,인천공항2터미널
26714,공항철도,,인천공항1터미널,SAT,DOWN,0,A2091,,12:27:00,서울역,인천공항2터미널
26715,공항철도,,인천공항1터미널,END,DOWN,0,A2091,,12:27:00,서울역,인천공항2터미널
26716,공항철도,,인천공항2터미널,DAY,DOWN,0,A2092,,10:47:00,인천공항2터미널,서울역
26717,공항철도,,인천공항1터미널,DAY,DOWN,0,A2092,,10:54:00,인천공항2터미널,서울역
26718,공항철도,,공항화물청사,DAY,DOWN,0,A2092,,10:57:00,인천공항2터미널,서울역
26719,공항철도,,운서,DAY,DOWN,0,A2092,,11:02:00,인천공항2터미널,서울역
26720,공항철도,,영종,DAY,DOWN,0,A2092,,11:07:00,인천공항2터미널,서울역
26721,공항철도,,청라국제도시,DAY,DOWN,0,A2092,,11:16:00,인천공항2터미널,서울역
26722,공항철도,,검암,DAY,DOWN,0,A2092,,11:21:00,인천공항2터미널,서울역
26723,공항철도,,계양,DAY,DOWN,0,A2092,,11:27:00,인천공항2터미널,서울역
26724,공항철도,,김포공항,DAY,DOWN,0,A2092,,11:33:00,인천공항2터미널,서울역
26725,공항철도,,마곡나루,DAY,DOWN,0,A2092,,11:36:00,인천공항2터미널,서울역
26726,공항철도,,디지털미디어시티,DAY,DOWN,0,A2092,,11:44:00,인천공항2터미널,서울역
26727,공항철도,,홍대입구,DAY,DOWN,0,A2092,,11:48:00,인천공항2터미널,서울역
26728,공항철도,,공덕,DAY,DOWN,0,A2092,,11:51:00,인천공항2터미널,서울역
26729,공항철도,,인천공항2터미널,SAT,DOWN,0,A2092,,10:30:00,인천공항2터미널,서울역
26730,공항철도,,인천공항2터미널,END,DOWN,0,A2092,,10:30:00,인천공항2터미널,서울역
26731,공항철도,,인천공항1터미널,SAT,DOWN,0,A2092,,10:37:00,인천공항2터미널,서울역
26732,공항철도,,인천공항1터미널,END,DOWN,0,A2092,,10:37:00,인천공항2터미널,서울역
26733,공항철도,,공항화물청사,SAT,DOWN,0,A2092,,10:40:00,인천공항2터미널,서울역
26734,공항철도,,공항화물청사,END,DOWN,0,A2092,,10:40:00,인천공항2터미널,서울역
26735,공항철도,,운서,SAT,DOWN,0,A2092,,10:45:00,인천공항2터미널,서울역
26736,공항철도,,운서,END,DOWN,0,A2092,,10:45:00,인천공항2터미널,서울역
26737,공항철도,,영종,SAT,DOWN,0,A2092,,10:49:00,인천공항2터미널,서울역
26738,공항철도,,영종,END,DOWN,0,A2092,,10:49:00,인천공항2터미널,서울역
26739,공항철도,,청라국제도시,SAT,DOWN,0,A2092,,10:57:00,인천공항2터미널,서울역
26740,공항철도,,청라국제도시,END,DOWN,0,A2092,,10:57:00,인천공항2터미널,서울역
26741,공항철도,,검암,SAT,DOWN,0,A2092,,11:02:00,인천공항2터미널,서울역
26742,공항철도,,검암,END,DOWN,0,A2092,,11:02:00,인천공항2터미널,서울역
26743,공항철도,,계양,SAT,DOWN,0,A2092,,11:08:00,인천공항2터미널,서울역
26744,공항철도,,계양,END,DOWN,0,A2092,,11:08:00,인천공항2터미널,서울역
26745,공항철도,,김포공항,SAT,DOWN,0,A2092,,11:15:00,인천공항2터미널,서울역
26746,공항철도,,김포공항,END,DOWN,0,A2092,,11:15:00,인천공항2터미널,서울역
26747,공항철도,,마곡나루,SAT,DOWN,0,A2092,,11:18:00,인천공항2터미널,서울역
26748,공항철도,,마곡나루,END,DOWN,0,A2092,,11:18:00,인천공항2터미널,서울역
26749,공항철도,,디지털미디어시티,SAT,DOWN,0,A2092,,11:25:00,인천공항2터미널,서울역
26750,공항철도,,디지털미디어시티,END,DOWN,0,A2092,,11:25:00,인천공항2터미널,서울역
26751,공항철도,,홍대입구,SAT,DOWN,0,A2092,,11:29:00,인천공항2터미널,서울역
26752,공항철도,,홍대입구,END,DOWN,0,A2092,,11:29:00,인천공항2터미널,서울역
26753,공항철도,,공덕,SAT,DOWN,0,A2092,,11:33:00,인천공항2터미널,서울역
26754,공항철도,,공덕,END,DOWN,0,A2092,,11:33:00,인천공항2터미널,서울역
26755,공항철도,,서울역,DAY,DOWN,0,A2093,,12:06:00,서울역,인천공항2터미널
26756,공항철도,,공덕,DAY,DOWN,0,A2093,,12:10:00,서울역,인천공항2터미널
26757,공항철도,,홍대입구,DAY,DOWN,0,A2093,,12:14:00,서울역,인천공항2터미널
26758,공항철도,,디지털미디어시티,DAY,DOWN,0,A2093,,12:19:00,서울역,인천공항2터미널
26759,공항철도,,마곡나루,DAY,DOWN,0,A2093,,12:27:00,서울역,인천공항2터미널
26760,공항철도,,김포공항,DAY,DOWN,0,A2093,,12:30:00,서울역,인천공항2터미널
26761,공항철도,,계양,DAY,DOWN,0,A2093,,12:36:00,서울역,인천공항2터미널
26762,공항철도,,검암,DAY,DOWN,0,A2093,,12:42:00,서울역,인천공항2터미널
26763,공항철도,,청라국제도시,DAY,DOWN,0,A2093,,12:47:00,서울역,인천공항2터미널
26764,공항철도,,영종,DAY,DOWN,0,A2093,,12:56:00,서울역,인천공항2터미널
26765,공항철도,,운서,DAY,DOWN,0,A2093,,13:00:00,서울역,인천공항2터미널
26766,공항철도,,공항화물청사,DAY,DOWN,0,A2093,,13:04:00,서울역,인천공항2터미널
26767,공항철도,,인천공항1터미널,DAY,DOWN,0,A2093,,13:08:00,서울역,인천공항2터미널
26768,공항철도,,서울역,SAT,DOWN,0,A2093,,11:31:00,서울역,인천공항2터미널
26769,공항철도,,서울역,END,DOWN,0,A2093,,11:31:00,서울역,인천공항2터미널
26770,공항철도,,공덕,SAT,DOWN,0,A2093,,11:35:00,서울역,인천공항2터미널
26771,공항철도,,공덕,END,DOWN,0,A2093,,11:35:00,서울역,인천공항2터미널
26772,공항철도,,홍대입구,SAT,DOWN,0,A2093,,11:39:00,서울역,인천공항2터미널
26773,공항철도,,홍대입구,END,DOWN,0,A2093,,11:39:00,서울역,인천공항2터미널
26774,공항철도,,디지털미디어시티,SAT,DOWN,0,A2093,,11:44:00,서울역,인천공항2터미널
26775,공항철도,,디지털미디어시티,END,DOWN,0,A2093,,11:44:00,서울역,인천공항2터미널
26776,공항철도,,마곡나루,SAT,DOWN,0,A2093,,11:52:00,서울역,인천공항2터미널
26777,공항철도,,마곡나루,END,DOWN,0,A2093,,11:52:00,서울역,인천공항2터미널
26778,공항철도,,김포공항,SAT,DOWN,0,A2093,,11:55:00,서울역,인천공항2터미널
26779,공항철도,,김포공항,END,DOWN,0,A2093,,11:55:00,서울역,인천공항2터미널
26780,공항철도,,계양,SAT,DOWN,0,A2093,,12:01:00,서울역,인천공항2터미널
26781,공항철도,,계양,END,DOWN,0,A2093,,12:01:00,서울역,인천공항2터미널
26782,공항철도,,검암,SAT,DOWN,0,A2093,,12:07:00,서울역,인천공항2터미널
26783,공항철도,,검암,END,DOWN,0,A2093,,12:07:00,서울역,인천공항2터미널
26784,공항철도,,청라국제도시,SAT,DOWN,0,A2093,,12:12:00,서울역,인천공항2터미널
26785,공항철도,,청라국제도시,END,DOWN,0,A2093,,12:12:00,서울역,인천공항2터미널
26786,공항철도,,영종,SAT,DOWN,0,A2093,,12:21:00,서울역,인천공항2터미널
26787,공항철도,,영종,END,DOWN,0,A2093,,12:21:00,서울역,인천공항2터미널
26788,공항철도,,운서,SAT,DOWN,0,A2093,,12:25:00,서울역,인천공항2터미널
26789,공항철도,,운서,END,DOWN,0,A2093,,12:25:00,서울역,인천공항2터미널
26790,공항철도,,공항화물청사,SAT,DOWN,0,A2093,,12:29:00,서울역,인천공항2터미널
26791,공항철도,,공항화물청사,END,DOWN,0,A2093,,12:29:00,서울역,인천공항2터미널
26792,공항철도,,인천공항1터미널,SAT,DOWN,0,A2093,,12:33:00,서울역,인천공항2터미널
26793,공항철도,,인천공항1터미널,END,DOWN,0,A2093,,12:33:00,서울역,인천공항2터미널
26794,공항철도,,인천공항2터미널,DAY,DOWN,0,A2094,,10:57:00,인천공항2터미널,서울역
26795,공항철도,,인천공항1터미널,DAY,DOWN,0,A2094,,11:03:00,인천공항2터미널,서울역
26796,공항철도,,공항화물청사,DAY,DOWN,0,A2094,,11:07:00,인천공항2터미널,서울역
26797,공항철도,,운서,DAY,DOWN,0,A2094,,11:11:00,인천공항2터미널,서울역
26798,공항철도,,영종,DAY,DOWN,0,A2094,,11:15:00,인천공항2터미널,서울역
26799,공항철도,,청라국제도시,DAY,DOWN,0,A2094,,11:24:00,인천공항2터미널,서울역
26800,공항철도,,검암,DAY,DOWN,0,A2094,,11:29:00,인천공항2터미널,서울역
26801,공항철도,,계양,DAY,DOWN,0,A2094,,11:35:00,인천공항2터미널,서울역
26802,공항철도,,김포공항,DAY,DOWN,0,A2094,,11:41:00,인천공항2터미널,서울역
26803,공항철도,,마곡나루,DAY,DOWN,0,A2094,,11:44:00,인천공항2터미널,서울역
26804,공항철도,,디지털미디어시티,DAY,DOWN,0,A2094,,11:52:00,인천공항2터미널,서울역
26805,공항철도,,홍대입구,DAY,DOWN,0,A2094,,11:56:00,인천공항2터미널,서울역
26806,공항철도,,공덕,DAY,DOWN,0,A2094,,11:59:00,인천공항2터미널,서울역
26807,공항철도,,인천공항2터미널,SAT,DOWN,0,A2094,,10:37:00,인천공항2터미널,서울역
26808,공항철도,,인천공항2터미널,END,DOWN,0,A2094,,10:37:00,인천공항2터미널,서울역
26809,공항철도,,인천공항1터미널,SAT,DOWN,0,A2094,,10:43:00,인천공항2터미널,서울역
26810,공항철도,,인천공항1터미널,END,DOWN,0,A2094,,10:43:00,인천공항2터미널,서울역
26811,공항철도,,공항화물청사,SAT,DOWN,0,A2094,,10:47:00,인천공항2터미널,서울역
26812,공항철도,,공항화물청사,END,DOWN,0,A2094,,10:47:00,인천공항2터미널,서울역
26813,공항철도,,운서,SAT,DOWN,0,A2094,,10:51:00,인천공항2터미널,서울역
26814,공항철도,,운서,END,DOWN,0,A2094,,10:51:00,인천공항2터미널,서울역
26815,공항철도,,영종,SAT,DOWN,0,A2094,,10:55:00,인천공항2터미널,서울역
26816,공항철도,,영종,END,DOWN,0,A2094,,10:55:00,인천공항2터미널,서울역
26817,공항철도,,청라국제도시,SAT,DOWN,0,A2094,,11:04:00,인천공항2터미널,서울역
26818,공항철도,,청라국제도시,END,DOWN,0,A2094,,11:04:00,인천공항2터미널,서울역
26819,공항철도,,검암,SAT,DOWN,0,A2094,,11:09:00,인천공항2터미널,서울역
26820,공항철도,,검암,END,DOWN,0,A2094,,11:09:00,인천공항2터미널,서울역
26821,공항철도,,계양,SAT,DOWN,0,A2094,,11:15:00,인천공항2터미널,서울역
26822,공항철도,,계양,END,DOWN,0,A2094,,11:15:00,인천공항2터미널,서울역
26823,공항철도,,김포공항,SAT,DOWN,0,A2094,,11:21:00,인천공항2터미널,서울역
26824,공항철도,,김포공항,END,DOWN,0,A2094,,11:21:00,인천공항2터미널,서울역
26825,공항철도,,마곡나루,SAT,DOWN,0,A2094,,11:24:00,인천공항2터미널,서울역
26826,공항철도,,마곡나루,END,DOWN,0,A2094,,11:24:00,인천공항2터미널,서울역
26827,공항철도,,디지털미디어시티,SAT,DOWN,0,A2094,,11:33:00,인천공항2터미널,서울역
26828,공항철도,,디지털미디어시티,END,DOWN,0,A2094,,11:33:00,인천공항2터미널,서울역
26829,공항철도,,홍대입구,SAT,DOWN,0,A2094,,11:37:00,인천공항2터미널,서울역
26830,공항철도,,홍대입구,END,DOWN,0,A2094,,11:37:00,인천공항2터미널,서울역
26831,공항철도,,공덕,SAT,DOWN,0,A2094,,11:41:00,인천공항2터미널,서울역
26832,공항철도,,공덕,END,DOWN,0,A2094,,11:41:00,인천공항2터미널,서울역
26833,공항철도,,서울역,DAY,DOWN,0,A2095,,12:14:00,서울역,인천공항2터미널
26834,공항철도,,공덕,DAY,DOWN,0,A2095,,12:19:00,서울역,인천공항2터미널
26835,공항철도,,홍대입구,DAY,DOWN,0,A2095,,12:22:00,서울역,인천공항2터미널
26836,공항철도,,디지털미디어시티,DAY,DOWN,0,A2095,,12:26:00,서울역,인천공항2터미널
26837,공항철도,,마곡나루,DAY,DOWN,0,A2095,,12:34:00,서울역,인천공항2터미널
26838,공항철도,,김포공항,DAY,DOWN,0,A2095,,12:37:00,서울역,인천공항2터미널
26839,공항철도,,계양,DAY,DOWN,0,A2095,,12:43:00,서울역,인천공항2터미널
26840,공항철도,,검암,DAY,DOWN,0,A2095,,12:49:00,서울역,인천공항2터미널
26841,공항철도,,청라국제도시,DAY,DOWN,0,A2095,,12:54:00,서울역,인천공항2터미널
26842,공항철도,,영종,DAY,DOWN,0,A2095,,13:03:00,서울역,인천공항2터미널
26843,공항철도,,운서,DAY,DOWN,0,A2095,,13:07:00,서울역,인천공항2터미널
26844,공항철도,,공항화물청사,DAY,DOWN,0,A2095,,13:11:00,서울역,인천공항2터미널
26845,공항철도,,인천공항1터미널,DAY,DOWN,0,A2095,,13:15:00,서울역,인천공항2터미널
26846,공항철도,,서울역,SAT,DOWN,0,A2095,,11:38:00,서울역,인천공항2터미널
26847,공항철도,,서울역,END,DOWN,0,A2095,,11:38:00,서울역,인천공항2터미널
26848,공항철도,,공덕,SAT,DOWN,0,A2095,,11:42:00,서울역,인천공항2터미널
26849,공항철도,,공덕,END,DOWN,0,A2095,,11:42:00,서울역,인천공항2터미널
26850,공항철도,,홍대입구,SAT,DOWN,0,A2095,,11:46:00,서울역,인천공항2터미널
26851,공항철도,,홍대입구,END,DOWN,0,A2095,,11:46:00,서울역,인천공항2터미널
26852,공항철도,,디지털미디어시티,SAT,DOWN,0,A2095,,11:50:00,서울역,인천공항2터미널
26853,공항철도,,디지털미디어시티,END,DOWN,0,A2095,,11:50:00,서울역,인천공항2터미널
26854,공항철도,,마곡나루,SAT,DOWN,0,A2095,,11:57:00,서울역,인천공항2터미널
26855,공항철도,,마곡나루,END,DOWN,0,A2095,,11:57:00,서울역,인천공항2터미널
26856,공항철도,,김포공항,SAT,DOWN,0,A2095,,12:00:00,서울역,인천공항2터미널
26857,공항철도,,김포공항,END,DOWN,0,A2095,,12:00:00,서울역,인천공항2터미널
26858,공항철도,,계양,SAT,DOWN,0,A2095,,12:07:00,서울역,인천공항2터미널
26859,공항철도,,계양,END,DOWN,0,A2095,,12:07:00,서울역,인천공항2터미널
26860,공항철도,,검암,SAT,DOWN,0,A2095,,12:13:00,서울역,인천공항2터미널
26861,공항철도,,검암,END,DOWN,0,A2095,,12:13:00,서울역,인천공항2터미널
26862,공항철도,,청라국제도시,SAT,DOWN,0,A2095,,12:18:00,서울역,인천공항2터미널
26863,공항철도,,청라국제도시,END,DOWN,0,A2095,,12:18:00,서울역,인천공항2터미널
26864,공항철도,,영종,SAT,DOWN,0,A2095,,12:26:00,서울역,인천공항2터미널
26865,공항철도,,영종,END,DOWN,0,A2095,,12:26:00,서울역,인천공항2터미널
26866,공항철도,,운서,SAT,DOWN,0,A2095,,12:30:00,서울역,인천공항2터미널
26867,공항철도,,운서,END,DOWN,0,A2095,,12:30:00,서울역,인천공항2터미널
26868,공항철도,,공항화물청사,SAT,DOWN,0,A2095,,12:35:00,서울역,인천공항2터미널
26869,공항철도,,공항화물청사,END,DOWN,0,A2095,,12:35:00,서울역,인천공항2터미널
26870,공항철도,,인천공항1터미널,SAT,DOWN,0,A2095,,12:39:00,서울역,인천공항2터미널
26871,공항철도,,인천공항1터미널,END,DOWN,0,A2095,,12:39:00,서울역,인천공항2터미널
26872,공항철도,,인천공항2터미널,DAY,DOWN,0,A2096,,11:06:00,인천공항2터미널,서울역
26873,공항철도,,인천공항1터미널,DAY,DOWN,0,A2096,,11:12:00,인천공항2터미널,서울역
26874,공항철도,,공항화물청사,DAY,DOWN,0,A2096,,11:16:00,인천공항2터미널,서울역
26875,공항철도,,운서,DAY,DOWN,0,A2096,,11:20:00,인천공항2터미널,서울역
26876,공항철도,,영종,DAY,DOWN,0,A2096,,11:24:00,인천공항2터미널,서울역
26877,공항철도,,청라국제도시,DAY,DOWN,0,A2096,,11:33:00,인천공항2터미널,서울역
26878,공항철도,,검암,DAY,DOWN,0,A2096,,11:38:00,인천공항2터미널,서울역
26879,공항철도,,계양,DAY,DOWN,0,A2096,,11:44:00,인천공항2터미널,서울역
26880,공항철도,,김포공항,DAY,DOWN,0,A2096,,11:50:00,인천공항2터미널,서울역
26881,공항철도,,마곡나루,DAY,DOWN,0,A2096,,11:53:00,인천공항2터미널,서울역
26882,공항철도,,디지털미디어시티,DAY,DOWN,0,A2096,,12:01:00,인천공항2터미널,서울역
26883,공항철도,,홍대입구,DAY,DOWN,0,A2096,,12:05:00,인천공항2터미널,서울역
26884,공항철도,,공덕,DAY,DOWN,0,A2096,,12:08:00,인천공항2터미널,서울역
26885,공항철도,,인천공항2터미널,SAT,DOWN,0,A2096,,10:43:00,인천공항2터미널,서울역
26886,공항철도,,인천공항2터미널,END,DOWN,0,A2096,,10:43:00,인천공항2터미널,서울역
26887,공항철도,,인천공항1터미널,SAT,DOWN,0,A2096,,10:50:00,인천공항2터미널,서울역
26888,공항철도,,인천공항1터미널,END,DOWN,0,A2096,,10:50:00,인천공항2터미널,서울역
26889,공항철도,,공항화물청사,SAT,DOWN,0,A2096,,10:53:00,인천공항2터미널,서울역
26890,공항철도,,공항화물청사,END,DOWN,0,A2096,,10:53:00,인천공항2터미널,서울역
26891,공항철도,,운서,SAT,DOWN,0,A2096,,10:58:00,인천공항2터미널,서울역
26892,공항철도,,운서,END,DOWN,0,A2096,,10:58:00,인천공항2터미널,서울역
26893,공항철도,,영종,SAT,DOWN,0,A2096,,11:02:00,인천공항2터미널,서울역
26894,공항철도,,영종,END,DOWN,0,A2096,,11:02:00,인천공항2터미널,서울역
26895,공항철도,,청라국제도시,SAT,DOWN,0,A2096,,11:10:00,인천공항2터미널,서울역
26896,공항철도,,청라국제도시,END,DOWN,0,A2096,,11:10:00,인천공항2터미널,서울역
26897,공항철도,,검암,SAT,DOWN,0,A2096,,11:17:00,인천공항2터미널,서울역
26898,공항철도,,검암,END,DOWN,0,A2096,,11:17:00,인천공항2터미널,서울역
26899,공항철도,,계양,SAT,DOWN,0,A2096,,11:23:00,인천공항2터미널,서울역
26900,공항철도,,계양,END,DOWN,0,A2096,,11:23:00,인천공항2터미널,서울역
26901,공항철도,,김포공항,SAT,DOWN,0,A2096,,11:29:00,인천공항2터미널,서울역
26902,공항철도,,김포공항,END,DOWN,0,A2096,,11:29:00,인천공항2터미널,서울역
26903,공항철도,,마곡나루,SAT,DOWN,0,A2096,,11:32:00,인천공항2터미널,서울역
26904,공항철도,,마곡나루,END,DOWN,0,A2096,,11:32:00,인천공항2터미널,서울역
26905,공항철도,,디지털미디어시티,SAT,DOWN,0,A2096,,11:40:00,인천공항2터미널,서울역
26906,공항철도,,디지털미디어시티,END,DOWN,0,A2096,,11:40:00,인천공항2터미널,서울역
26907,공항철도,,홍대입구,SAT,DOWN,0,A2096,,11:44:00,인천공항2터미널,서울역
26908,공항철도,,홍대입구,END,DOWN,0,A2096,,11:44:00,인천공항2터미널,서울역
26909,공항철도,,공덕,SAT,DOWN,0,A2096,,11:47:00,인천공항2터미널,서울역
26910,공항철도,,공덕,END,DOWN,0,A2096,,11:47:00,인천공항2터미널,서울역
26911,공항철도,,서울역,DAY,DOWN,0,A2097,,12:25:00,서울역,인천공항2터미널
26912,공항철도,,공덕,DAY,DOWN,0,A2097,,12:29:00,서울역,인천공항2터미널
26913,공항철도,,홍대입구,DAY,DOWN,0,A2097,,12:33:00,서울역,인천공항2터미널
26914,공항철도,,디지털미디어시티,DAY,DOWN,0,A2097,,12:37:00,서울역,인천공항2터미널
26915,공항철도,,마곡나루,DAY,DOWN,0,A2097,,12:44:00,서울역,인천공항2터미널
26916,공항철도,,김포공항,DAY,DOWN,0,A2097,,12:47:00,서울역,인천공항2터미널
26917,공항철도,,계양,DAY,DOWN,0,A2097,,12:54:00,서울역,인천공항2터미널
26918,공항철도,,검암,DAY,DOWN,0,A2097,,13:00:00,서울역,인천공항2터미널
26919,공항철도,,청라국제도시,DAY,DOWN,0,A2097,,13:05:00,서울역,인천공항2터미널
26920,공항철도,,영종,DAY,DOWN,0,A2097,,13:13:00,서울역,인천공항2터미널
26921,공항철도,,운서,DAY,DOWN,0,A2097,,13:17:00,서울역,인천공항2터미널
26922,공항철도,,공항화물청사,DAY,DOWN,0,A2097,,13:22:00,서울역,인천공항2터미널
26923,공항철도,,인천공항1터미널,DAY,DOWN,0,A2097,,13:26:00,서울역,인천공항2터미널
26924,공항철도,,서울역,SAT,DOWN,0,A2097,,11:43:00,서울역,인천공항2터미널
26925,공항철도,,서울역,END,DOWN,0,A2097,,11:43:00,서울역,인천공항2터미널
26926,공항철도,,공덕,SAT,DOWN,0,A2097,,11:48:00,서울역,인천공항2터미널
26927,공항철도,,공덕,END,DOWN,0,A2097,,11:48:00,서울역,인천공항2터미널
26928,공항철도,,홍대입구,SAT,DOWN,0,A2097,,11:51:00,서울역,인천공항2터미널
26929,공항철도,,홍대입구,END,DOWN,0,A2097,,11:51:00,서울역,인천공항2터미널
26930,공항철도,,디지털미디어시티,SAT,DOWN,0,A2097,,11:55:00,서울역,인천공항2터미널
26931,공항철도,,디지털미디어시티,END,DOWN,0,A2097,,11:55:00,서울역,인천공항2터미널
26932,공항철도,,마곡나루,SAT,DOWN,0,A2097,,12:03:00,서울역,인천공항2터미널
26933,공항철도,,마곡나루,END,DOWN,0,A2097,,12:03:00,서울역,인천공항2터미널
26934,공항철도,,김포공항,SAT,DOWN,0,A2097,,12:06:00,서울역,인천공항2터미널
26935,공항철도,,김포공항,END,DOWN,0,A2097,,12:06:00,서울역,인천공항2터미널
26936,공항철도,,계양,SAT,DOWN,0,A2097,,12:12:00,서울역,인천공항2터미널
26937,공항철도,,계양,END,DOWN,0,A2097,,12:12:00,서울역,인천공항2터미널
26938,공항철도,,검암,SAT,DOWN,0,A2097,,12:18:00,서울역,인천공항2터미널
26939,공항철도,,검암,END,DOWN,0,A2097,,12:18:00,서울역,인천공항2터미널
26940,공항철도,,청라국제도시,SAT,DOWN,0,A2097,,12:23:00,서울역,인천공항2터미널
26941,공항철도,,청라국제도시,END,DOWN,0,A2097,,12:23:00,서울역,인천공항2터미널
26942,공항철도,,영종,SAT,DOWN,0,A2097,,12:32:00,서울역,인천공항2터미널
26943,공항철도,,영종,END,DOWN,0,A2097,,12:32:00,서울역,인천공항2터미널
26944,공항철도,,운서,SAT,DOWN,0,A2097,,12:36:00,서울역,인천공항2터미널
26945,공항철도,,운서,END,DOWN,0,A2097,,12:36:00,서울역,인천공항2터미널
26946,공항철도,,공항화물청사,SAT,DOWN,0,A2097,,12:40:00,서울역,인천공항2터미널
26947,공항철도,,공항화물청사,END,DOWN,0,A2097,,12:40:00,서울역,인천공항2터미널
26948,공항철도,,인천공항1터미널,SAT,DOWN,0,A2097,,12:44:00,서울역,인천공항2터미널
26949,공항철도,,인천공항1터미널,END,DOWN,0,A2097,,12:44:00,서울역,인천공항2터미널
26950,공항철도,,인천공항2터미널,DAY,DOWN,0,A2098,,11:17:00,인천공항2터미널,서울역
26951,공항철도,,인천공항1터미널,DAY,DOWN,0,A2098,,11:23:00,인천공항2터미널,서울역
26952,공항철도,,공항화물청사,DAY,DOWN,0,A2098,,11:27:00,인천공항2터미널,서울역
26953,공항철도,,운서,DAY,DOWN,0,A2098,,11:31:00,인천공항2터미널,서울역
26954,공항철도,,영종,DAY,DOWN,0,A2098,,11:35:00,인천공항2터미널,서울역
26955,공항철도,,청라국제도시,DAY,DOWN,0,A2098,,11:44:00,인천공항2터미널,서울역
26956,공항철도,,검암,DAY,DOWN,0,A2098,,11:49:00,인천공항2터미널,서울역
26957,공항철도,,계양,DAY,DOWN,0,A2098,,11:55:00,인천공항2터미널,서울역
26958,공항철도,,김포공항,DAY,DOWN,0,A2098,,12:01:00,인천공항2터미널,서울역
26959,공항철도,,마곡나루,DAY,DOWN,0,A2098,,12:04:00,인천공항2터미널,서울역
26960,공항철도,,디지털미디어시티,DAY,DOWN,0,A2098,,12:13:00,인천공항2터미널,서울역
26961,공항철도,,홍대입구,DAY,DOWN,0,A2098,,12:17:00,인천공항2터미널,서울역
26962,공항철도,,공덕,DAY,DOWN,0,A2098,,12:21:00,인천공항2터미널,서울역
26963,공항철도,,인천공항2터미널,SAT,DOWN,0,A2098,,10:53:00,인천공항2터미널,서울역
26964,공항철도,,인천공항2터미널,END,DOWN,0,A2098,,10:53:00,인천공항2터미널,서울역
26965,공항철도,,인천공항1터미널,SAT,DOWN,0,A2098,,11:00:00,인천공항2터미널,서울역
26966,공항철도,,인천공항1터미널,END,DOWN,0,A2098,,11:00:00,인천공항2터미널,서울역
26967,공항철도,,공항화물청사,SAT,DOWN,0,A2098,,11:03:00,인천공항2터미널,서울역
26968,공항철도,,공항화물청사,END,DOWN,0,A2098,,11:03:00,인천공항2터미널,서울역
26969,공항철도,,운서,SAT,DOWN,0,A2098,,11:08:00,인천공항2터미널,서울역
26970,공항철도,,운서,END,DOWN,0,A2098,,11:08:00,인천공항2터미널,서울역
26971,공항철도,,영종,SAT,DOWN,0,A2098,,11:12:00,인천공항2터미널,서울역
26972,공항철도,,영종,END,DOWN,0,A2098,,11:12:00,인천공항2터미널,서울역
26973,공항철도,,청라국제도시,SAT,DOWN,0,A2098,,11:20:00,인천공항2터미널,서울역
26974,공항철도,,청라국제도시,END,DOWN,0,A2098,,11:20:00,인천공항2터미널,서울역
26975,공항철도,,검암,SAT,DOWN,0,A2098,,11:25:00,인천공항2터미널,서울역
26976,공항철도,,검암,END,DOWN,0,A2098,,11:25:00,인천공항2터미널,서울역
26977,공항철도,,계양,SAT,DOWN,0,A2098,,11:31:00,인천공항2터미널,서울역
26978,공항철도,,계양,END,DOWN,0,A2098,,11:31:00,인천공항2터미널,서울역
26979,공항철도,,김포공항,SAT,DOWN,0,A2098,,11:38:00,인천공항2터미널,서울역
26980,공항철도,,김포공항,END,DOWN,0,A2098,,11:38:00,인천공항2터미널,서울역
26981,공항철도,,마곡나루,SAT,DOWN,0,A2098,,11:41:00,인천공항2터미널,서울역
26982,공항철도,,마곡나루,END,DOWN,0,A2098,,11:41:00,인천공항2터미널,서울역
26983,공항철도,,디지털미디어시티,SAT,DOWN,0,A2098,,11:48:00,인천공항2터미널,서울역
26984,공항철도,,디지털미디어시티,END,DOWN,0,A2098,,11:48:00,인천공항2터미널,서울역
26985,공항철도,,홍대입구,SAT,DOWN,0,A2098,,11:52:00,인천공항2터미널,서울역
26986,공항철도,,홍대입구,END,DOWN,0,A2098,,11:52:00,인천공항2터미널,서울역
26987,공항철도,,공덕,SAT,DOWN,0,A2098,,11:56:00,인천공항2터미널,서울역
26988,공항철도,,공덕,END,DOWN,0,A2098,,11:56:00,인천공항2터미널,서울역
26989,공항철도,,서울역,DAY,DOWN,0,A2099,,12:31:00,서울역,인천공항2터미널
26990,공항철도,,공덕,DAY,DOWN,0,A2099,,12:36:00,서울역,인천공항2터미널
26991,공항철도,,홍대입구,DAY,DOWN,0,A2099,,12:39:00,서울역,인천공항2터미널
26992,공항철도,,디지털미디어시티,DAY,DOWN,0,A2099,,12:43:00,서울역,인천공항2터미널
26993,공항철도,,마곡나루,DAY,DOWN,0,A2099,,12:51:00,서울역,인천공항2터미널
26994,공항철도,,김포공항,DAY,DOWN,0,A2099,,12:54:00,서울역,인천공항2터미널
26995,공항철도,,계양,DAY,DOWN,0,A2099,,13:00:00,서울역,인천공항2터미널
26996,공항철도,,검암,DAY,DOWN,0,A2099,,13:06:00,서울역,인천공항2터미널
26997,공항철도,,청라국제도시,DAY,DOWN,0,A2099,,13:11:00,서울역,인천공항2터미널
26998,공항철도,,영종,DAY,DOWN,0,A2099,,13:20:00,서울역,인천공항2터미널
26999,공항철도,,운서,DAY,DOWN,0,A2099,,13:24:00,서울역,인천공항2터미널
27000,공항철도,,공항화물청사,DAY,DOWN,0,A2099,,13:28:00,서울역,인천공항2터미널
27001,공항철도,,인천공항1터미널,DAY,DOWN,0,A2099,,13:32:00,서울역,인천공항2터미널
27002,공항철도,,서울역,SAT,DOWN,0,A2099,,11:51:00,서울역,인천공항2터미널
27003,공항철도,,서울역,END,DOWN,0,A2099,,11:51:00,서울역,인천공항2터미널
27004,공항철도,,공덕,SAT,DOWN,0,A2099,,11:55:00,서울역,인천공항2터미널
27005,공항철도,,공덕,END,DOWN,0,A2099,,11:55:00,서울역,인천공항2터미널
27006,공항철도,,홍대입구,SAT,DOWN,0,A2099,,11:59:00,서울역,인천공항2터미널
27007,공항철도,,홍대입구,END,DOWN,0,A2099,,11:59:00,서울역,인천공항2터미널
27008,공항철도,,디지털미디어시티,SAT,DOWN,0,A2099,,12:03:00,서울역,인천공항2터미널
27009,공항철도,,디지털미디어시티,END,DOWN,0,A2099,,12:03:00,서울역,인천공항2터미널
27010,공항철도,,마곡나루,SAT,DOWN,0,A2099,,12:10:00,서울역,인천공항2터미널
27011,공항철도,,마곡나루,END,DOWN,0,A2099,,12:10:00,서울역,인천공항2터미널
27012,공항철도,,김포공항,SAT,DOWN,0,A2099,,12:13:00,서울역,인천공항2터미널
27013,공항철도,,김포공항,END,DOWN,0,A2099,,12:13:00,서울역,인천공항2터미널
27014,공항철도,,계양,SAT,DOWN,0,A2099,,12:20:00,서울역,인천공항2터미널
27015,공항철도,,계양,END,DOWN,0,A2099,,12:20:00,서울역,인천공항2터미널
27016,공항철도,,검암,SAT,DOWN,0,A2099,,12:26:00,서울역,인천공항2터미널
27017,공항철도,,검암,END,DOWN,0,A2099,,12:26:00,서울역,인천공항2터미널
27018,공항철도,,청라국제도시,SAT,DOWN,0,A2099,,12:31:00,서울역,인천공항2터미널
27019,공항철도,,청라국제도시,END,DOWN,0,A2099,,12:31:00,서울역,인천공항2터미널
27020,공항철도,,영종,SAT,DOWN,0,A2099,,12:39:00,서울역,인천공항2터미널
27021,공항철도,,영종,END,DOWN,0,A2099,,12:39:00,서울역,인천공항2터미널
27022,공항철도,,운서,SAT,DOWN,0,A2099,,12:43:00,서울역,인천공항2터미널
27023,공항철도,,운서,END,DOWN,0,A2099,,12:43:00,서울역,인천공항2터미널
27024,공항철도,,공항화물청사,SAT,DOWN,0,A2099,,12:48:00,서울역,인천공항2터미널
27025,공항철도,,공항화물청사,END,DOWN,0,A2099,,12:48:00,서울역,인천공항2터미널
27026,공항철도,,인천공항1터미널,SAT,DOWN,0,A2099,,12:52:00,서울역,인천공항2터미널
27027,공항철도,,인천공항1터미널,END,DOWN,0,A2099,,12:52:00,서울역,인천공항2터미널
27028,공항철도,,인천공항2터미널,DAY,DOWN,0,A2100,,11:27:00,인천공항2터미널,서울역
27029,공항철도,,인천공항1터미널,DAY,DOWN,0,A2100,,11:34:00,인천공항2터미널,서울역
27030,공항철도,,공항화물청사,DAY,DOWN,0,A2100,,11:37:00,인천공항2터미널,서울역
27031,공항철도,,운서,DAY,DOWN,0,A2100,,11:42:00,인천공항2터미널,서울역
27032,공항철도,,영종,DAY,DOWN,0,A2100,,11:47:00,인천공항2터미널,서울역
27033,공항철도,,청라국제도시,DAY,DOWN,0,A2100,,11:56:00,인천공항2터미널,서울역
27034,공항철도,,검암,DAY,DOWN,0,A2100,,12:01:00,인천공항2터미널,서울역
27035,공항철도,,계양,DAY,DOWN,0,A2100,,12:07:00,인천공항2터미널,서울역
27036,공항철도,,김포공항,DAY,DOWN,0,A2100,,12:13:00,인천공항2터미널,서울역
27037,공항철도,,마곡나루,DAY,DOWN,0,A2100,,12:16:00,인천공항2터미널,서울역
27038,공항철도,,디지털미디어시티,DAY,DOWN,0,A2100,,12:24:00,인천공항2터미널,서울역
27039,공항철도,,홍대입구,DAY,DOWN,0,A2100,,12:28:00,인천공항2터미널,서울역
27040,공항철도,,공덕,DAY,DOWN,0,A2100,,12:31:00,인천공항2터미널,서울역
27041,공항철도,,인천공항2터미널,SAT,DOWN,0,A2100,,11:02:00,인천공항2터미널,서울역
27042,공항철도,,인천공항2터미널,END,DOWN,0,A2100,,11:02:00,인천공항2터미널,서울역
27043,공항철도,,인천공항1터미널,SAT,DOWN,0,A2100,,11:08:00,인천공항2터미널,서울역
27044,공항철도,,인천공항1터미널,END,DOWN,0,A2100,,11:08:00,인천공항2터미널,서울역
27045,공항철도,,공항화물청사,SAT,DOWN,0,A2100,,11:12:00,인천공항2터미널,서울역
27046,공항철도,,공항화물청사,END,DOWN,0,A2100,,11:12:00,인천공항2터미널,서울역
27047,공항철도,,운서,SAT,DOWN,0,A2100,,11:16:00,인천공항2터미널,서울역
27048,공항철도,,운서,END,DOWN,0,A2100,,11:16:00,인천공항2터미널,서울역
27049,공항철도,,영종,SAT,DOWN,0,A2100,,11:20:00,인천공항2터미널,서울역
27050,공항철도,,영종,END,DOWN,0,A2100,,11:20:00,인천공항2터미널,서울역
27051,공항철도,,청라국제도시,SAT,DOWN,0,A2100,,11:29:00,인천공항2터미널,서울역
27052,공항철도,,청라국제도시,END,DOWN,0,A2100,,11:29:00,인천공항2터미널,서울역
27053,공항철도,,검암,SAT,DOWN,0,A2100,,11:34:00,인천공항2터미널,서울역
27054,공항철도,,검암,END,DOWN,0,A2100,,11:34:00,인천공항2터미널,서울역
27055,공항철도,,계양,SAT,DOWN,0,A2100,,11:40:00,인천공항2터미널,서울역
27056,공항철도,,계양,END,DOWN,0,A2100,,11:40:00,인천공항2터미널,서울역
27057,공항철도,,김포공항,SAT,DOWN,0,A2100,,11:46:00,인천공항2터미널,서울역
27058,공항철도,,김포공항,END,DOWN,0,A2100,,11:46:00,인천공항2터미널,서울역
27059,공항철도,,마곡나루,SAT,DOWN,0,A2100,,11:49:00,인천공항2터미널,서울역
27060,공항철도,,마곡나루,END,DOWN,0,A2100,,11:49:00,인천공항2터미널,서울역
27061,공항철도,,디지털미디어시티,SAT,DOWN,0,A2100,,11:57:00,인천공항2터미널,서울역
27062,공항철도,,디지털미디어시티,END,DOWN,0,A2100,,11:57:00,인천공항2터미널,서울역
27063,공항철도,,홍대입구,SAT,DOWN,0,A2100,,12:01:00,인천공항2터미널,서울역
27064,공항철도,,홍대입구,END,DOWN,0,A2100,,12:01:00,인천공항2터미널,서울역
27065,공항철도,,공덕,SAT,DOWN,0,A2100,,12:04:00,인천공항2터미널,서울역
27066,공항철도,,공덕,END,DOWN,0,A2100,,12:04:00,인천공항2터미널,서울역
27067,공항철도,,서울역,DAY,DOWN,0,A2101,,12:39:00,서울역,인천공항2터미널
27068,공항철도,,공덕,DAY,DOWN,0,A2101,,12:43:00,서울역,인천공항2터미널
27069,공항철도,,홍대입구,DAY,DOWN,0,A2101,,12:47:00,서울역,인천공항2터미널
27070,공항철도,,디지털미디어시티,DAY,DOWN,0,A2101,,12:51:00,서울역,인천공항2터미널
27071,공항철도,,마곡나루,DAY,DOWN,0,A2101,,12:58:00,서울역,인천공항2터미널
27072,공항철도,,김포공항,DAY,DOWN,0,A2101,,13:01:00,서울역,인천공항2터미널
27073,공항철도,,계양,DAY,DOWN,0,A2101,,13:08:00,서울역,인천공항2터미널
27074,공항철도,,검암,DAY,DOWN,0,A2101,,13:15:00,서울역,인천공항2터미널
27075,공항철도,,청라국제도시,DAY,DOWN,0,A2101,,13:20:00,서울역,인천공항2터미널
27076,공항철도,,영종,DAY,DOWN,0,A2101,,13:29:00,서울역,인천공항2터미널
27077,공항철도,,운서,DAY,DOWN,0,A2101,,13:33:00,서울역,인천공항2터미널
27078,공항철도,,공항화물청사,DAY,DOWN,0,A2101,,13:37:00,서울역,인천공항2터미널
27079,공항철도,,인천공항1터미널,DAY,DOWN,0,A2101,,13:41:00,서울역,인천공항2터미널
27080,공항철도,,서울역,SAT,DOWN,0,A2101,,11:59:00,서울역,인천공항2터미널
27081,공항철도,,서울역,END,DOWN,0,A2101,,11:59:00,서울역,인천공항2터미널
27082,공항철도,,공덕,SAT,DOWN,0,A2101,,12:03:00,서울역,인천공항2터미널
27083,공항철도,,공덕,END,DOWN,0,A2101,,12:03:00,서울역,인천공항2터미널
27084,공항철도,,홍대입구,SAT,DOWN,0,A2101,,12:07:00,서울역,인천공항2터미널
27085,공항철도,,홍대입구,END,DOWN,0,A2101,,12:07:00,서울역,인천공항2터미널
27086,공항철도,,디지털미디어시티,SAT,DOWN,0,A2101,,12:11:00,서울역,인천공항2터미널
27087,공항철도,,디지털미디어시티,END,DOWN,0,A2101,,12:11:00,서울역,인천공항2터미널
27088,공항철도,,마곡나루,SAT,DOWN,0,A2101,,12:18:00,서울역,인천공항2터미널
27089,공항철도,,마곡나루,END,DOWN,0,A2101,,12:18:00,서울역,인천공항2터미널
27090,공항철도,,김포공항,SAT,DOWN,0,A2101,,12:21:00,서울역,인천공항2터미널
27091,공항철도,,김포공항,END,DOWN,0,A2101,,12:21:00,서울역,인천공항2터미널
27092,공항철도,,계양,SAT,DOWN,0,A2101,,12:28:00,서울역,인천공항2터미널
27093,공항철도,,계양,END,DOWN,0,A2101,,12:28:00,서울역,인천공항2터미널
27094,공항철도,,검암,SAT,DOWN,0,A2101,,12:35:00,서울역,인천공항2터미널
27095,공항철도,,검암,END,DOWN,0,A2101,,12:35:00,서울역,인천공항2터미널
27096,공항철도,,청라국제도시,SAT,DOWN,0,A2101,,12:40:00,서울역,인천공항2터미널
27097,공항철도,,청라국제도시,END,DOWN,0,A2101,,12:40:00,서울역,인천공항2터미널
27098,공항철도,,영종,SAT,DOWN,0,A2101,,12:49:00,서울역,인천공항2터미널
27099,공항철도,,영종,END,DOWN,0,A2101,,12:49:00,서울역,인천공항2터미널
27100,공항철도,,운서,SAT,DOWN,0,A2101,,12:53:00,서울역,인천공항2터미널
27101,공항철도,,운서,END,DOWN,0,A2101,,12:53:00,서울역,인천공항2터미널
27102,공항철도,,공항화물청사,SAT,DOWN,0,A2101,,12:57:00,서울역,인천공항2터미널
27103,공항철도,,공항화물청사,END,DOWN,0,A2101,,12:57:00,서울역,인천공항2터미널
27104,공항철도,,인천공항1터미널,SAT,DOWN,0,A2101,,13:01:00,서울역,인천공항2터미널
27105,공항철도,,인천공항1터미널,END,DOWN,0,A2101,,13:01:00,서울역,인천공항2터미널
27106,공항철도,,인천공항2터미널,DAY,DOWN,0,A2102,,11:39:00,인천공항2터미널,서울역
27107,공항철도,,인천공항1터미널,DAY,DOWN,0,A2102,,11:45:00,인천공항2터미널,서울역
27108,공항철도,,공항화물청사,DAY,DOWN,0,A2102,,11:49:00,인천공항2터미널,서울역
27109,공항철도,,운서,DAY,DOWN,0,A2102,,11:53:00,인천공항2터미널,서울역
27110,공항철도,,영종,DAY,DOWN,0,A2102,,11:57:00,인천공항2터미널,서울역
27111,공항철도,,청라국제도시,DAY,DOWN,0,A2102,,12:06:00,인천공항2터미널,서울역
27112,공항철도,,검암,DAY,DOWN,0,A2102,,12:11:00,인천공항2터미널,서울역
27113,공항철도,,계양,DAY,DOWN,0,A2102,,12:17:00,인천공항2터미널,서울역
27114,공항철도,,김포공항,DAY,DOWN,0,A2102,,12:23:00,인천공항2터미널,서울역
27115,공항철도,,마곡나루,DAY,DOWN,0,A2102,,12:26:00,인천공항2터미널,서울역
27116,공항철도,,디지털미디어시티,DAY,DOWN,0,A2102,,12:34:00,인천공항2터미널,서울역
27117,공항철도,,홍대입구,DAY,DOWN,0,A2102,,12:38:00,인천공항2터미널,서울역
27118,공항철도,,공덕,DAY,DOWN,0,A2102,,12:41:00,인천공항2터미널,서울역
27119,공항철도,,인천공항2터미널,SAT,DOWN,0,A2102,,11:10:00,인천공항2터미널,서울역
27120,공항철도,,인천공항2터미널,END,DOWN,0,A2102,,11:10:00,인천공항2터미널,서울역
27121,공항철도,,인천공항1터미널,SAT,DOWN,0,A2102,,11:17:00,인천공항2터미널,서울역
27122,공항철도,,인천공항1터미널,END,DOWN,0,A2102,,11:17:00,인천공항2터미널,서울역
27123,공항철도,,공항화물청사,SAT,DOWN,0,A2102,,11:20:00,인천공항2터미널,서울역
27124,공항철도,,공항화물청사,END,DOWN,0,A2102,,11:20:00,인천공항2터미널,서울역
27125,공항철도,,운서,SAT,DOWN,0,A2102,,11:25:00,인천공항2터미널,서울역
27126,공항철도,,운서,END,DOWN,0,A2102,,11:25:00,인천공항2터미널,서울역
27127,공항철도,,영종,SAT,DOWN,0,A2102,,11:29:00,인천공항2터미널,서울역
27128,공항철도,,영종,END,DOWN,0,A2102,,11:29:00,인천공항2터미널,서울역
27129,공항철도,,청라국제도시,SAT,DOWN,0,A2102,,11:37:00,인천공항2터미널,서울역
27130,공항철도,,청라국제도시,END,DOWN,0,A2102,,11:37:00,인천공항2터미널,서울역
27131,공항철도,,검암,SAT,DOWN,0,A2102,,11:42:00,인천공항2터미널,서울역
27132,공항철도,,검암,END,DOWN,0,A2102,,11:42:00,인천공항2터미널,서울역
27133,공항철도,,계양,SAT,DOWN,0,A2102,,11:48:00,인천공항2터미널,서울역
27134,공항철도,,계양,END,DOWN,0,A2102,,11:48:00,인천공항2터미널,서울역
27135,공항철도,,김포공항,SAT,DOWN,0,A2102,,11:55:00,인천공항2터미널,서울역
27136,공항철도,,김포공항,END,DOWN,0,A2102,,11:55:00,인천공항2터미널,서울역
27137,공항철도,,마곡나루,SAT,DOWN,0,A2102,,11:58:00,인천공항2터미널,서울역
27138,공항철도,,마곡나루,END,DOWN,0,A2102,,11:58:00,인천공항2터미널,서울역
27139,공항철도,,디지털미디어시티,SAT,DOWN,0,A2102,,12:05:00,인천공항2터미널,서울역
27140,공항철도,,디지털미디어시티,END,DOWN,0,A2102,,12:05:00,인천공항2터미널,서울역
27141,공항철도,,홍대입구,SAT,DOWN,0,A2102,,12:09:00,인천공항2터미널,서울역
27142,공항철도,,홍대입구,END,DOWN,0,A2102,,12:09:00,인천공항2터미널,서울역
27143,공항철도,,공덕,SAT,DOWN,0,A2102,,12:13:00,인천공항2터미널,서울역
27144,공항철도,,공덕,END,DOWN,0,A2102,,12:13:00,인천공항2터미널,서울역
27145,공항철도,,서울역,DAY,DOWN,0,A2103,,12:45:00,서울역,인천공항2터미널
27146,공항철도,,공덕,DAY,DOWN,0,A2103,,12:50:00,서울역,인천공항2터미널
27147,공항철도,,홍대입구,DAY,DOWN,0,A2103,,12:53:00,서울역,인천공항2터미널
27148,공항철도,,디지털미디어시티,DAY,DOWN,0,A2103,,12:59:00,서울역,인천공항2터미널
27149,공항철도,,마곡나루,DAY,DOWN,0,A2103,,13:06:00,서울역,인천공항2터미널
27150,공항철도,,김포공항,DAY,DOWN,0,A2103,,13:09:00,서울역,인천공항2터미널
27151,공항철도,,계양,DAY,DOWN,0,A2103,,13:16:00,서울역,인천공항2터미널
27152,공항철도,,검암,DAY,DOWN,0,A2103,,13:22:00,서울역,인천공항2터미널
27153,공항철도,,청라국제도시,DAY,DOWN,0,A2103,,13:27:00,서울역,인천공항2터미널
27154,공항철도,,영종,DAY,DOWN,0,A2103,,13:35:00,서울역,인천공항2터미널
27155,공항철도,,운서,DAY,DOWN,0,A2103,,13:39:00,서울역,인천공항2터미널
27156,공항철도,,공항화물청사,DAY,DOWN,0,A2103,,13:44:00,서울역,인천공항2터미널
27157,공항철도,,인천공항1터미널,DAY,DOWN,0,A2103,,13:48:00,서울역,인천공항2터미널
27158,공항철도,,서울역,SAT,DOWN,0,A2103,,12:06:00,서울역,인천공항2터미널
27159,공항철도,,서울역,END,DOWN,0,A2103,,12:06:00,서울역,인천공항2터미널
27160,공항철도,,공덕,SAT,DOWN,0,A2103,,12:10:00,서울역,인천공항2터미널
27161,공항철도,,공덕,END,DOWN,0,A2103,,12:10:00,서울역,인천공항2터미널
27162,공항철도,,홍대입구,SAT,DOWN,0,A2103,,12:14:00,서울역,인천공항2터미널
27163,공항철도,,홍대입구,END,DOWN,0,A2103,,12:14:00,서울역,인천공항2터미널
27164,공항철도,,디지털미디어시티,SAT,DOWN,0,A2103,,12:19:00,서울역,인천공항2터미널
27165,공항철도,,디지털미디어시티,END,DOWN,0,A2103,,12:19:00,서울역,인천공항2터미널
27166,공항철도,,마곡나루,SAT,DOWN,0,A2103,,12:27:00,서울역,인천공항2터미널
27167,공항철도,,마곡나루,END,DOWN,0,A2103,,12:27:00,서울역,인천공항2터미널
27168,공항철도,,김포공항,SAT,DOWN,0,A2103,,12:30:00,서울역,인천공항2터미널
27169,공항철도,,김포공항,END,DOWN,0,A2103,,12:30:00,서울역,인천공항2터미널
27170,공항철도,,계양,SAT,DOWN,0,A2103,,12:36:00,서울역,인천공항2터미널
27171,공항철도,,계양,END,DOWN,0,A2103,,12:36:00,서울역,인천공항2터미널
27172,공항철도,,검암,SAT,DOWN,0,A2103,,12:42:00,서울역,인천공항2터미널
27173,공항철도,,검암,END,DOWN,0,A2103,,12:42:00,서울역,인천공항2터미널
27174,공항철도,,청라국제도시,SAT,DOWN,0,A2103,,12:47:00,서울역,인천공항2터미널
27175,공항철도,,청라국제도시,END,DOWN,0,A2103,,12:47:00,서울역,인천공항2터미널
27176,공항철도,,영종,SAT,DOWN,0,A2103,,12:56:00,서울역,인천공항2터미널
27177,공항철도,,영종,END,DOWN,0,A2103,,12:56:00,서울역,인천공항2터미널
27178,공항철도,,운서,SAT,DOWN,0,A2103,,13:00:00,서울역,인천공항2터미널
27179,공항철도,,운서,END,DOWN,0,A2103,,13:00:00,서울역,인천공항2터미널
27180,공항철도,,공항화물청사,SAT,DOWN,0,A2103,,13:04:00,서울역,인천공항2터미널
27181,공항철도,,공항화물청사,END,DOWN,0,A2103,,13:04:00,서울역,인천공항2터미널
27182,공항철도,,인천공항1터미널,SAT,DOWN,0,A2103,,13:08:00,서울역,인천공항2터미널
27183,공항철도,,인천공항1터미널,END,DOWN,0,A2103,,13:08:00,서울역,인천공항2터미널
27184,공항철도,,인천공항2터미널,DAY,DOWN,0,A2104,,11:46:00,인천공항2터미널,서울역
27185,공항철도,,인천공항1터미널,DAY,DOWN,0,A2104,,11:53:00,인천공항2터미널,서울역
27186,공항철도,,공항화물청사,DAY,DOWN,0,A2104,,11:56:00,인천공항2터미널,서울역
27187,공항철도,,운서,DAY,DOWN,0,A2104,,12:01:00,인천공항2터미널,서울역
27188,공항철도,,영종,DAY,DOWN,0,A2104,,12:05:00,인천공항2터미널,서울역
27189,공항철도,,청라국제도시,DAY,DOWN,0,A2104,,12:13:00,인천공항2터미널,서울역
27190,공항철도,,검암,DAY,DOWN,0,A2104,,12:18:00,인천공항2터미널,서울역
27191,공항철도,,계양,DAY,DOWN,0,A2104,,12:24:00,인천공항2터미널,서울역
27192,공항철도,,김포공항,DAY,DOWN,0,A2104,,12:31:00,인천공항2터미널,서울역
27193,공항철도,,마곡나루,DAY,DOWN,0,A2104,,12:34:00,인천공항2터미널,서울역
27194,공항철도,,디지털미디어시티,DAY,DOWN,0,A2104,,12:41:00,인천공항2터미널,서울역
27195,공항철도,,홍대입구,DAY,DOWN,0,A2104,,12:45:00,인천공항2터미널,서울역
27196,공항철도,,공덕,DAY,DOWN,0,A2104,,12:49:00,인천공항2터미널,서울역
27197,공항철도,,인천공항2터미널,SAT,DOWN,0,A2104,,11:17:00,인천공항2터미널,서울역
27198,공항철도,,인천공항2터미널,END,DOWN,0,A2104,,11:17:00,인천공항2터미널,서울역
27199,공항철도,,인천공항1터미널,SAT,DOWN,0,A2104,,11:24:00,인천공항2터미널,서울역
27200,공항철도,,인천공항1터미널,END,DOWN,0,A2104,,11:24:00,인천공항2터미널,서울역
27201,공항철도,,공항화물청사,SAT,DOWN,0,A2104,,11:27:00,인천공항2터미널,서울역
27202,공항철도,,공항화물청사,END,DOWN,0,A2104,,11:27:00,인천공항2터미널,서울역
27203,공항철도,,운서,SAT,DOWN,0,A2104,,11:32:00,인천공항2터미널,서울역
27204,공항철도,,운서,END,DOWN,0,A2104,,11:32:00,인천공항2터미널,서울역
27205,공항철도,,영종,SAT,DOWN,0,A2104,,11:36:00,인천공항2터미널,서울역
27206,공항철도,,영종,END,DOWN,0,A2104,,11:36:00,인천공항2터미널,서울역
27207,공항철도,,청라국제도시,SAT,DOWN,0,A2104,,11:44:00,인천공항2터미널,서울역
27208,공항철도,,청라국제도시,END,DOWN,0,A2104,,11:44:00,인천공항2터미널,서울역
27209,공항철도,,검암,SAT,DOWN,0,A2104,,11:49:00,인천공항2터미널,서울역
27210,공항철도,,검암,END,DOWN,0,A2104,,11:49:00,인천공항2터미널,서울역
27211,공항철도,,계양,SAT,DOWN,0,A2104,,11:55:00,인천공항2터미널,서울역
27212,공항철도,,계양,END,DOWN,0,A2104,,11:55:00,인천공항2터미널,서울역
27213,공항철도,,김포공항,SAT,DOWN,0,A2104,,12:02:00,인천공항2터미널,서울역
27214,공항철도,,김포공항,END,DOWN,0,A2104,,12:02:00,인천공항2터미널,서울역
27215,공항철도,,마곡나루,SAT,DOWN,0,A2104,,12:05:00,인천공항2터미널,서울역
27216,공항철도,,마곡나루,END,DOWN,0,A2104,,12:05:00,인천공항2터미널,서울역
27217,공항철도,,디지털미디어시티,SAT,DOWN,0,A2104,,12:14:00,인천공항2터미널,서울역
27218,공항철도,,디지털미디어시티,END,DOWN,0,A2104,,12:14:00,인천공항2터미널,서울역
27219,공항철도,,홍대입구,SAT,DOWN,0,A2104,,12:18:00,인천공항2터미널,서울역
27220,공항철도,,홍대입구,END,DOWN,0,A2104,,12:18:00,인천공항2터미널,서울역
27221,공항철도,,공덕,SAT,DOWN,0,A2104,,12:21:00,인천공항2터미널,서울역
27222,공항철도,,공덕,END,DOWN,0,A2104,,12:21:00,인천공항2터미널,서울역
27223,공항철도,,서울역,DAY,DOWN,0,A2105,,12:52:00,서울역,인천공항2터미널
27224,공항철도,,공덕,DAY,DOWN,0,A2105,,12:56:00,서울역,인천공항2터미널
27225,공항철도,,홍대입구,DAY,DOWN,0,A2105,,13:00:00,서울역,인천공항2터미널
27226,공항철도,,디지털미디어시티,DAY,DOWN,0,A2105,,13:04:00,서울역,인천공항2터미널
27227,공항철도,,마곡나루,DAY,DOWN,0,A2105,,13:11:00,서울역,인천공항2터미널
27228,공항철도,,김포공항,DAY,DOWN,0,A2105,,13:14:00,서울역,인천공항2터미널
27229,공항철도,,계양,DAY,DOWN,0,A2105,,13:21:00,서울역,인천공항2터미널
27230,공항철도,,검암,DAY,DOWN,0,A2105,,13:27:00,서울역,인천공항2터미널
27231,공항철도,,청라국제도시,DAY,DOWN,0,A2105,,13:32:00,서울역,인천공항2터미널
27232,공항철도,,영종,DAY,DOWN,0,A2105,,13:40:00,서울역,인천공항2터미널
27233,공항철도,,운서,DAY,DOWN,0,A2105,,13:44:00,서울역,인천공항2터미널
27234,공항철도,,공항화물청사,DAY,DOWN,0,A2105,,13:49:00,서울역,인천공항2터미널
27235,공항철도,,인천공항1터미널,DAY,DOWN,0,A2105,,13:53:00,서울역,인천공항2터미널
27236,공항철도,,서울역,SAT,DOWN,0,A2105,,12:15:00,서울역,인천공항2터미널
27237,공항철도,,서울역,END,DOWN,0,A2105,,12:15:00,서울역,인천공항2터미널
27238,공항철도,,공덕,SAT,DOWN,0,A2105,,12:19:00,서울역,인천공항2터미널
27239,공항철도,,공덕,END,DOWN,0,A2105,,12:19:00,서울역,인천공항2터미널
27240,공항철도,,홍대입구,SAT,DOWN,0,A2105,,12:23:00,서울역,인천공항2터미널
27241,공항철도,,홍대입구,END,DOWN,0,A2105,,12:23:00,서울역,인천공항2터미널
27242,공항철도,,디지털미디어시티,SAT,DOWN,0,A2105,,12:27:00,서울역,인천공항2터미널
27243,공항철도,,디지털미디어시티,END,DOWN,0,A2105,,12:27:00,서울역,인천공항2터미널
27244,공항철도,,마곡나루,SAT,DOWN,0,A2105,,12:34:00,서울역,인천공항2터미널
27245,공항철도,,마곡나루,END,DOWN,0,A2105,,12:34:00,서울역,인천공항2터미널
27246,공항철도,,김포공항,SAT,DOWN,0,A2105,,12:37:00,서울역,인천공항2터미널
27247,공항철도,,김포공항,END,DOWN,0,A2105,,12:37:00,서울역,인천공항2터미널
27248,공항철도,,계양,SAT,DOWN,0,A2105,,12:44:00,서울역,인천공항2터미널
27249,공항철도,,계양,END,DOWN,0,A2105,,12:44:00,서울역,인천공항2터미널
27250,공항철도,,검암,SAT,DOWN,0,A2105,,12:50:00,서울역,인천공항2터미널
27251,공항철도,,검암,END,DOWN,0,A2105,,12:50:00,서울역,인천공항2터미널
27252,공항철도,,청라국제도시,SAT,DOWN,0,A2105,,12:55:00,서울역,인천공항2터미널
27253,공항철도,,청라국제도시,END,DOWN,0,A2105,,12:55:00,서울역,인천공항2터미널
27254,공항철도,,영종,SAT,DOWN,0,A2105,,13:03:00,서울역,인천공항2터미널
27255,공항철도,,영종,END,DOWN,0,A2105,,13:03:00,서울역,인천공항2터미널
27256,공항철도,,운서,SAT,DOWN,0,A2105,,13:07:00,서울역,인천공항2터미널
27257,공항철도,,운서,END,DOWN,0,A2105,,13:07:00,서울역,인천공항2터미널
27258,공항철도,,공항화물청사,SAT,DOWN,0,A2105,,13:12:00,서울역,인천공항2터미널
27259,공항철도,,공항화물청사,END,DOWN,0,A2105,,13:12:00,서울역,인천공항2터미널
27260,공항철도,,인천공항1터미널,SAT,DOWN,0,A2105,,13:16:00,서울역,인천공항2터미널
27261,공항철도,,인천공항1터미널,END,DOWN,0,A2105,,13:16:00,서울역,인천공항2터미널
27262,공항철도,,인천공항2터미널,DAY,DOWN,0,A2106,,11:57:00,인천공항2터미널,서울역
27263,공항철도,,인천공항1터미널,DAY,DOWN,0,A2106,,12:04:00,인천공항2터미널,서울역
27264,공항철도,,공항화물청사,DAY,DOWN,0,A2106,,12:07:00,인천공항2터미널,서울역
27265,공항철도,,운서,DAY,DOWN,0,A2106,,12:12:00,인천공항2터미널,서울역
27266,공항철도,,영종,DAY,DOWN,0,A2106,,12:16:00,인천공항2터미널,서울역
27267,공항철도,,청라국제도시,DAY,DOWN,0,A2106,,12:24:00,인천공항2터미널,서울역
27268,공항철도,,검암,DAY,DOWN,0,A2106,,12:29:00,인천공항2터미널,서울역
27269,공항철도,,계양,DAY,DOWN,0,A2106,,12:35:00,인천공항2터미널,서울역
27270,공항철도,,김포공항,DAY,DOWN,0,A2106,,12:42:00,인천공항2터미널,서울역
27271,공항철도,,마곡나루,DAY,DOWN,0,A2106,,12:45:00,인천공항2터미널,서울역
27272,공항철도,,디지털미디어시티,DAY,DOWN,0,A2106,,12:54:00,인천공항2터미널,서울역
27273,공항철도,,홍대입구,DAY,DOWN,0,A2106,,12:58:00,인천공항2터미널,서울역
27274,공항철도,,공덕,DAY,DOWN,0,A2106,,13:01:00,인천공항2터미널,서울역
27275,공항철도,,인천공항2터미널,SAT,DOWN,0,A2106,,11:27:00,인천공항2터미널,서울역
27276,공항철도,,인천공항2터미널,END,DOWN,0,A2106,,11:27:00,인천공항2터미널,서울역
27277,공항철도,,인천공항1터미널,SAT,DOWN,0,A2106,,11:33:00,인천공항2터미널,서울역
27278,공항철도,,인천공항1터미널,END,DOWN,0,A2106,,11:33:00,인천공항2터미널,서울역
27279,공항철도,,공항화물청사,SAT,DOWN,0,A2106,,11:37:00,인천공항2터미널,서울역
27280,공항철도,,공항화물청사,END,DOWN,0,A2106,,11:37:00,인천공항2터미널,서울역
27281,공항철도,,운서,SAT,DOWN,0,A2106,,11:41:00,인천공항2터미널,서울역
27282,공항철도,,운서,END,DOWN,0,A2106,,11:41:00,인천공항2터미널,서울역
27283,공항철도,,영종,SAT,DOWN,0,A2106,,11:47:00,인천공항2터미널,서울역
27284,공항철도,,영종,END,DOWN,0,A2106,,11:47:00,인천공항2터미널,서울역
27285,공항철도,,청라국제도시,SAT,DOWN,0,A2106,,11:55:00,인천공항2터미널,서울역
27286,공항철도,,청라국제도시,END,DOWN,0,A2106,,11:55:00,인천공항2터미널,서울역
27287,공항철도,,검암,SAT,DOWN,0,A2106,,12:00:00,인천공항2터미널,서울역
27288,공항철도,,검암,END,DOWN,0,A2106,,12:00:00,인천공항2터미널,서울역
27289,공항철도,,계양,SAT,DOWN,0,A2106,,12:06:00,인천공항2터미널,서울역
27290,공항철도,,계양,END,DOWN,0,A2106,,12:06:00,인천공항2터미널,서울역
27291,공항철도,,김포공항,SAT,DOWN,0,A2106,,12:13:00,인천공항2터미널,서울역
27292,공항철도,,김포공항,END,DOWN,0,A2106,,12:13:00,인천공항2터미널,서울역
27293,공항철도,,마곡나루,SAT,DOWN,0,A2106,,12:16:00,인천공항2터미널,서울역
27294,공항철도,,마곡나루,END,DOWN,0,A2106,,12:16:00,인천공항2터미널,서울역
27295,공항철도,,디지털미디어시티,SAT,DOWN,0,A2106,,12:23:00,인천공항2터미널,서울역
27296,공항철도,,디지털미디어시티,END,DOWN,0,A2106,,12:23:00,인천공항2터미널,서울역
27297,공항철도,,홍대입구,SAT,DOWN,0,A2106,,12:27:00,인천공항2터미널,서울역
27298,공항철도,,홍대입구,END,DOWN,0,A2106,,12:27:00,인천공항2터미널,서울역
27299,공항철도,,공덕,SAT,DOWN,0,A2106,,12:31:00,인천공항2터미널,서울역
27300,공항철도,,공덕,END,DOWN,0,A2106,,12:31:00,인천공항2터미널,서울역
27301,공항철도,,서울역,DAY,DOWN,0,A2107,,12:58:00,서울역,인천공항2터미널
27302,공항철도,,공덕,DAY,DOWN,0,A2107,,13:03:00,서울역,인천공항2터미널
27303,공항철도,,홍대입구,DAY,DOWN,0,A2107,,13:06:00,서울역,인천공항2터미널
27304,공항철도,,디지털미디어시티,DAY,DOWN,0,A2107,,13:10:00,서울역,인천공항2터미널
27305,공항철도,,마곡나루,DAY,DOWN,0,A2107,,13:18:00,서울역,인천공항2터미널
27306,공항철도,,김포공항,DAY,DOWN,0,A2107,,13:21:00,서울역,인천공항2터미널
27307,공항철도,,계양,DAY,DOWN,0,A2107,,13:27:00,서울역,인천공항2터미널
27308,공항철도,,검암,DAY,DOWN,0,A2107,,13:33:00,서울역,인천공항2터미널
27309,공항철도,,청라국제도시,DAY,DOWN,0,A2107,,13:38:00,서울역,인천공항2터미널
27310,공항철도,,영종,DAY,DOWN,0,A2107,,13:47:00,서울역,인천공항2터미널
27311,공항철도,,운서,DAY,DOWN,0,A2107,,13:51:00,서울역,인천공항2터미널
27312,공항철도,,공항화물청사,DAY,DOWN,0,A2107,,13:55:00,서울역,인천공항2터미널
27313,공항철도,,인천공항1터미널,DAY,DOWN,0,A2107,,13:59:00,서울역,인천공항2터미널
27314,공항철도,,서울역,SAT,DOWN,0,A2107,,12:22:00,서울역,인천공항2터미널
27315,공항철도,,서울역,END,DOWN,0,A2107,,12:22:00,서울역,인천공항2터미널
27316,공항철도,,공덕,SAT,DOWN,0,A2107,,12:27:00,서울역,인천공항2터미널
27317,공항철도,,공덕,END,DOWN,0,A2107,,12:27:00,서울역,인천공항2터미널
27318,공항철도,,홍대입구,SAT,DOWN,0,A2107,,12:30:00,서울역,인천공항2터미널
27319,공항철도,,홍대입구,END,DOWN,0,A2107,,12:30:00,서울역,인천공항2터미널
27320,공항철도,,디지털미디어시티,SAT,DOWN,0,A2107,,12:34:00,서울역,인천공항2터미널
27321,공항철도,,디지털미디어시티,END,DOWN,0,A2107,,12:34:00,서울역,인천공항2터미널
27322,공항철도,,마곡나루,SAT,DOWN,0,A2107,,12:42:00,서울역,인천공항2터미널
27323,공항철도,,마곡나루,END,DOWN,0,A2107,,12:42:00,서울역,인천공항2터미널
27324,공항철도,,김포공항,SAT,DOWN,0,A2107,,12:45:00,서울역,인천공항2터미널
27325,공항철도,,김포공항,END,DOWN,0,A2107,,12:45:00,서울역,인천공항2터미널
27326,공항철도,,계양,SAT,DOWN,0,A2107,,12:51:00,서울역,인천공항2터미널
27327,공항철도,,계양,END,DOWN,0,A2107,,12:51:00,서울역,인천공항2터미널
27328,공항철도,,검암,SAT,DOWN,0,A2107,,12:57:00,서울역,인천공항2터미널
27329,공항철도,,검암,END,DOWN,0,A2107,,12:57:00,서울역,인천공항2터미널
27330,공항철도,,청라국제도시,SAT,DOWN,0,A2107,,13:02:00,서울역,인천공항2터미널
27331,공항철도,,청라국제도시,END,DOWN,0,A2107,,13:02:00,서울역,인천공항2터미널
27332,공항철도,,영종,SAT,DOWN,0,A2107,,13:11:00,서울역,인천공항2터미널
27333,공항철도,,영종,END,DOWN,0,A2107,,13:11:00,서울역,인천공항2터미널
27334,공항철도,,운서,SAT,DOWN,0,A2107,,13:15:00,서울역,인천공항2터미널
27335,공항철도,,운서,END,DOWN,0,A2107,,13:15:00,서울역,인천공항2터미널
27336,공항철도,,공항화물청사,SAT,DOWN,0,A2107,,13:19:00,서울역,인천공항2터미널
27337,공항철도,,공항화물청사,END,DOWN,0,A2107,,13:19:00,서울역,인천공항2터미널
27338,공항철도,,인천공항1터미널,SAT,DOWN,0,A2107,,13:23:00,서울역,인천공항2터미널
27339,공항철도,,인천공항1터미널,END,DOWN,0,A2107,,13:23:00,서울역,인천공항2터미널
27340,공항철도,,인천공항2터미널,DAY,DOWN,0,A2108,,12:03:00,인천공항2터미널,서울역
27341,공항철도,,인천공항1터미널,DAY,DOWN,0,A2108,,12:10:00,인천공항2터미널,서울역
27342,공항철도,,공항화물청사,DAY,DOWN,0,A2108,,12:13:00,인천공항2터미널,서울역
27343,공항철도,,운서,DAY,DOWN,0,A2108,,12:18:00,인천공항2터미널,서울역
27344,공항철도,,영종,DAY,DOWN,0,A2108,,12:22:00,인천공항2터미널,서울역
27345,공항철도,,청라국제도시,DAY,DOWN,0,A2108,,12:30:00,인천공항2터미널,서울역
27346,공항철도,,검암,DAY,DOWN,0,A2108,,12:37:00,인천공항2터미널,서울역
27347,공항철도,,계양,DAY,DOWN,0,A2108,,12:43:00,인천공항2터미널,서울역
27348,공항철도,,김포공항,DAY,DOWN,0,A2108,,12:49:00,인천공항2터미널,서울역
27349,공항철도,,마곡나루,DAY,DOWN,0,A2108,,12:52:00,인천공항2터미널,서울역
27350,공항철도,,디지털미디어시티,DAY,DOWN,0,A2108,,13:00:00,인천공항2터미널,서울역
27351,공항철도,,홍대입구,DAY,DOWN,0,A2108,,13:04:00,인천공항2터미널,서울역
27352,공항철도,,공덕,DAY,DOWN,0,A2108,,13:07:00,인천공항2터미널,서울역
27353,공항철도,,인천공항2터미널,SAT,DOWN,0,A2108,,11:36:00,인천공항2터미널,서울역
27354,공항철도,,인천공항2터미널,END,DOWN,0,A2108,,11:36:00,인천공항2터미널,서울역
27355,공항철도,,인천공항1터미널,SAT,DOWN,0,A2108,,11:42:00,인천공항2터미널,서울역
27356,공항철도,,인천공항1터미널,END,DOWN,0,A2108,,11:42:00,인천공항2터미널,서울역
27357,공항철도,,공항화물청사,SAT,DOWN,0,A2108,,11:46:00,인천공항2터미널,서울역
27358,공항철도,,공항화물청사,END,DOWN,0,A2108,,11:46:00,인천공항2터미널,서울역
27359,공항철도,,운서,SAT,DOWN,0,A2108,,11:50:00,인천공항2터미널,서울역
27360,공항철도,,운서,END,DOWN,0,A2108,,11:50:00,인천공항2터미널,서울역
27361,공항철도,,영종,SAT,DOWN,0,A2108,,11:54:00,인천공항2터미널,서울역
27362,공항철도,,영종,END,DOWN,0,A2108,,11:54:00,인천공항2터미널,서울역
27363,공항철도,,청라국제도시,SAT,DOWN,0,A2108,,12:03:00,인천공항2터미널,서울역
27364,공항철도,,청라국제도시,END,DOWN,0,A2108,,12:03:00,인천공항2터미널,서울역
27365,공항철도,,검암,SAT,DOWN,0,A2108,,12:08:00,인천공항2터미널,서울역
27366,공항철도,,검암,END,DOWN,0,A2108,,12:08:00,인천공항2터미널,서울역
27367,공항철도,,계양,SAT,DOWN,0,A2108,,12:14:00,인천공항2터미널,서울역
27368,공항철도,,계양,END,DOWN,0,A2108,,12:14:00,인천공항2터미널,서울역
27369,공항철도,,김포공항,SAT,DOWN,0,A2108,,12:20:00,인천공항2터미널,서울역
27370,공항철도,,김포공항,END,DOWN,0,A2108,,12:20:00,인천공항2터미널,서울역
27371,공항철도,,마곡나루,SAT,DOWN,0,A2108,,12:23:00,인천공항2터미널,서울역
27372,공항철도,,마곡나루,END,DOWN,0,A2108,,12:23:00,인천공항2터미널,서울역
27373,공항철도,,디지털미디어시티,SAT,DOWN,0,A2108,,12:31:00,인천공항2터미널,서울역
27374,공항철도,,디지털미디어시티,END,DOWN,0,A2108,,12:31:00,인천공항2터미널,서울역
27375,공항철도,,홍대입구,SAT,DOWN,0,A2108,,12:35:00,인천공항2터미널,서울역
27376,공항철도,,홍대입구,END,DOWN,0,A2108,,12:35:00,인천공항2터미널,서울역
27377,공항철도,,공덕,SAT,DOWN,0,A2108,,12:38:00,인천공항2터미널,서울역
27378,공항철도,,공덕,END,DOWN,0,A2108,,12:38:00,인천공항2터미널,서울역
27379,공항철도,,서울역,DAY,DOWN,0,A2109,,13:04:00,서울역,인천공항2터미널
27380,공항철도,,공덕,DAY,DOWN,0,A2109,,13:09:00,서울역,인천공항2터미널
27381,공항철도,,홍대입구,DAY,DOWN,0,A2109,,13:12:00,서울역,인천공항2터미널
27382,공항철도,,디지털미디어시티,DAY,DOWN,0,A2109,,13:16:00,서울역,인천공항2터미널
27383,공항철도,,마곡나루,DAY,DOWN,0,A2109,,13:24:00,서울역,인천공항2터미널
27384,공항철도,,김포공항,DAY,DOWN,0,A2109,,13:27:00,서울역,인천공항2터미널
27385,공항철도,,계양,DAY,DOWN,0,A2109,,13:33:00,서울역,인천공항2터미널
27386,공항철도,,검암,DAY,DOWN,0,A2109,,13:39:00,서울역,인천공항2터미널
27387,공항철도,,청라국제도시,DAY,DOWN,0,A2109,,13:44:00,서울역,인천공항2터미널
27388,공항철도,,영종,DAY,DOWN,0,A2109,,13:53:00,서울역,인천공항2터미널
27389,공항철도,,운서,DAY,DOWN,0,A2109,,13:57:00,서울역,인천공항2터미널
27390,공항철도,,공항화물청사,DAY,DOWN,0,A2109,,14:01:00,서울역,인천공항2터미널
27391,공항철도,,인천공항1터미널,DAY,DOWN,0,A2109,,14:05:00,서울역,인천공항2터미널
27392,공항철도,,서울역,SAT,DOWN,0,A2109,,12:31:00,서울역,인천공항2터미널
27393,공항철도,,서울역,END,DOWN,0,A2109,,12:31:00,서울역,인천공항2터미널
27394,공항철도,,공덕,SAT,DOWN,0,A2109,,12:36:00,서울역,인천공항2터미널
27395,공항철도,,공덕,END,DOWN,0,A2109,,12:36:00,서울역,인천공항2터미널
27396,공항철도,,홍대입구,SAT,DOWN,0,A2109,,12:39:00,서울역,인천공항2터미널
27397,공항철도,,홍대입구,END,DOWN,0,A2109,,12:39:00,서울역,인천공항2터미널
27398,공항철도,,디지털미디어시티,SAT,DOWN,0,A2109,,12:43:00,서울역,인천공항2터미널
27399,공항철도,,디지털미디어시티,END,DOWN,0,A2109,,12:43:00,서울역,인천공항2터미널
27400,공항철도,,마곡나루,SAT,DOWN,0,A2109,,12:51:00,서울역,인천공항2터미널
27401,공항철도,,마곡나루,END,DOWN,0,A2109,,12:51:00,서울역,인천공항2터미널
27402,공항철도,,김포공항,SAT,DOWN,0,A2109,,12:54:00,서울역,인천공항2터미널
27403,공항철도,,김포공항,END,DOWN,0,A2109,,12:54:00,서울역,인천공항2터미널
27404,공항철도,,계양,SAT,DOWN,0,A2109,,13:00:00,서울역,인천공항2터미널
27405,공항철도,,계양,END,DOWN,0,A2109,,13:00:00,서울역,인천공항2터미널
27406,공항철도,,검암,SAT,DOWN,0,A2109,,13:06:00,서울역,인천공항2터미널
27407,공항철도,,검암,END,DOWN,0,A2109,,13:06:00,서울역,인천공항2터미널
27408,공항철도,,청라국제도시,SAT,DOWN,0,A2109,,13:11:00,서울역,인천공항2터미널
27409,공항철도,,청라국제도시,END,DOWN,0,A2109,,13:11:00,서울역,인천공항2터미널
27410,공항철도,,영종,SAT,DOWN,0,A2109,,13:20:00,서울역,인천공항2터미널
27411,공항철도,,영종,END,DOWN,0,A2109,,13:20:00,서울역,인천공항2터미널
27412,공항철도,,운서,SAT,DOWN,0,A2109,,13:24:00,서울역,인천공항2터미널
27413,공항철도,,운서,END,DOWN,0,A2109,,13:24:00,서울역,인천공항2터미널
27414,공항철도,,공항화물청사,SAT,DOWN,0,A2109,,13:28:00,서울역,인천공항2터미널
27415,공항철도,,공항화물청사,END,DOWN,0,A2109,,13:28:00,서울역,인천공항2터미널
27416,공항철도,,인천공항1터미널,SAT,DOWN,0,A2109,,13:32:00,서울역,인천공항2터미널
27417,공항철도,,인천공항1터미널,END,DOWN,0,A2109,,13:32:00,서울역,인천공항2터미널
27418,공항철도,,인천공항2터미널,DAY,DOWN,0,A2110,,12:13:00,인천공항2터미널,서울역
27419,공항철도,,인천공항1터미널,DAY,DOWN,0,A2110,,12:20:00,인천공항2터미널,서울역
27420,공항철도,,공항화물청사,DAY,DOWN,0,A2110,,12:23:00,인천공항2터미널,서울역
27421,공항철도,,운서,DAY,DOWN,0,A2110,,12:28:00,인천공항2터미널,서울역
27422,공항철도,,영종,DAY,DOWN,0,A2110,,12:32:00,인천공항2터미널,서울역
27423,공항철도,,청라국제도시,DAY,DOWN,0,A2110,,12:40:00,인천공항2터미널,서울역
27424,공항철도,,검암,DAY,DOWN,0,A2110,,12:45:00,인천공항2터미널,서울역
27425,공항철도,,계양,DAY,DOWN,0,A2110,,12:51:00,인천공항2터미널,서울역
27426,공항철도,,김포공항,DAY,DOWN,0,A2110,,12:58:00,인천공항2터미널,서울역
27427,공항철도,,마곡나루,DAY,DOWN,0,A2110,,13:01:00,인천공항2터미널,서울역
27428,공항철도,,디지털미디어시티,DAY,DOWN,0,A2110,,13:08:00,인천공항2터미널,서울역
27429,공항철도,,홍대입구,DAY,DOWN,0,A2110,,13:12:00,인천공항2터미널,서울역
27430,공항철도,,공덕,DAY,DOWN,0,A2110,,13:16:00,인천공항2터미널,서울역
27431,공항철도,,인천공항2터미널,SAT,DOWN,0,A2110,,11:43:00,인천공항2터미널,서울역
27432,공항철도,,인천공항2터미널,END,DOWN,0,A2110,,11:43:00,인천공항2터미널,서울역
27433,공항철도,,인천공항1터미널,SAT,DOWN,0,A2110,,11:49:00,인천공항2터미널,서울역
27434,공항철도,,인천공항1터미널,END,DOWN,0,A2110,,11:49:00,인천공항2터미널,서울역
27435,공항철도,,공항화물청사,SAT,DOWN,0,A2110,,11:53:00,인천공항2터미널,서울역
27436,공항철도,,공항화물청사,END,DOWN,0,A2110,,11:53:00,인천공항2터미널,서울역
27437,공항철도,,운서,SAT,DOWN,0,A2110,,11:57:00,인천공항2터미널,서울역
27438,공항철도,,운서,END,DOWN,0,A2110,,11:57:00,인천공항2터미널,서울역
27439,공항철도,,영종,SAT,DOWN,0,A2110,,12:01:00,인천공항2터미널,서울역
27440,공항철도,,영종,END,DOWN,0,A2110,,12:01:00,인천공항2터미널,서울역
27441,공항철도,,청라국제도시,SAT,DOWN,0,A2110,,12:10:00,인천공항2터미널,서울역
27442,공항철도,,청라국제도시,END,DOWN,0,A2110,,12:10:00,인천공항2터미널,서울역
27443,공항철도,,검암,SAT,DOWN,0,A2110,,12:15:00,인천공항2터미널,서울역
27444,공항철도,,검암,END,DOWN,0,A2110,,12:15:00,인천공항2터미널,서울역
27445,공항철도,,계양,SAT,DOWN,0,A2110,,12:21:00,인천공항2터미널,서울역
27446,공항철도,,계양,END,DOWN,0,A2110,,12:21:00,인천공항2터미널,서울역
27447,공항철도,,김포공항,SAT,DOWN,0,A2110,,12:27:00,인천공항2터미널,서울역
27448,공항철도,,김포공항,END,DOWN,0,A2110,,12:27:00,인천공항2터미널,서울역
27449,공항철도,,마곡나루,SAT,DOWN,0,A2110,,12:30:00,인천공항2터미널,서울역
27450,공항철도,,마곡나루,END,DOWN,0,A2110,,12:30:00,인천공항2터미널,서울역
27451,공항철도,,디지털미디어시티,SAT,DOWN,0,A2110,,12:38:00,인천공항2터미널,서울역
27452,공항철도,,디지털미디어시티,END,DOWN,0,A2110,,12:38:00,인천공항2터미널,서울역
27453,공항철도,,홍대입구,SAT,DOWN,0,A2110,,12:42:00,인천공항2터미널,서울역
27454,공항철도,,홍대입구,END,DOWN,0,A2110,,12:42:00,인천공항2터미널,서울역
27455,공항철도,,공덕,SAT,DOWN,0,A2110,,12:45:00,인천공항2터미널,서울역
27456,공항철도,,공덕,END,DOWN,0,A2110,,12:45:00,인천공항2터미널,서울역
27457,공항철도,,서울역,DAY,DOWN,0,A2111,,13:11:00,서울역,인천공항2터미널
27458,공항철도,,공덕,DAY,DOWN,0,A2111,,13:16:00,서울역,인천공항2터미널
27459,공항철도,,홍대입구,DAY,DOWN,0,A2111,,13:19:00,서울역,인천공항2터미널
27460,공항철도,,디지털미디어시티,DAY,DOWN,0,A2111,,13:23:00,서울역,인천공항2터미널
27461,공항철도,,마곡나루,DAY,DOWN,0,A2111,,13:31:00,서울역,인천공항2터미널
27462,공항철도,,김포공항,DAY,DOWN,0,A2111,,13:34:00,서울역,인천공항2터미널
27463,공항철도,,계양,DAY,DOWN,0,A2111,,13:40:00,서울역,인천공항2터미널
27464,공항철도,,검암,DAY,DOWN,0,A2111,,13:46:00,서울역,인천공항2터미널
27465,공항철도,,청라국제도시,DAY,DOWN,0,A2111,,13:51:00,서울역,인천공항2터미널
27466,공항철도,,영종,DAY,DOWN,0,A2111,,14:00:00,서울역,인천공항2터미널
27467,공항철도,,운서,DAY,DOWN,0,A2111,,14:04:00,서울역,인천공항2터미널
27468,공항철도,,공항화물청사,DAY,DOWN,0,A2111,,14:08:00,서울역,인천공항2터미널
27469,공항철도,,인천공항1터미널,DAY,DOWN,0,A2111,,14:12:00,서울역,인천공항2터미널
27470,공항철도,,서울역,SAT,DOWN,0,A2111,,12:39:00,서울역,인천공항2터미널
27471,공항철도,,서울역,END,DOWN,0,A2111,,12:39:00,서울역,인천공항2터미널
27472,공항철도,,공덕,SAT,DOWN,0,A2111,,12:44:00,서울역,인천공항2터미널
27473,공항철도,,공덕,END,DOWN,0,A2111,,12:44:00,서울역,인천공항2터미널
27474,공항철도,,홍대입구,SAT,DOWN,0,A2111,,12:47:00,서울역,인천공항2터미널
27475,공항철도,,홍대입구,END,DOWN,0,A2111,,12:47:00,서울역,인천공항2터미널
27476,공항철도,,디지털미디어시티,SAT,DOWN,0,A2111,,12:51:00,서울역,인천공항2터미널
27477,공항철도,,디지털미디어시티,END,DOWN,0,A2111,,12:51:00,서울역,인천공항2터미널
27478,공항철도,,마곡나루,SAT,DOWN,0,A2111,,12:59:00,서울역,인천공항2터미널
27479,공항철도,,마곡나루,END,DOWN,0,A2111,,12:59:00,서울역,인천공항2터미널
27480,공항철도,,김포공항,SAT,DOWN,0,A2111,,13:02:00,서울역,인천공항2터미널
27481,공항철도,,김포공항,END,DOWN,0,A2111,,13:02:00,서울역,인천공항2터미널
27482,공항철도,,계양,SAT,DOWN,0,A2111,,13:08:00,서울역,인천공항2터미널
27483,공항철도,,계양,END,DOWN,0,A2111,,13:08:00,서울역,인천공항2터미널
27484,공항철도,,검암,SAT,DOWN,0,A2111,,13:16:00,서울역,인천공항2터미널
27485,공항철도,,검암,END,DOWN,0,A2111,,13:16:00,서울역,인천공항2터미널
27486,공항철도,,청라국제도시,SAT,DOWN,0,A2111,,13:21:00,서울역,인천공항2터미널
27487,공항철도,,청라국제도시,END,DOWN,0,A2111,,13:21:00,서울역,인천공항2터미널
27488,공항철도,,영종,SAT,DOWN,0,A2111,,13:29:00,서울역,인천공항2터미널
27489,공항철도,,영종,END,DOWN,0,A2111,,13:29:00,서울역,인천공항2터미널
27490,공항철도,,운서,SAT,DOWN,0,A2111,,13:33:00,서울역,인천공항2터미널
27491,공항철도,,운서,END,DOWN,0,A2111,,13:33:00,서울역,인천공항2터미널
27492,공항철도,,공항화물청사,SAT,DOWN,0,A2111,,13:38:00,서울역,인천공항2터미널
27493,공항철도,,공항화물청사,END,DOWN,0,A2111,,13:38:00,서울역,인천공항2터미널
27494,공항철도,,인천공항1터미널,SAT,DOWN,0,A2111,,13:42:00,서울역,인천공항2터미널
27495,공항철도,,인천공항1터미널,END,DOWN,0,A2111,,13:42:00,서울역,인천공항2터미널
27496,공항철도,,인천공항2터미널,DAY,DOWN,0,A2112,,12:20:00,인천공항2터미널,서울역
27497,공항철도,,인천공항1터미널,DAY,DOWN,0,A2112,,12:27:00,인천공항2터미널,서울역
27498,공항철도,,공항화물청사,DAY,DOWN,0,A2112,,12:30:00,인천공항2터미널,서울역
27499,공항철도,,운서,DAY,DOWN,0,A2112,,12:35:00,인천공항2터미널,서울역
27500,공항철도,,영종,DAY,DOWN,0,A2112,,12:39:00,인천공항2터미널,서울역
27501,공항철도,,청라국제도시,DAY,DOWN,0,A2112,,12:47:00,인천공항2터미널,서울역
27502,공항철도,,검암,DAY,DOWN,0,A2112,,12:52:00,인천공항2터미널,서울역
27503,공항철도,,계양,DAY,DOWN,0,A2112,,12:58:00,인천공항2터미널,서울역
27504,공항철도,,김포공항,DAY,DOWN,0,A2112,,13:05:00,인천공항2터미널,서울역
27505,공항철도,,마곡나루,DAY,DOWN,0,A2112,,13:08:00,인천공항2터미널,서울역
27506,공항철도,,디지털미디어시티,DAY,DOWN,0,A2112,,13:15:00,인천공항2터미널,서울역
27507,공항철도,,홍대입구,DAY,DOWN,0,A2112,,13:19:00,인천공항2터미널,서울역
27508,공항철도,,공덕,DAY,DOWN,0,A2112,,13:23:00,인천공항2터미널,서울역
27509,공항철도,,인천공항2터미널,SAT,DOWN,0,A2112,,11:50:00,인천공항2터미널,서울역
27510,공항철도,,인천공항2터미널,END,DOWN,0,A2112,,11:50:00,인천공항2터미널,서울역
27511,공항철도,,인천공항1터미널,SAT,DOWN,0,A2112,,11:57:00,인천공항2터미널,서울역
27512,공항철도,,인천공항1터미널,END,DOWN,0,A2112,,11:57:00,인천공항2터미널,서울역
27513,공항철도,,공항화물청사,SAT,DOWN,0,A2112,,12:00:00,인천공항2터미널,서울역
27514,공항철도,,공항화물청사,END,DOWN,0,A2112,,12:00:00,인천공항2터미널,서울역
27515,공항철도,,운서,SAT,DOWN,0,A2112,,12:05:00,인천공항2터미널,서울역
27516,공항철도,,운서,END,DOWN,0,A2112,,12:05:00,인천공항2터미널,서울역
27517,공항철도,,영종,SAT,DOWN,0,A2112,,12:09:00,인천공항2터미널,서울역
27518,공항철도,,영종,END,DOWN,0,A2112,,12:09:00,인천공항2터미널,서울역
27519,공항철도,,청라국제도시,SAT,DOWN,0,A2112,,12:17:00,인천공항2터미널,서울역
27520,공항철도,,청라국제도시,END,DOWN,0,A2112,,12:17:00,인천공항2터미널,서울역
27521,공항철도,,검암,SAT,DOWN,0,A2112,,12:22:00,인천공항2터미널,서울역
27522,공항철도,,검암,END,DOWN,0,A2112,,12:22:00,인천공항2터미널,서울역
27523,공항철도,,계양,SAT,DOWN,0,A2112,,12:28:00,인천공항2터미널,서울역
27524,공항철도,,계양,END,DOWN,0,A2112,,12:28:00,인천공항2터미널,서울역
27525,공항철도,,김포공항,SAT,DOWN,0,A2112,,12:35:00,인천공항2터미널,서울역
27526,공항철도,,김포공항,END,DOWN,0,A2112,,12:35:00,인천공항2터미널,서울역
27527,공항철도,,마곡나루,SAT,DOWN,0,A2112,,12:38:00,인천공항2터미널,서울역
27528,공항철도,,마곡나루,END,DOWN,0,A2112,,12:38:00,인천공항2터미널,서울역
27529,공항철도,,디지털미디어시티,SAT,DOWN,0,A2112,,12:45:00,인천공항2터미널,서울역
27530,공항철도,,디지털미디어시티,END,DOWN,0,A2112,,12:45:00,인천공항2터미널,서울역
27531,공항철도,,홍대입구,SAT,DOWN,0,A2112,,12:49:00,인천공항2터미널,서울역
27532,공항철도,,홍대입구,END,DOWN,0,A2112,,12:49:00,인천공항2터미널,서울역
27533,공항철도,,공덕,SAT,DOWN,0,A2112,,12:53:00,인천공항2터미널,서울역
27534,공항철도,,공덕,END,DOWN,0,A2112,,12:53:00,인천공항2터미널,서울역
27535,공항철도,,서울역,DAY,DOWN,0,A2113,,13:19:00,서울역,인천공항2터미널
27536,공항철도,,공덕,DAY,DOWN,0,A2113,,13:24:00,서울역,인천공항2터미널
27537,공항철도,,홍대입구,DAY,DOWN,0,A2113,,13:27:00,서울역,인천공항2터미널
27538,공항철도,,디지털미디어시티,DAY,DOWN,0,A2113,,13:31:00,서울역,인천공항2터미널
27539,공항철도,,마곡나루,DAY,DOWN,0,A2113,,13:39:00,서울역,인천공항2터미널
27540,공항철도,,김포공항,DAY,DOWN,0,A2113,,13:42:00,서울역,인천공항2터미널
27541,공항철도,,계양,DAY,DOWN,0,A2113,,13:48:00,서울역,인천공항2터미널
27542,공항철도,,검암,DAY,DOWN,0,A2113,,13:56:00,서울역,인천공항2터미널
27543,공항철도,,청라국제도시,DAY,DOWN,0,A2113,,14:01:00,서울역,인천공항2터미널
27544,공항철도,,영종,DAY,DOWN,0,A2113,,14:09:00,서울역,인천공항2터미널
27545,공항철도,,운서,DAY,DOWN,0,A2113,,14:13:00,서울역,인천공항2터미널
27546,공항철도,,공항화물청사,DAY,DOWN,0,A2113,,14:18:00,서울역,인천공항2터미널
27547,공항철도,,인천공항1터미널,DAY,DOWN,0,A2113,,14:22:00,서울역,인천공항2터미널
27548,공항철도,,서울역,SAT,DOWN,0,A2113,,12:46:00,서울역,인천공항2터미널
27549,공항철도,,서울역,END,DOWN,0,A2113,,12:46:00,서울역,인천공항2터미널
27550,공항철도,,공덕,SAT,DOWN,0,A2113,,12:50:00,서울역,인천공항2터미널
27551,공항철도,,공덕,END,DOWN,0,A2113,,12:50:00,서울역,인천공항2터미널
27552,공항철도,,홍대입구,SAT,DOWN,0,A2113,,12:54:00,서울역,인천공항2터미널
27553,공항철도,,홍대입구,END,DOWN,0,A2113,,12:54:00,서울역,인천공항2터미널
27554,공항철도,,디지털미디어시티,SAT,DOWN,0,A2113,,12:59:00,서울역,인천공항2터미널
27555,공항철도,,디지털미디어시티,END,DOWN,0,A2113,,12:59:00,서울역,인천공항2터미널
27556,공항철도,,마곡나루,SAT,DOWN,0,A2113,,13:07:00,서울역,인천공항2터미널
27557,공항철도,,마곡나루,END,DOWN,0,A2113,,13:07:00,서울역,인천공항2터미널
27558,공항철도,,김포공항,SAT,DOWN,0,A2113,,13:10:00,서울역,인천공항2터미널
27559,공항철도,,김포공항,END,DOWN,0,A2113,,13:10:00,서울역,인천공항2터미널
27560,공항철도,,계양,SAT,DOWN,0,A2113,,13:16:00,서울역,인천공항2터미널
27561,공항철도,,계양,END,DOWN,0,A2113,,13:16:00,서울역,인천공항2터미널
27562,공항철도,,검암,SAT,DOWN,0,A2113,,13:22:00,서울역,인천공항2터미널
27563,공항철도,,검암,END,DOWN,0,A2113,,13:22:00,서울역,인천공항2터미널
27564,공항철도,,청라국제도시,SAT,DOWN,0,A2113,,13:27:00,서울역,인천공항2터미널
27565,공항철도,,청라국제도시,END,DOWN,0,A2113,,13:27:00,서울역,인천공항2터미널
27566,공항철도,,영종,SAT,DOWN,0,A2113,,13:36:00,서울역,인천공항2터미널
27567,공항철도,,영종,END,DOWN,0,A2113,,13:36:00,서울역,인천공항2터미널
27568,공항철도,,운서,SAT,DOWN,0,A2113,,13:40:00,서울역,인천공항2터미널
27569,공항철도,,운서,END,DOWN,0,A2113,,13:40:00,서울역,인천공항2터미널
27570,공항철도,,공항화물청사,SAT,DOWN,0,A2113,,13:44:00,서울역,인천공항2터미널
27571,공항철도,,공항화물청사,END,DOWN,0,A2113,,13:44:00,서울역,인천공항2터미널
27572,공항철도,,인천공항1터미널,SAT,DOWN,0,A2113,,13:48:00,서울역,인천공항2터미널
27573,공항철도,,인천공항1터미널,END,DOWN,0,A2113,,13:48:00,서울역,인천공항2터미널
27574,공항철도,,인천공항2터미널,DAY,DOWN,0,A2114,,12:27:00,인천공항2터미널,서울역
27575,공항철도,,인천공항1터미널,DAY,DOWN,0,A2114,,12:34:00,인천공항2터미널,서울역
27576,공항철도,,공항화물청사,DAY,DOWN,0,A2114,,12:37:00,인천공항2터미널,서울역
27577,공항철도,,운서,DAY,DOWN,0,A2114,,12:42:00,인천공항2터미널,서울역
27578,공항철도,,영종,DAY,DOWN,0,A2114,,12:46:00,인천공항2터미널,서울역
27579,공항철도,,청라국제도시,DAY,DOWN,0,A2114,,12:54:00,인천공항2터미널,서울역
27580,공항철도,,검암,DAY,DOWN,0,A2114,,12:59:00,인천공항2터미널,서울역
27581,공항철도,,계양,DAY,DOWN,0,A2114,,13:05:00,인천공항2터미널,서울역
27582,공항철도,,김포공항,DAY,DOWN,0,A2114,,13:12:00,인천공항2터미널,서울역
27583,공항철도,,마곡나루,DAY,DOWN,0,A2114,,13:15:00,인천공항2터미널,서울역
27584,공항철도,,디지털미디어시티,DAY,DOWN,0,A2114,,13:22:00,인천공항2터미널,서울역
27585,공항철도,,홍대입구,DAY,DOWN,0,A2114,,13:26:00,인천공항2터미널,서울역
27586,공항철도,,공덕,DAY,DOWN,0,A2114,,13:30:00,인천공항2터미널,서울역
27587,공항철도,,인천공항2터미널,SAT,DOWN,0,A2114,,11:57:00,인천공항2터미널,서울역
27588,공항철도,,인천공항2터미널,END,DOWN,0,A2114,,11:57:00,인천공항2터미널,서울역
27589,공항철도,,인천공항1터미널,SAT,DOWN,0,A2114,,12:03:00,인천공항2터미널,서울역
27590,공항철도,,인천공항1터미널,END,DOWN,0,A2114,,12:03:00,인천공항2터미널,서울역
27591,공항철도,,공항화물청사,SAT,DOWN,0,A2114,,12:07:00,인천공항2터미널,서울역
27592,공항철도,,공항화물청사,END,DOWN,0,A2114,,12:07:00,인천공항2터미널,서울역
27593,공항철도,,운서,SAT,DOWN,0,A2114,,12:11:00,인천공항2터미널,서울역
27594,공항철도,,운서,END,DOWN,0,A2114,,12:11:00,인천공항2터미널,서울역
27595,공항철도,,영종,SAT,DOWN,0,A2114,,12:15:00,인천공항2터미널,서울역
27596,공항철도,,영종,END,DOWN,0,A2114,,12:15:00,인천공항2터미널,서울역
27597,공항철도,,청라국제도시,SAT,DOWN,0,A2114,,12:24:00,인천공항2터미널,서울역
27598,공항철도,,청라국제도시,END,DOWN,0,A2114,,12:24:00,인천공항2터미널,서울역
27599,공항철도,,검암,SAT,DOWN,0,A2114,,12:29:00,인천공항2터미널,서울역
27600,공항철도,,검암,END,DOWN,0,A2114,,12:29:00,인천공항2터미널,서울역
27601,공항철도,,계양,SAT,DOWN,0,A2114,,12:35:00,인천공항2터미널,서울역
27602,공항철도,,계양,END,DOWN,0,A2114,,12:35:00,인천공항2터미널,서울역
27603,공항철도,,김포공항,SAT,DOWN,0,A2114,,12:41:00,인천공항2터미널,서울역
27604,공항철도,,김포공항,END,DOWN,0,A2114,,12:41:00,인천공항2터미널,서울역
27605,공항철도,,마곡나루,SAT,DOWN,0,A2114,,12:44:00,인천공항2터미널,서울역
27606,공항철도,,마곡나루,END,DOWN,0,A2114,,12:44:00,인천공항2터미널,서울역
27607,공항철도,,디지털미디어시티,SAT,DOWN,0,A2114,,12:53:00,인천공항2터미널,서울역
27608,공항철도,,디지털미디어시티,END,DOWN,0,A2114,,12:53:00,인천공항2터미널,서울역
27609,공항철도,,홍대입구,SAT,DOWN,0,A2114,,12:57:00,인천공항2터미널,서울역
27610,공항철도,,홍대입구,END,DOWN,0,A2114,,12:57:00,인천공항2터미널,서울역
27611,공항철도,,공덕,SAT,DOWN,0,A2114,,13:01:00,인천공항2터미널,서울역
27612,공항철도,,공덕,END,DOWN,0,A2114,,13:01:00,인천공항2터미널,서울역
27613,공항철도,,서울역,DAY,DOWN,0,A2115,,13:31:00,서울역,인천공항2터미널
27614,공항철도,,공덕,DAY,DOWN,0,A2115,,13:36:00,서울역,인천공항2터미널
27615,공항철도,,홍대입구,DAY,DOWN,0,A2115,,13:39:00,서울역,인천공항2터미널
27616,공항철도,,디지털미디어시티,DAY,DOWN,0,A2115,,13:43:00,서울역,인천공항2터미널
27617,공항철도,,마곡나루,DAY,DOWN,0,A2115,,13:51:00,서울역,인천공항2터미널
27618,공항철도,,김포공항,DAY,DOWN,0,A2115,,13:54:00,서울역,인천공항2터미널
27619,공항철도,,계양,DAY,DOWN,0,A2115,,14:00:00,서울역,인천공항2터미널
27620,공항철도,,검암,DAY,DOWN,0,A2115,,14:06:00,서울역,인천공항2터미널
27621,공항철도,,청라국제도시,DAY,DOWN,0,A2115,,14:11:00,서울역,인천공항2터미널
27622,공항철도,,영종,DAY,DOWN,0,A2115,,14:20:00,서울역,인천공항2터미널
27623,공항철도,,운서,DAY,DOWN,0,A2115,,14:24:00,서울역,인천공항2터미널
27624,공항철도,,공항화물청사,DAY,DOWN,0,A2115,,14:28:00,서울역,인천공항2터미널
27625,공항철도,,인천공항1터미널,DAY,DOWN,0,A2115,,14:32:00,서울역,인천공항2터미널
27626,공항철도,,서울역,SAT,DOWN,0,A2115,,12:55:00,서울역,인천공항2터미널
27627,공항철도,,서울역,END,DOWN,0,A2115,,12:55:00,서울역,인천공항2터미널
27628,공항철도,,공덕,SAT,DOWN,0,A2115,,12:59:00,서울역,인천공항2터미널
27629,공항철도,,공덕,END,DOWN,0,A2115,,12:59:00,서울역,인천공항2터미널
27630,공항철도,,홍대입구,SAT,DOWN,0,A2115,,13:03:00,서울역,인천공항2터미널
27631,공항철도,,홍대입구,END,DOWN,0,A2115,,13:03:00,서울역,인천공항2터미널
27632,공항철도,,디지털미디어시티,SAT,DOWN,0,A2115,,13:07:00,서울역,인천공항2터미널
27633,공항철도,,디지털미디어시티,END,DOWN,0,A2115,,13:07:00,서울역,인천공항2터미널
27634,공항철도,,마곡나루,SAT,DOWN,0,A2115,,13:14:00,서울역,인천공항2터미널
27635,공항철도,,마곡나루,END,DOWN,0,A2115,,13:14:00,서울역,인천공항2터미널
27636,공항철도,,김포공항,SAT,DOWN,0,A2115,,13:17:00,서울역,인천공항2터미널
27637,공항철도,,김포공항,END,DOWN,0,A2115,,13:17:00,서울역,인천공항2터미널
27638,공항철도,,계양,SAT,DOWN,0,A2115,,13:24:00,서울역,인천공항2터미널
27639,공항철도,,계양,END,DOWN,0,A2115,,13:24:00,서울역,인천공항2터미널
27640,공항철도,,검암,SAT,DOWN,0,A2115,,13:30:00,서울역,인천공항2터미널
27641,공항철도,,검암,END,DOWN,0,A2115,,13:30:00,서울역,인천공항2터미널
27642,공항철도,,청라국제도시,SAT,DOWN,0,A2115,,13:35:00,서울역,인천공항2터미널
27643,공항철도,,청라국제도시,END,DOWN,0,A2115,,13:35:00,서울역,인천공항2터미널
27644,공항철도,,영종,SAT,DOWN,0,A2115,,13:43:00,서울역,인천공항2터미널
27645,공항철도,,영종,END,DOWN,0,A2115,,13:43:00,서울역,인천공항2터미널
27646,공항철도,,운서,SAT,DOWN,0,A2115,,13:47:00,서울역,인천공항2터미널
27647,공항철도,,운서,END,DOWN,0,A2115,,13:47:00,서울역,인천공항2터미널
27648,공항철도,,공항화물청사,SAT,DOWN,0,A2115,,13:52:00,서울역,인천공항2터미널
27649,공항철도,,공항화물청사,END,DOWN,0,A2115,,13:52:00,서울역,인천공항2터미널
27650,공항철도,,인천공항1터미널,SAT,DOWN,0,A2115,,13:56:00,서울역,인천공항2터미널
27651,공항철도,,인천공항1터미널,END,DOWN,0,A2115,,13:56:00,서울역,인천공항2터미널
27652,공항철도,,인천공항2터미널,DAY,DOWN,0,A2116,,12:38:00,인천공항2터미널,서울역
27653,공항철도,,인천공항1터미널,DAY,DOWN,0,A2116,,12:45:00,인천공항2터미널,서울역
27654,공항철도,,공항화물청사,DAY,DOWN,0,A2116,,12:48:00,인천공항2터미널,서울역
27655,공항철도,,운서,DAY,DOWN,0,A2116,,12:53:00,인천공항2터미널,서울역
27656,공항철도,,영종,DAY,DOWN,0,A2116,,12:57:00,인천공항2터미널,서울역
27657,공항철도,,청라국제도시,DAY,DOWN,0,A2116,,13:05:00,인천공항2터미널,서울역
27658,공항철도,,검암,DAY,DOWN,0,A2116,,13:12:00,인천공항2터미널,서울역
27659,공항철도,,계양,DAY,DOWN,0,A2116,,13:18:00,인천공항2터미널,서울역
27660,공항철도,,김포공항,DAY,DOWN,0,A2116,,13:24:00,인천공항2터미널,서울역
27661,공항철도,,마곡나루,DAY,DOWN,0,A2116,,13:27:00,인천공항2터미널,서울역
27662,공항철도,,디지털미디어시티,DAY,DOWN,0,A2116,,13:35:00,인천공항2터미널,서울역
27663,공항철도,,홍대입구,DAY,DOWN,0,A2116,,13:39:00,인천공항2터미널,서울역
27664,공항철도,,공덕,DAY,DOWN,0,A2116,,13:42:00,인천공항2터미널,서울역
27665,공항철도,,인천공항2터미널,SAT,DOWN,0,A2116,,12:03:00,인천공항2터미널,서울역
27666,공항철도,,인천공항2터미널,END,DOWN,0,A2116,,12:03:00,인천공항2터미널,서울역
27667,공항철도,,인천공항1터미널,SAT,DOWN,0,A2116,,12:10:00,인천공항2터미널,서울역
27668,공항철도,,인천공항1터미널,END,DOWN,0,A2116,,12:10:00,인천공항2터미널,서울역
27669,공항철도,,공항화물청사,SAT,DOWN,0,A2116,,12:13:00,인천공항2터미널,서울역
27670,공항철도,,공항화물청사,END,DOWN,0,A2116,,12:13:00,인천공항2터미널,서울역
27671,공항철도,,운서,SAT,DOWN,0,A2116,,12:18:00,인천공항2터미널,서울역
27672,공항철도,,운서,END,DOWN,0,A2116,,12:18:00,인천공항2터미널,서울역
27673,공항철도,,영종,SAT,DOWN,0,A2116,,12:22:00,인천공항2터미널,서울역
27674,공항철도,,영종,END,DOWN,0,A2116,,12:22:00,인천공항2터미널,서울역
27675,공항철도,,청라국제도시,SAT,DOWN,0,A2116,,12:30:00,인천공항2터미널,서울역
27676,공항철도,,청라국제도시,END,DOWN,0,A2116,,12:30:00,인천공항2터미널,서울역
27677,공항철도,,검암,SAT,DOWN,0,A2116,,12:37:00,인천공항2터미널,서울역
27678,공항철도,,검암,END,DOWN,0,A2116,,12:37:00,인천공항2터미널,서울역
27679,공항철도,,계양,SAT,DOWN,0,A2116,,12:43:00,인천공항2터미널,서울역
27680,공항철도,,계양,END,DOWN,0,A2116,,12:43:00,인천공항2터미널,서울역
27681,공항철도,,김포공항,SAT,DOWN,0,A2116,,12:49:00,인천공항2터미널,서울역
27682,공항철도,,김포공항,END,DOWN,0,A2116,,12:49:00,인천공항2터미널,서울역
27683,공항철도,,마곡나루,SAT,DOWN,0,A2116,,12:52:00,인천공항2터미널,서울역
27684,공항철도,,마곡나루,END,DOWN,0,A2116,,12:52:00,인천공항2터미널,서울역
27685,공항철도,,디지털미디어시티,SAT,DOWN,0,A2116,,13:00:00,인천공항2터미널,서울역
27686,공항철도,,디지털미디어시티,END,DOWN,0,A2116,,13:00:00,인천공항2터미널,서울역
27687,공항철도,,홍대입구,SAT,DOWN,0,A2116,,13:04:00,인천공항2터미널,서울역
27688,공항철도,,홍대입구,END,DOWN,0,A2116,,13:04:00,인천공항2터미널,서울역
27689,공항철도,,공덕,SAT,DOWN,0,A2116,,13:07:00,인천공항2터미널,서울역
27690,공항철도,,공덕,END,DOWN,0,A2116,,13:07:00,인천공항2터미널,서울역
27691,공항철도,,서울역,DAY,DOWN,0,A2117,,13:38:00,서울역,인천공항2터미널
27692,공항철도,,공덕,DAY,DOWN,0,A2117,,13:43:00,서울역,인천공항2터미널
27693,공항철도,,홍대입구,DAY,DOWN,0,A2117,,13:46:00,서울역,인천공항2터미널
27694,공항철도,,디지털미디어시티,DAY,DOWN,0,A2117,,13:50:00,서울역,인천공항2터미널
27695,공항철도,,마곡나루,DAY,DOWN,0,A2117,,13:58:00,서울역,인천공항2터미널
27696,공항철도,,김포공항,DAY,DOWN,0,A2117,,14:01:00,서울역,인천공항2터미널
27697,공항철도,,계양,DAY,DOWN,0,A2117,,14:07:00,서울역,인천공항2터미널
27698,공항철도,,검암,DAY,DOWN,0,A2117,,14:13:00,서울역,인천공항2터미널
27699,공항철도,,청라국제도시,DAY,DOWN,0,A2117,,14:18:00,서울역,인천공항2터미널
27700,공항철도,,영종,DAY,DOWN,0,A2117,,14:27:00,서울역,인천공항2터미널
27701,공항철도,,운서,DAY,DOWN,0,A2117,,14:31:00,서울역,인천공항2터미널
27702,공항철도,,공항화물청사,DAY,DOWN,0,A2117,,14:35:00,서울역,인천공항2터미널
27703,공항철도,,인천공항1터미널,DAY,DOWN,0,A2117,,14:39:00,서울역,인천공항2터미널
27704,공항철도,,서울역,SAT,DOWN,0,A2117,,13:02:00,서울역,인천공항2터미널
27705,공항철도,,서울역,END,DOWN,0,A2117,,13:02:00,서울역,인천공항2터미널
27706,공항철도,,공덕,SAT,DOWN,0,A2117,,13:07:00,서울역,인천공항2터미널
27707,공항철도,,공덕,END,DOWN,0,A2117,,13:07:00,서울역,인천공항2터미널
27708,공항철도,,홍대입구,SAT,DOWN,0,A2117,,13:10:00,서울역,인천공항2터미널
27709,공항철도,,홍대입구,END,DOWN,0,A2117,,13:10:00,서울역,인천공항2터미널
27710,공항철도,,디지털미디어시티,SAT,DOWN,0,A2117,,13:14:00,서울역,인천공항2터미널
27711,공항철도,,디지털미디어시티,END,DOWN,0,A2117,,13:14:00,서울역,인천공항2터미널
27712,공항철도,,마곡나루,SAT,DOWN,0,A2117,,13:22:00,서울역,인천공항2터미널
27713,공항철도,,마곡나루,END,DOWN,0,A2117,,13:22:00,서울역,인천공항2터미널
27714,공항철도,,김포공항,SAT,DOWN,0,A2117,,13:25:00,서울역,인천공항2터미널
27715,공항철도,,김포공항,END,DOWN,0,A2117,,13:25:00,서울역,인천공항2터미널
27716,공항철도,,계양,SAT,DOWN,0,A2117,,13:31:00,서울역,인천공항2터미널
27717,공항철도,,계양,END,DOWN,0,A2117,,13:31:00,서울역,인천공항2터미널
27718,공항철도,,검암,SAT,DOWN,0,A2117,,13:37:00,서울역,인천공항2터미널
27719,공항철도,,검암,END,DOWN,0,A2117,,13:37:00,서울역,인천공항2터미널
27720,공항철도,,청라국제도시,SAT,DOWN,0,A2117,,13:42:00,서울역,인천공항2터미널
27721,공항철도,,청라국제도시,END,DOWN,0,A2117,,13:42:00,서울역,인천공항2터미널
27722,공항철도,,영종,SAT,DOWN,0,A2117,,13:51:00,서울역,인천공항2터미널
27723,공항철도,,영종,END,DOWN,0,A2117,,13:51:00,서울역,인천공항2터미널
27724,공항철도,,운서,SAT,DOWN,0,A2117,,13:55:00,서울역,인천공항2터미널
27725,공항철도,,운서,END,DOWN,0,A2117,,13:55:00,서울역,인천공항2터미널
27726,공항철도,,공항화물청사,SAT,DOWN,0,A2117,,13:59:00,서울역,인천공항2터미널
27727,공항철도,,공항화물청사,END,DOWN,0,A2117,,13:59:00,서울역,인천공항2터미널
27728,공항철도,,인천공항1터미널,SAT,DOWN,0,A2117,,14:03:00,서울역,인천공항2터미널
27729,공항철도,,인천공항1터미널,END,DOWN,0,A2117,,14:03:00,서울역,인천공항2터미널
27730,공항철도,,인천공항2터미널,DAY,DOWN,0,A2118,,12:49:00,인천공항2터미널,서울역
27731,공항철도,,인천공항1터미널,DAY,DOWN,0,A2118,,12:55:00,인천공항2터미널,서울역
27732,공항철도,,공항화물청사,DAY,DOWN,0,A2118,,12:59:00,인천공항2터미널,서울역
27733,공항철도,,운서,DAY,DOWN,0,A2118,,13:03:00,인천공항2터미널,서울역
27734,공항철도,,영종,DAY,DOWN,0,A2118,,13:07:00,인천공항2터미널,서울역
27735,공항철도,,청라국제도시,DAY,DOWN,0,A2118,,13:16:00,인천공항2터미널,서울역
27736,공항철도,,검암,DAY,DOWN,0,A2118,,13:21:00,인천공항2터미널,서울역
27737,공항철도,,계양,DAY,DOWN,0,A2118,,13:27:00,인천공항2터미널,서울역
27738,공항철도,,김포공항,DAY,DOWN,0,A2118,,13:33:00,인천공항2터미널,서울역
27739,공항철도,,마곡나루,DAY,DOWN,0,A2118,,13:36:00,인천공항2터미널,서울역
27740,공항철도,,디지털미디어시티,DAY,DOWN,0,A2118,,13:44:00,인천공항2터미널,서울역
27741,공항철도,,홍대입구,DAY,DOWN,0,A2118,,13:48:00,인천공항2터미널,서울역
27742,공항철도,,공덕,DAY,DOWN,0,A2118,,13:51:00,인천공항2터미널,서울역
27743,공항철도,,인천공항2터미널,SAT,DOWN,0,A2118,,12:13:00,인천공항2터미널,서울역
27744,공항철도,,인천공항2터미널,END,DOWN,0,A2118,,12:13:00,인천공항2터미널,서울역
27745,공항철도,,인천공항1터미널,SAT,DOWN,0,A2118,,12:20:00,인천공항2터미널,서울역
27746,공항철도,,인천공항1터미널,END,DOWN,0,A2118,,12:20:00,인천공항2터미널,서울역
27747,공항철도,,공항화물청사,SAT,DOWN,0,A2118,,12:23:00,인천공항2터미널,서울역
27748,공항철도,,공항화물청사,END,DOWN,0,A2118,,12:23:00,인천공항2터미널,서울역
27749,공항철도,,운서,SAT,DOWN,0,A2118,,12:28:00,인천공항2터미널,서울역
27750,공항철도,,운서,END,DOWN,0,A2118,,12:28:00,인천공항2터미널,서울역
27751,공항철도,,영종,SAT,DOWN,0,A2118,,12:32:00,인천공항2터미널,서울역
27752,공항철도,,영종,END,DOWN,0,A2118,,12:32:00,인천공항2터미널,서울역
27753,공항철도,,청라국제도시,SAT,DOWN,0,A2118,,12:40:00,인천공항2터미널,서울역
27754,공항철도,,청라국제도시,END,DOWN,0,A2118,,12:40:00,인천공항2터미널,서울역
27755,공항철도,,검암,SAT,DOWN,0,A2118,,12:45:00,인천공항2터미널,서울역
27756,공항철도,,검암,END,DOWN,0,A2118,,12:45:00,인천공항2터미널,서울역
27757,공항철도,,계양,SAT,DOWN,0,A2118,,12:51:00,인천공항2터미널,서울역
27758,공항철도,,계양,END,DOWN,0,A2118,,12:51:00,인천공항2터미널,서울역
27759,공항철도,,김포공항,SAT,DOWN,0,A2118,,12:58:00,인천공항2터미널,서울역
27760,공항철도,,김포공항,END,DOWN,0,A2118,,12:58:00,인천공항2터미널,서울역
27761,공항철도,,마곡나루,SAT,DOWN,0,A2118,,13:01:00,인천공항2터미널,서울역
27762,공항철도,,마곡나루,END,DOWN,0,A2118,,13:01:00,인천공항2터미널,서울역
27763,공항철도,,디지털미디어시티,SAT,DOWN,0,A2118,,13:08:00,인천공항2터미널,서울역
27764,공항철도,,디지털미디어시티,END,DOWN,0,A2118,,13:08:00,인천공항2터미널,서울역
27765,공항철도,,홍대입구,SAT,DOWN,0,A2118,,13:12:00,인천공항2터미널,서울역
27766,공항철도,,홍대입구,END,DOWN,0,A2118,,13:12:00,인천공항2터미널,서울역
27767,공항철도,,공덕,SAT,DOWN,0,A2118,,13:16:00,인천공항2터미널,서울역
27768,공항철도,,공덕,END,DOWN,0,A2118,,13:16:00,인천공항2터미널,서울역
27769,공항철도,,서울역,DAY,DOWN,0,A2119,,13:50:00,서울역,인천공항2터미널
27770,공항철도,,공덕,DAY,DOWN,0,A2119,,13:54:00,서울역,인천공항2터미널
27771,공항철도,,홍대입구,DAY,DOWN,0,A2119,,13:58:00,서울역,인천공항2터미널
27772,공항철도,,디지털미디어시티,DAY,DOWN,0,A2119,,14:02:00,서울역,인천공항2터미널
27773,공항철도,,마곡나루,DAY,DOWN,0,A2119,,14:09:00,서울역,인천공항2터미널
27774,공항철도,,김포공항,DAY,DOWN,0,A2119,,14:12:00,서울역,인천공항2터미널
27775,공항철도,,계양,DAY,DOWN,0,A2119,,14:19:00,서울역,인천공항2터미널
27776,공항철도,,검암,DAY,DOWN,0,A2119,,14:25:00,서울역,인천공항2터미널
27777,공항철도,,청라국제도시,DAY,DOWN,0,A2119,,14:30:00,서울역,인천공항2터미널
27778,공항철도,,영종,DAY,DOWN,0,A2119,,14:38:00,서울역,인천공항2터미널
27779,공항철도,,운서,DAY,DOWN,0,A2119,,14:42:00,서울역,인천공항2터미널
27780,공항철도,,공항화물청사,DAY,DOWN,0,A2119,,14:47:00,서울역,인천공항2터미널
27781,공항철도,,인천공항1터미널,DAY,DOWN,0,A2119,,14:51:00,서울역,인천공항2터미널
27782,공항철도,,서울역,SAT,DOWN,0,A2119,,13:12:00,서울역,인천공항2터미널
27783,공항철도,,서울역,END,DOWN,0,A2119,,13:12:00,서울역,인천공항2터미널
27784,공항철도,,공덕,SAT,DOWN,0,A2119,,13:16:00,서울역,인천공항2터미널
27785,공항철도,,공덕,END,DOWN,0,A2119,,13:16:00,서울역,인천공항2터미널
27786,공항철도,,홍대입구,SAT,DOWN,0,A2119,,13:20:00,서울역,인천공항2터미널
27787,공항철도,,홍대입구,END,DOWN,0,A2119,,13:20:00,서울역,인천공항2터미널
27788,공항철도,,디지털미디어시티,SAT,DOWN,0,A2119,,13:24:00,서울역,인천공항2터미널
27789,공항철도,,디지털미디어시티,END,DOWN,0,A2119,,13:24:00,서울역,인천공항2터미널
27790,공항철도,,마곡나루,SAT,DOWN,0,A2119,,13:31:00,서울역,인천공항2터미널
27791,공항철도,,마곡나루,END,DOWN,0,A2119,,13:31:00,서울역,인천공항2터미널
27792,공항철도,,김포공항,SAT,DOWN,0,A2119,,13:34:00,서울역,인천공항2터미널
27793,공항철도,,김포공항,END,DOWN,0,A2119,,13:34:00,서울역,인천공항2터미널
27794,공항철도,,계양,SAT,DOWN,0,A2119,,13:41:00,서울역,인천공항2터미널
27795,공항철도,,계양,END,DOWN,0,A2119,,13:41:00,서울역,인천공항2터미널
27796,공항철도,,검암,SAT,DOWN,0,A2119,,13:47:00,서울역,인천공항2터미널
27797,공항철도,,검암,END,DOWN,0,A2119,,13:47:00,서울역,인천공항2터미널
27798,공항철도,,청라국제도시,SAT,DOWN,0,A2119,,13:52:00,서울역,인천공항2터미널
27799,공항철도,,청라국제도시,END,DOWN,0,A2119,,13:52:00,서울역,인천공항2터미널
27800,공항철도,,영종,SAT,DOWN,0,A2119,,14:00:00,서울역,인천공항2터미널
27801,공항철도,,영종,END,DOWN,0,A2119,,14:00:00,서울역,인천공항2터미널
27802,공항철도,,운서,SAT,DOWN,0,A2119,,14:04:00,서울역,인천공항2터미널
27803,공항철도,,운서,END,DOWN,0,A2119,,14:04:00,서울역,인천공항2터미널
27804,공항철도,,공항화물청사,SAT,DOWN,0,A2119,,14:09:00,서울역,인천공항2터미널
27805,공항철도,,공항화물청사,END,DOWN,0,A2119,,14:09:00,서울역,인천공항2터미널
27806,공항철도,,인천공항1터미널,SAT,DOWN,0,A2119,,14:13:00,서울역,인천공항2터미널
27807,공항철도,,인천공항1터미널,END,DOWN,0,A2119,,14:13:00,서울역,인천공항2터미널
27808,공항철도,,인천공항2터미널,DAY,DOWN,0,A2120,,12:57:00,인천공항2터미널,서울역
27809,공항철도,,인천공항1터미널,DAY,DOWN,0,A2120,,13:04:00,인천공항2터미널,서울역
27810,공항철도,,공항화물청사,DAY,DOWN,0,A2120,,13:07:00,인천공항2터미널,서울역
27811,공항철도,,운서,DAY,DOWN,0,A2120,,13:12:00,인천공항2터미널,서울역
27812,공항철도,,영종,DAY,DOWN,0,A2120,,13:16:00,인천공항2터미널,서울역
27813,공항철도,,청라국제도시,DAY,DOWN,0,A2120,,13:24:00,인천공항2터미널,서울역
27814,공항철도,,검암,DAY,DOWN,0,A2120,,13:29:00,인천공항2터미널,서울역
27815,공항철도,,계양,DAY,DOWN,0,A2120,,13:35:00,인천공항2터미널,서울역
27816,공항철도,,김포공항,DAY,DOWN,0,A2120,,13:42:00,인천공항2터미널,서울역
27817,공항철도,,마곡나루,DAY,DOWN,0,A2120,,13:45:00,인천공항2터미널,서울역
27818,공항철도,,디지털미디어시티,DAY,DOWN,0,A2120,,13:52:00,인천공항2터미널,서울역
27819,공항철도,,홍대입구,DAY,DOWN,0,A2120,,13:56:00,인천공항2터미널,서울역
27820,공항철도,,공덕,DAY,DOWN,0,A2120,,14:00:00,인천공항2터미널,서울역
27821,공항철도,,인천공항2터미널,SAT,DOWN,0,A2120,,12:20:00,인천공항2터미널,서울역
27822,공항철도,,인천공항2터미널,END,DOWN,0,A2120,,12:20:00,인천공항2터미널,서울역
27823,공항철도,,인천공항1터미널,SAT,DOWN,0,A2120,,12:26:00,인천공항2터미널,서울역
27824,공항철도,,인천공항1터미널,END,DOWN,0,A2120,,12:26:00,인천공항2터미널,서울역
27825,공항철도,,공항화물청사,SAT,DOWN,0,A2120,,12:30:00,인천공항2터미널,서울역
27826,공항철도,,공항화물청사,END,DOWN,0,A2120,,12:30:00,인천공항2터미널,서울역
27827,공항철도,,운서,SAT,DOWN,0,A2120,,12:34:00,인천공항2터미널,서울역
27828,공항철도,,운서,END,DOWN,0,A2120,,12:34:00,인천공항2터미널,서울역
27829,공항철도,,영종,SAT,DOWN,0,A2120,,12:38:00,인천공항2터미널,서울역
27830,공항철도,,영종,END,DOWN,0,A2120,,12:38:00,인천공항2터미널,서울역
27831,공항철도,,청라국제도시,SAT,DOWN,0,A2120,,12:47:00,인천공항2터미널,서울역
27832,공항철도,,청라국제도시,END,DOWN,0,A2120,,12:47:00,인천공항2터미널,서울역
27833,공항철도,,검암,SAT,DOWN,0,A2120,,12:52:00,인천공항2터미널,서울역
27834,공항철도,,검암,END,DOWN,0,A2120,,12:52:00,인천공항2터미널,서울역
27835,공항철도,,계양,SAT,DOWN,0,A2120,,12:58:00,인천공항2터미널,서울역
27836,공항철도,,계양,END,DOWN,0,A2120,,12:58:00,인천공항2터미널,서울역
27837,공항철도,,김포공항,SAT,DOWN,0,A2120,,13:04:00,인천공항2터미널,서울역
27838,공항철도,,김포공항,END,DOWN,0,A2120,,13:04:00,인천공항2터미널,서울역
27839,공항철도,,마곡나루,SAT,DOWN,0,A2120,,13:07:00,인천공항2터미널,서울역
27840,공항철도,,마곡나루,END,DOWN,0,A2120,,13:07:00,인천공항2터미널,서울역
27841,공항철도,,디지털미디어시티,SAT,DOWN,0,A2120,,13:15:00,인천공항2터미널,서울역
27842,공항철도,,디지털미디어시티,END,DOWN,0,A2120,,13:15:00,인천공항2터미널,서울역
27843,공항철도,,홍대입구,SAT,DOWN,0,A2120,,13:19:00,인천공항2터미널,서울역
27844,공항철도,,홍대입구,END,DOWN,0,A2120,,13:19:00,인천공항2터미널,서울역
27845,공항철도,,공덕,SAT,DOWN,0,A2120,,13:22:00,인천공항2터미널,서울역
27846,공항철도,,공덕,END,DOWN,0,A2120,,13:22:00,인천공항2터미널,서울역
27847,공항철도,,서울역,DAY,DOWN,0,A2121,,13:59:00,서울역,인천공항2터미널
27848,공항철도,,공덕,DAY,DOWN,0,A2121,,14:03:00,서울역,인천공항2터미널
27849,공항철도,,홍대입구,DAY,DOWN,0,A2121,,14:07:00,서울역,인천공항2터미널
27850,공항철도,,디지털미디어시티,DAY,DOWN,0,A2121,,14:11:00,서울역,인천공항2터미널
27851,공항철도,,마곡나루,DAY,DOWN,0,A2121,,14:18:00,서울역,인천공항2터미널
27852,공항철도,,김포공항,DAY,DOWN,0,A2121,,14:21:00,서울역,인천공항2터미널
27853,공항철도,,계양,DAY,DOWN,0,A2121,,14:28:00,서울역,인천공항2터미널
27854,공항철도,,검암,DAY,DOWN,0,A2121,,14:35:00,서울역,인천공항2터미널
27855,공항철도,,청라국제도시,DAY,DOWN,0,A2121,,14:40:00,서울역,인천공항2터미널
27856,공항철도,,영종,DAY,DOWN,0,A2121,,14:49:00,서울역,인천공항2터미널
27857,공항철도,,운서,DAY,DOWN,0,A2121,,14:53:00,서울역,인천공항2터미널
27858,공항철도,,공항화물청사,DAY,DOWN,0,A2121,,14:57:00,서울역,인천공항2터미널
27859,공항철도,,인천공항1터미널,DAY,DOWN,0,A2121,,15:01:00,서울역,인천공항2터미널
27860,공항철도,,서울역,SAT,DOWN,0,A2121,,13:19:00,서울역,인천공항2터미널
27861,공항철도,,서울역,END,DOWN,0,A2121,,13:19:00,서울역,인천공항2터미널
27862,공항철도,,공덕,SAT,DOWN,0,A2121,,13:24:00,서울역,인천공항2터미널
27863,공항철도,,공덕,END,DOWN,0,A2121,,13:24:00,서울역,인천공항2터미널
27864,공항철도,,홍대입구,SAT,DOWN,0,A2121,,13:27:00,서울역,인천공항2터미널
27865,공항철도,,홍대입구,END,DOWN,0,A2121,,13:27:00,서울역,인천공항2터미널
27866,공항철도,,디지털미디어시티,SAT,DOWN,0,A2121,,13:31:00,서울역,인천공항2터미널
27867,공항철도,,디지털미디어시티,END,DOWN,0,A2121,,13:31:00,서울역,인천공항2터미널
27868,공항철도,,마곡나루,SAT,DOWN,0,A2121,,13:39:00,서울역,인천공항2터미널
27869,공항철도,,마곡나루,END,DOWN,0,A2121,,13:39:00,서울역,인천공항2터미널
27870,공항철도,,김포공항,SAT,DOWN,0,A2121,,13:42:00,서울역,인천공항2터미널
27871,공항철도,,김포공항,END,DOWN,0,A2121,,13:42:00,서울역,인천공항2터미널
27872,공항철도,,계양,SAT,DOWN,0,A2121,,13:48:00,서울역,인천공항2터미널
27873,공항철도,,계양,END,DOWN,0,A2121,,13:48:00,서울역,인천공항2터미널
27874,공항철도,,검암,SAT,DOWN,0,A2121,,13:56:00,서울역,인천공항2터미널
27875,공항철도,,검암,END,DOWN,0,A2121,,13:56:00,서울역,인천공항2터미널
27876,공항철도,,청라국제도시,SAT,DOWN,0,A2121,,14:01:00,서울역,인천공항2터미널
27877,공항철도,,청라국제도시,END,DOWN,0,A2121,,14:01:00,서울역,인천공항2터미널
27878,공항철도,,영종,SAT,DOWN,0,A2121,,14:09:00,서울역,인천공항2터미널
27879,공항철도,,영종,END,DOWN,0,A2121,,14:09:00,서울역,인천공항2터미널
27880,공항철도,,운서,SAT,DOWN,0,A2121,,14:13:00,서울역,인천공항2터미널
27881,공항철도,,운서,END,DOWN,0,A2121,,14:13:00,서울역,인천공항2터미널
27882,공항철도,,공항화물청사,SAT,DOWN,0,A2121,,14:18:00,서울역,인천공항2터미널
27883,공항철도,,공항화물청사,END,DOWN,0,A2121,,14:18:00,서울역,인천공항2터미널
27884,공항철도,,인천공항1터미널,SAT,DOWN,0,A2121,,14:22:00,서울역,인천공항2터미널
27885,공항철도,,인천공항1터미널,END,DOWN,0,A2121,,14:22:00,서울역,인천공항2터미널
27886,공항철도,,인천공항2터미널,DAY,DOWN,0,A2122,,13:07:00,인천공항2터미널,서울역
27887,공항철도,,인천공항1터미널,DAY,DOWN,0,A2122,,13:13:00,인천공항2터미널,서울역
27888,공항철도,,공항화물청사,DAY,DOWN,0,A2122,,13:17:00,인천공항2터미널,서울역
27889,공항철도,,운서,DAY,DOWN,0,A2122,,13:21:00,인천공항2터미널,서울역
27890,공항철도,,영종,DAY,DOWN,0,A2122,,13:25:00,인천공항2터미널,서울역
27891,공항철도,,청라국제도시,DAY,DOWN,0,A2122,,13:34:00,인천공항2터미널,서울역
27892,공항철도,,검암,DAY,DOWN,0,A2122,,13:39:00,인천공항2터미널,서울역
27893,공항철도,,계양,DAY,DOWN,0,A2122,,13:45:00,인천공항2터미널,서울역
27894,공항철도,,김포공항,DAY,DOWN,0,A2122,,13:51:00,인천공항2터미널,서울역
27895,공항철도,,마곡나루,DAY,DOWN,0,A2122,,13:54:00,인천공항2터미널,서울역
27896,공항철도,,디지털미디어시티,DAY,DOWN,0,A2122,,14:03:00,인천공항2터미널,서울역
27897,공항철도,,홍대입구,DAY,DOWN,0,A2122,,14:07:00,인천공항2터미널,서울역
27898,공항철도,,공덕,DAY,DOWN,0,A2122,,14:11:00,인천공항2터미널,서울역
27899,공항철도,,인천공항2터미널,SAT,DOWN,0,A2122,,12:26:00,인천공항2터미널,서울역
27900,공항철도,,인천공항2터미널,END,DOWN,0,A2122,,12:26:00,인천공항2터미널,서울역
27901,공항철도,,인천공항1터미널,SAT,DOWN,0,A2122,,12:33:00,인천공항2터미널,서울역
27902,공항철도,,인천공항1터미널,END,DOWN,0,A2122,,12:33:00,인천공항2터미널,서울역
27903,공항철도,,공항화물청사,SAT,DOWN,0,A2122,,12:36:00,인천공항2터미널,서울역
27904,공항철도,,공항화물청사,END,DOWN,0,A2122,,12:36:00,인천공항2터미널,서울역
27905,공항철도,,운서,SAT,DOWN,0,A2122,,12:41:00,인천공항2터미널,서울역
27906,공항철도,,운서,END,DOWN,0,A2122,,12:41:00,인천공항2터미널,서울역
27907,공항철도,,영종,SAT,DOWN,0,A2122,,12:45:00,인천공항2터미널,서울역
27908,공항철도,,영종,END,DOWN,0,A2122,,12:45:00,인천공항2터미널,서울역
27909,공항철도,,청라국제도시,SAT,DOWN,0,A2122,,12:53:00,인천공항2터미널,서울역
27910,공항철도,,청라국제도시,END,DOWN,0,A2122,,12:53:00,인천공항2터미널,서울역
27911,공항철도,,검암,SAT,DOWN,0,A2122,,12:58:00,인천공항2터미널,서울역
27912,공항철도,,검암,END,DOWN,0,A2122,,12:58:00,인천공항2터미널,서울역
27913,공항철도,,계양,SAT,DOWN,0,A2122,,13:04:00,인천공항2터미널,서울역
27914,공항철도,,계양,END,DOWN,0,A2122,,13:04:00,인천공항2터미널,서울역
27915,공항철도,,김포공항,SAT,DOWN,0,A2122,,13:11:00,인천공항2터미널,서울역
27916,공항철도,,김포공항,END,DOWN,0,A2122,,13:11:00,인천공항2터미널,서울역
27917,공항철도,,마곡나루,SAT,DOWN,0,A2122,,13:14:00,인천공항2터미널,서울역
27918,공항철도,,마곡나루,END,DOWN,0,A2122,,13:14:00,인천공항2터미널,서울역
27919,공항철도,,디지털미디어시티,SAT,DOWN,0,A2122,,13:21:00,인천공항2터미널,서울역
27920,공항철도,,디지털미디어시티,END,DOWN,0,A2122,,13:21:00,인천공항2터미널,서울역
27921,공항철도,,홍대입구,SAT,DOWN,0,A2122,,13:25:00,인천공항2터미널,서울역
27922,공항철도,,홍대입구,END,DOWN,0,A2122,,13:25:00,인천공항2터미널,서울역
27923,공항철도,,공덕,SAT,DOWN,0,A2122,,13:29:00,인천공항2터미널,서울역
27924,공항철도,,공덕,END,DOWN,0,A2122,,13:29:00,인천공항2터미널,서울역
27925,공항철도,,서울역,DAY,DOWN,0,A2123,,14:06:00,서울역,인천공항2터미널
27926,공항철도,,공덕,DAY,DOWN,0,A2123,,14:10:00,서울역,인천공항2터미널
27927,공항철도,,홍대입구,DAY,DOWN,0,A2123,,14:14:00,서울역,인천공항2터미널
27928,공항철도,,디지털미디어시티,DAY,DOWN,0,A2123,,14:19:00,서울역,인천공항2터미널
27929,공항철도,,마곡나루,DAY,DOWN,0,A2123,,14:27:00,서울역,인천공항2터미널
27930,공항철도,,김포공항,DAY,DOWN,0,A2123,,14:30:00,서울역,인천공항2터미널
27931,공항철도,,계양,DAY,DOWN,0,A2123,,14:36:00,서울역,인천공항2터미널
27932,공항철도,,검암,DAY,DOWN,0,A2123,,14:42:00,서울역,인천공항2터미널
27933,공항철도,,청라국제도시,DAY,DOWN,0,A2123,,14:47:00,서울역,인천공항2터미널
27934,공항철도,,영종,DAY,DOWN,0,A2123,,14:56:00,서울역,인천공항2터미널
27935,공항철도,,운서,DAY,DOWN,0,A2123,,15:00:00,서울역,인천공항2터미널
27936,공항철도,,공항화물청사,DAY,DOWN,0,A2123,,15:04:00,서울역,인천공항2터미널
27937,공항철도,,인천공항1터미널,DAY,DOWN,0,A2123,,15:08:00,서울역,인천공항2터미널
27938,공항철도,,서울역,SAT,DOWN,0,A2123,,13:26:00,서울역,인천공항2터미널
27939,공항철도,,서울역,END,DOWN,0,A2123,,13:26:00,서울역,인천공항2터미널
27940,공항철도,,공덕,SAT,DOWN,0,A2123,,13:30:00,서울역,인천공항2터미널
27941,공항철도,,공덕,END,DOWN,0,A2123,,13:30:00,서울역,인천공항2터미널
27942,공항철도,,홍대입구,SAT,DOWN,0,A2123,,13:34:00,서울역,인천공항2터미널
27943,공항철도,,홍대입구,END,DOWN,0,A2123,,13:34:00,서울역,인천공항2터미널
27944,공항철도,,디지털미디어시티,SAT,DOWN,0,A2123,,13:39:00,서울역,인천공항2터미널
27945,공항철도,,디지털미디어시티,END,DOWN,0,A2123,,13:39:00,서울역,인천공항2터미널
27946,공항철도,,마곡나루,SAT,DOWN,0,A2123,,13:47:00,서울역,인천공항2터미널
27947,공항철도,,마곡나루,END,DOWN,0,A2123,,13:47:00,서울역,인천공항2터미널
27948,공항철도,,김포공항,SAT,DOWN,0,A2123,,13:50:00,서울역,인천공항2터미널
27949,공항철도,,김포공항,END,DOWN,0,A2123,,13:50:00,서울역,인천공항2터미널
27950,공항철도,,계양,SAT,DOWN,0,A2123,,13:56:00,서울역,인천공항2터미널
27951,공항철도,,계양,END,DOWN,0,A2123,,13:56:00,서울역,인천공항2터미널
27952,공항철도,,검암,SAT,DOWN,0,A2123,,14:02:00,서울역,인천공항2터미널
27953,공항철도,,검암,END,DOWN,0,A2123,,14:02:00,서울역,인천공항2터미널
27954,공항철도,,청라국제도시,SAT,DOWN,0,A2123,,14:07:00,서울역,인천공항2터미널
27955,공항철도,,청라국제도시,END,DOWN,0,A2123,,14:07:00,서울역,인천공항2터미널
27956,공항철도,,영종,SAT,DOWN,0,A2123,,14:16:00,서울역,인천공항2터미널
27957,공항철도,,영종,END,DOWN,0,A2123,,14:16:00,서울역,인천공항2터미널
27958,공항철도,,운서,SAT,DOWN,0,A2123,,14:20:00,서울역,인천공항2터미널
27959,공항철도,,운서,END,DOWN,0,A2123,,14:20:00,서울역,인천공항2터미널
27960,공항철도,,공항화물청사,SAT,DOWN,0,A2123,,14:24:00,서울역,인천공항2터미널
27961,공항철도,,공항화물청사,END,DOWN,0,A2123,,14:24:00,서울역,인천공항2터미널
27962,공항철도,,인천공항1터미널,SAT,DOWN,0,A2123,,14:28:00,서울역,인천공항2터미널
27963,공항철도,,인천공항1터미널,END,DOWN,0,A2123,,14:28:00,서울역,인천공항2터미널
27964,공항철도,,인천공항2터미널,DAY,DOWN,0,A2124,,13:13:00,인천공항2터미널,서울역
27965,공항철도,,인천공항1터미널,DAY,DOWN,0,A2124,,13:20:00,인천공항2터미널,서울역
27966,공항철도,,공항화물청사,DAY,DOWN,0,A2124,,13:23:00,인천공항2터미널,서울역
27967,공항철도,,운서,DAY,DOWN,0,A2124,,13:28:00,인천공항2터미널,서울역
27968,공항철도,,영종,DAY,DOWN,0,A2124,,13:32:00,인천공항2터미널,서울역
27969,공항철도,,청라국제도시,DAY,DOWN,0,A2124,,13:40:00,인천공항2터미널,서울역
27970,공항철도,,검암,DAY,DOWN,0,A2124,,13:47:00,인천공항2터미널,서울역
27971,공항철도,,계양,DAY,DOWN,0,A2124,,13:53:00,인천공항2터미널,서울역
27972,공항철도,,김포공항,DAY,DOWN,0,A2124,,13:59:00,인천공항2터미널,서울역
27973,공항철도,,마곡나루,DAY,DOWN,0,A2124,,14:02:00,인천공항2터미널,서울역
27974,공항철도,,디지털미디어시티,DAY,DOWN,0,A2124,,14:10:00,인천공항2터미널,서울역
27975,공항철도,,홍대입구,DAY,DOWN,0,A2124,,14:14:00,인천공항2터미널,서울역
27976,공항철도,,공덕,DAY,DOWN,0,A2124,,14:17:00,인천공항2터미널,서울역
27977,공항철도,,인천공항2터미널,SAT,DOWN,0,A2124,,12:32:00,인천공항2터미널,서울역
27978,공항철도,,인천공항2터미널,END,DOWN,0,A2124,,12:32:00,인천공항2터미널,서울역
27979,공항철도,,인천공항1터미널,SAT,DOWN,0,A2124,,12:39:00,인천공항2터미널,서울역
27980,공항철도,,인천공항1터미널,END,DOWN,0,A2124,,12:39:00,인천공항2터미널,서울역
27981,공항철도,,공항화물청사,SAT,DOWN,0,A2124,,12:42:00,인천공항2터미널,서울역
27982,공항철도,,공항화물청사,END,DOWN,0,A2124,,12:42:00,인천공항2터미널,서울역
27983,공항철도,,운서,SAT,DOWN,0,A2124,,12:47:00,인천공항2터미널,서울역
27984,공항철도,,운서,END,DOWN,0,A2124,,12:47:00,인천공항2터미널,서울역
27985,공항철도,,영종,SAT,DOWN,0,A2124,,12:51:00,인천공항2터미널,서울역
27986,공항철도,,영종,END,DOWN,0,A2124,,12:51:00,인천공항2터미널,서울역
27987,공항철도,,청라국제도시,SAT,DOWN,0,A2124,,12:59:00,인천공항2터미널,서울역
27988,공항철도,,청라국제도시,END,DOWN,0,A2124,,12:59:00,인천공항2터미널,서울역
27989,공항철도,,검암,SAT,DOWN,0,A2124,,13:04:00,인천공항2터미널,서울역
27990,공항철도,,검암,END,DOWN,0,A2124,,13:04:00,인천공항2터미널,서울역
27991,공항철도,,계양,SAT,DOWN,0,A2124,,13:10:00,인천공항2터미널,서울역
27992,공항철도,,계양,END,DOWN,0,A2124,,13:10:00,인천공항2터미널,서울역
27993,공항철도,,김포공항,SAT,DOWN,0,A2124,,13:17:00,인천공항2터미널,서울역
27994,공항철도,,김포공항,END,DOWN,0,A2124,,13:17:00,인천공항2터미널,서울역
27995,공항철도,,마곡나루,SAT,DOWN,0,A2124,,13:20:00,인천공항2터미널,서울역
27996,공항철도,,마곡나루,END,DOWN,0,A2124,,13:20:00,인천공항2터미널,서울역
27997,공항철도,,디지털미디어시티,SAT,DOWN,0,A2124,,13:29:00,인천공항2터미널,서울역
27998,공항철도,,디지털미디어시티,END,DOWN,0,A2124,,13:29:00,인천공항2터미널,서울역
27999,공항철도,,홍대입구,SAT,DOWN,0,A2124,,13:33:00,인천공항2터미널,서울역
28000,공항철도,,홍대입구,END,DOWN,0,A2124,,13:33:00,인천공항2터미널,서울역
28001,공항철도,,공덕,SAT,DOWN,0,A2124,,13:36:00,인천공항2터미널,서울역
28002,공항철도,,공덕,END,DOWN,0,A2124,,13:36:00,인천공항2터미널,서울역
28003,공항철도,,서울역,DAY,DOWN,0,A2125,,14:15:00,서울역,인천공항2터미널
28004,공항철도,,공덕,DAY,DOWN,0,A2125,,14:19:00,서울역,인천공항2터미널
28005,공항철도,,홍대입구,DAY,DOWN,0,A2125,,14:23:00,서울역,인천공항2터미널
28006,공항철도,,디지털미디어시티,DAY,DOWN,0,A2125,,14:27:00,서울역,인천공항2터미널
28007,공항철도,,마곡나루,DAY,DOWN,0,A2125,,14:34:00,서울역,인천공항2터미널
28008,공항철도,,김포공항,DAY,DOWN,0,A2125,,14:37:00,서울역,인천공항2터미널
28009,공항철도,,계양,DAY,DOWN,0,A2125,,14:44:00,서울역,인천공항2터미널
28010,공항철도,,검암,DAY,DOWN,0,A2125,,14:50:00,서울역,인천공항2터미널
28011,공항철도,,청라국제도시,DAY,DOWN,0,A2125,,14:55:00,서울역,인천공항2터미널
28012,공항철도,,영종,DAY,DOWN,0,A2125,,15:03:00,서울역,인천공항2터미널
28013,공항철도,,운서,DAY,DOWN,0,A2125,,15:07:00,서울역,인천공항2터미널
28014,공항철도,,공항화물청사,DAY,DOWN,0,A2125,,15:12:00,서울역,인천공항2터미널
28015,공항철도,,인천공항1터미널,DAY,DOWN,0,A2125,,15:16:00,서울역,인천공항2터미널
28016,공항철도,,서울역,SAT,DOWN,0,A2125,,13:34:00,서울역,인천공항2터미널
28017,공항철도,,서울역,END,DOWN,0,A2125,,13:34:00,서울역,인천공항2터미널
28018,공항철도,,공덕,SAT,DOWN,0,A2125,,13:39:00,서울역,인천공항2터미널
28019,공항철도,,공덕,END,DOWN,0,A2125,,13:39:00,서울역,인천공항2터미널
28020,공항철도,,홍대입구,SAT,DOWN,0,A2125,,13:42:00,서울역,인천공항2터미널
28021,공항철도,,홍대입구,END,DOWN,0,A2125,,13:42:00,서울역,인천공항2터미널
28022,공항철도,,디지털미디어시티,SAT,DOWN,0,A2125,,13:46:00,서울역,인천공항2터미널
28023,공항철도,,디지털미디어시티,END,DOWN,0,A2125,,13:46:00,서울역,인천공항2터미널
28024,공항철도,,마곡나루,SAT,DOWN,0,A2125,,13:54:00,서울역,인천공항2터미널
28025,공항철도,,마곡나루,END,DOWN,0,A2125,,13:54:00,서울역,인천공항2터미널
28026,공항철도,,김포공항,SAT,DOWN,0,A2125,,13:57:00,서울역,인천공항2터미널
28027,공항철도,,김포공항,END,DOWN,0,A2125,,13:57:00,서울역,인천공항2터미널
28028,공항철도,,계양,SAT,DOWN,0,A2125,,14:03:00,서울역,인천공항2터미널
28029,공항철도,,계양,END,DOWN,0,A2125,,14:03:00,서울역,인천공항2터미널
28030,공항철도,,검암,SAT,DOWN,0,A2125,,14:09:00,서울역,인천공항2터미널
28031,공항철도,,검암,END,DOWN,0,A2125,,14:09:00,서울역,인천공항2터미널
28032,공항철도,,청라국제도시,SAT,DOWN,0,A2125,,14:14:00,서울역,인천공항2터미널
28033,공항철도,,청라국제도시,END,DOWN,0,A2125,,14:14:00,서울역,인천공항2터미널
28034,공항철도,,영종,SAT,DOWN,0,A2125,,14:23:00,서울역,인천공항2터미널
28035,공항철도,,영종,END,DOWN,0,A2125,,14:23:00,서울역,인천공항2터미널
28036,공항철도,,운서,SAT,DOWN,0,A2125,,14:27:00,서울역,인천공항2터미널
28037,공항철도,,운서,END,DOWN,0,A2125,,14:27:00,서울역,인천공항2터미널
28038,공항철도,,공항화물청사,SAT,DOWN,0,A2125,,14:31:00,서울역,인천공항2터미널
28039,공항철도,,공항화물청사,END,DOWN,0,A2125,,14:31:00,서울역,인천공항2터미널
28040,공항철도,,인천공항1터미널,SAT,DOWN,0,A2125,,14:35:00,서울역,인천공항2터미널
28041,공항철도,,인천공항1터미널,END,DOWN,0,A2125,,14:35:00,서울역,인천공항2터미널
28042,공항철도,,인천공항2터미널,DAY,DOWN,0,A2126,,13:23:00,인천공항2터미널,서울역
28043,공항철도,,인천공항1터미널,DAY,DOWN,0,A2126,,13:30:00,인천공항2터미널,서울역
28044,공항철도,,공항화물청사,DAY,DOWN,0,A2126,,13:33:00,인천공항2터미널,서울역
28045,공항철도,,운서,DAY,DOWN,0,A2126,,13:38:00,인천공항2터미널,서울역
28046,공항철도,,영종,DAY,DOWN,0,A2126,,13:42:00,인천공항2터미널,서울역
28047,공항철도,,청라국제도시,DAY,DOWN,0,A2126,,13:50:00,인천공항2터미널,서울역
28048,공항철도,,검암,DAY,DOWN,0,A2126,,13:55:00,인천공항2터미널,서울역
28049,공항철도,,계양,DAY,DOWN,0,A2126,,14:01:00,인천공항2터미널,서울역
28050,공항철도,,김포공항,DAY,DOWN,0,A2126,,14:08:00,인천공항2터미널,서울역
28051,공항철도,,마곡나루,DAY,DOWN,0,A2126,,14:11:00,인천공항2터미널,서울역
28052,공항철도,,디지털미디어시티,DAY,DOWN,0,A2126,,14:18:00,인천공항2터미널,서울역
28053,공항철도,,홍대입구,DAY,DOWN,0,A2126,,14:22:00,인천공항2터미널,서울역
28054,공항철도,,공덕,DAY,DOWN,0,A2126,,14:26:00,인천공항2터미널,서울역
28055,공항철도,,인천공항2터미널,SAT,DOWN,0,A2126,,12:42:00,인천공항2터미널,서울역
28056,공항철도,,인천공항2터미널,END,DOWN,0,A2126,,12:42:00,인천공항2터미널,서울역
28057,공항철도,,인천공항1터미널,SAT,DOWN,0,A2126,,12:48:00,인천공항2터미널,서울역
28058,공항철도,,인천공항1터미널,END,DOWN,0,A2126,,12:48:00,인천공항2터미널,서울역
28059,공항철도,,공항화물청사,SAT,DOWN,0,A2126,,12:52:00,인천공항2터미널,서울역
28060,공항철도,,공항화물청사,END,DOWN,0,A2126,,12:52:00,인천공항2터미널,서울역
28061,공항철도,,운서,SAT,DOWN,0,A2126,,12:56:00,인천공항2터미널,서울역
28062,공항철도,,운서,END,DOWN,0,A2126,,12:56:00,인천공항2터미널,서울역
28063,공항철도,,영종,SAT,DOWN,0,A2126,,13:02:00,인천공항2터미널,서울역
28064,공항철도,,영종,END,DOWN,0,A2126,,13:02:00,인천공항2터미널,서울역
28065,공항철도,,청라국제도시,SAT,DOWN,0,A2126,,13:10:00,인천공항2터미널,서울역
28066,공항철도,,청라국제도시,END,DOWN,0,A2126,,13:10:00,인천공항2터미널,서울역
28067,공항철도,,검암,SAT,DOWN,0,A2126,,13:15:00,인천공항2터미널,서울역
28068,공항철도,,검암,END,DOWN,0,A2126,,13:15:00,인천공항2터미널,서울역
28069,공항철도,,계양,SAT,DOWN,0,A2126,,13:21:00,인천공항2터미널,서울역
28070,공항철도,,계양,END,DOWN,0,A2126,,13:21:00,인천공항2터미널,서울역
28071,공항철도,,김포공항,SAT,DOWN,0,A2126,,13:28:00,인천공항2터미널,서울역
28072,공항철도,,김포공항,END,DOWN,0,A2126,,13:28:00,인천공항2터미널,서울역
28073,공항철도,,마곡나루,SAT,DOWN,0,A2126,,13:31:00,인천공항2터미널,서울역
28074,공항철도,,마곡나루,END,DOWN,0,A2126,,13:31:00,인천공항2터미널,서울역
28075,공항철도,,디지털미디어시티,SAT,DOWN,0,A2126,,13:38:00,인천공항2터미널,서울역
28076,공항철도,,디지털미디어시티,END,DOWN,0,A2126,,13:38:00,인천공항2터미널,서울역
28077,공항철도,,홍대입구,SAT,DOWN,0,A2126,,13:42:00,인천공항2터미널,서울역
28078,공항철도,,홍대입구,END,DOWN,0,A2126,,13:42:00,인천공항2터미널,서울역
28079,공항철도,,공덕,SAT,DOWN,0,A2126,,13:46:00,인천공항2터미널,서울역
28080,공항철도,,공덕,END,DOWN,0,A2126,,13:46:00,인천공항2터미널,서울역
28081,공항철도,,서울역,DAY,DOWN,0,A2127,,14:28:00,서울역,인천공항2터미널
28082,공항철도,,공덕,DAY,DOWN,0,A2127,,14:33:00,서울역,인천공항2터미널
28083,공항철도,,홍대입구,DAY,DOWN,0,A2127,,14:36:00,서울역,인천공항2터미널
28084,공항철도,,디지털미디어시티,DAY,DOWN,0,A2127,,14:40:00,서울역,인천공항2터미널
28085,공항철도,,마곡나루,DAY,DOWN,0,A2127,,14:48:00,서울역,인천공항2터미널
28086,공항철도,,김포공항,DAY,DOWN,0,A2127,,14:51:00,서울역,인천공항2터미널
28087,공항철도,,계양,DAY,DOWN,0,A2127,,14:57:00,서울역,인천공항2터미널
28088,공항철도,,검암,DAY,DOWN,0,A2127,,15:03:00,서울역,인천공항2터미널
28089,공항철도,,청라국제도시,DAY,DOWN,0,A2127,,15:08:00,서울역,인천공항2터미널
28090,공항철도,,영종,DAY,DOWN,0,A2127,,15:17:00,서울역,인천공항2터미널
28091,공항철도,,운서,DAY,DOWN,0,A2127,,15:21:00,서울역,인천공항2터미널
28092,공항철도,,공항화물청사,DAY,DOWN,0,A2127,,15:25:00,서울역,인천공항2터미널
28093,공항철도,,인천공항1터미널,DAY,DOWN,0,A2127,,15:29:00,서울역,인천공항2터미널
28094,공항철도,,서울역,SAT,DOWN,0,A2127,,13:42:00,서울역,인천공항2터미널
28095,공항철도,,서울역,END,DOWN,0,A2127,,13:42:00,서울역,인천공항2터미널
28096,공항철도,,공덕,SAT,DOWN,0,A2127,,13:46:00,서울역,인천공항2터미널
28097,공항철도,,공덕,END,DOWN,0,A2127,,13:46:00,서울역,인천공항2터미널
28098,공항철도,,홍대입구,SAT,DOWN,0,A2127,,13:50:00,서울역,인천공항2터미널
28099,공항철도,,홍대입구,END,DOWN,0,A2127,,13:50:00,서울역,인천공항2터미널
28100,공항철도,,디지털미디어시티,SAT,DOWN,0,A2127,,13:54:00,서울역,인천공항2터미널
28101,공항철도,,디지털미디어시티,END,DOWN,0,A2127,,13:54:00,서울역,인천공항2터미널
28102,공항철도,,마곡나루,SAT,DOWN,0,A2127,,14:01:00,서울역,인천공항2터미널
28103,공항철도,,마곡나루,END,DOWN,0,A2127,,14:01:00,서울역,인천공항2터미널
28104,공항철도,,김포공항,SAT,DOWN,0,A2127,,14:04:00,서울역,인천공항2터미널
28105,공항철도,,김포공항,END,DOWN,0,A2127,,14:04:00,서울역,인천공항2터미널
28106,공항철도,,계양,SAT,DOWN,0,A2127,,14:11:00,서울역,인천공항2터미널
28107,공항철도,,계양,END,DOWN,0,A2127,,14:11:00,서울역,인천공항2터미널
28108,공항철도,,검암,SAT,DOWN,0,A2127,,14:17:00,서울역,인천공항2터미널
28109,공항철도,,검암,END,DOWN,0,A2127,,14:17:00,서울역,인천공항2터미널
28110,공항철도,,청라국제도시,SAT,DOWN,0,A2127,,14:22:00,서울역,인천공항2터미널
28111,공항철도,,청라국제도시,END,DOWN,0,A2127,,14:22:00,서울역,인천공항2터미널
28112,공항철도,,영종,SAT,DOWN,0,A2127,,14:30:00,서울역,인천공항2터미널
28113,공항철도,,영종,END,DOWN,0,A2127,,14:30:00,서울역,인천공항2터미널
28114,공항철도,,운서,SAT,DOWN,0,A2127,,14:34:00,서울역,인천공항2터미널
28115,공항철도,,운서,END,DOWN,0,A2127,,14:34:00,서울역,인천공항2터미널
28116,공항철도,,공항화물청사,SAT,DOWN,0,A2127,,14:39:00,서울역,인천공항2터미널
28117,공항철도,,공항화물청사,END,DOWN,0,A2127,,14:39:00,서울역,인천공항2터미널
28118,공항철도,,인천공항1터미널,SAT,DOWN,0,A2127,,14:43:00,서울역,인천공항2터미널
28119,공항철도,,인천공항1터미널,END,DOWN,0,A2127,,14:43:00,서울역,인천공항2터미널
28120,공항철도,,인천공항2터미널,DAY,DOWN,0,A2128,,13:30:00,인천공항2터미널,서울역
28121,공항철도,,인천공항1터미널,DAY,DOWN,0,A2128,,13:37:00,인천공항2터미널,서울역
28122,공항철도,,공항화물청사,DAY,DOWN,0,A2128,,13:40:00,인천공항2터미널,서울역
28123,공항철도,,운서,DAY,DOWN,0,A2128,,13:45:00,인천공항2터미널,서울역
28124,공항철도,,영종,DAY,DOWN,0,A2128,,13:49:00,인천공항2터미널,서울역
28125,공항철도,,청라국제도시,DAY,DOWN,0,A2128,,13:57:00,인천공항2터미널,서울역
28126,공항철도,,검암,DAY,DOWN,0,A2128,,14:02:00,인천공항2터미널,서울역
28127,공항철도,,계양,DAY,DOWN,0,A2128,,14:08:00,인천공항2터미널,서울역
28128,공항철도,,김포공항,DAY,DOWN,0,A2128,,14:15:00,인천공항2터미널,서울역
28129,공항철도,,마곡나루,DAY,DOWN,0,A2128,,14:18:00,인천공항2터미널,서울역
28130,공항철도,,디지털미디어시티,DAY,DOWN,0,A2128,,14:25:00,인천공항2터미널,서울역
28131,공항철도,,홍대입구,DAY,DOWN,0,A2128,,14:29:00,인천공항2터미널,서울역
28132,공항철도,,공덕,DAY,DOWN,0,A2128,,14:33:00,인천공항2터미널,서울역
28133,공항철도,,인천공항2터미널,SAT,DOWN,0,A2128,,12:51:00,인천공항2터미널,서울역
28134,공항철도,,인천공항2터미널,END,DOWN,0,A2128,,12:51:00,인천공항2터미널,서울역
28135,공항철도,,인천공항1터미널,SAT,DOWN,0,A2128,,12:58:00,인천공항2터미널,서울역
28136,공항철도,,인천공항1터미널,END,DOWN,0,A2128,,12:58:00,인천공항2터미널,서울역
28137,공항철도,,공항화물청사,SAT,DOWN,0,A2128,,13:01:00,인천공항2터미널,서울역
28138,공항철도,,공항화물청사,END,DOWN,0,A2128,,13:01:00,인천공항2터미널,서울역
28139,공항철도,,운서,SAT,DOWN,0,A2128,,13:06:00,인천공항2터미널,서울역
28140,공항철도,,운서,END,DOWN,0,A2128,,13:06:00,인천공항2터미널,서울역
28141,공항철도,,영종,SAT,DOWN,0,A2128,,13:10:00,인천공항2터미널,서울역
28142,공항철도,,영종,END,DOWN,0,A2128,,13:10:00,인천공항2터미널,서울역
28143,공항철도,,청라국제도시,SAT,DOWN,0,A2128,,13:18:00,인천공항2터미널,서울역
28144,공항철도,,청라국제도시,END,DOWN,0,A2128,,13:18:00,인천공항2터미널,서울역
28145,공항철도,,검암,SAT,DOWN,0,A2128,,13:23:00,인천공항2터미널,서울역
28146,공항철도,,검암,END,DOWN,0,A2128,,13:23:00,인천공항2터미널,서울역
28147,공항철도,,계양,SAT,DOWN,0,A2128,,13:29:00,인천공항2터미널,서울역
28148,공항철도,,계양,END,DOWN,0,A2128,,13:29:00,인천공항2터미널,서울역
28149,공항철도,,김포공항,SAT,DOWN,0,A2128,,13:36:00,인천공항2터미널,서울역
28150,공항철도,,김포공항,END,DOWN,0,A2128,,13:36:00,인천공항2터미널,서울역
28151,공항철도,,마곡나루,SAT,DOWN,0,A2128,,13:39:00,인천공항2터미널,서울역
28152,공항철도,,마곡나루,END,DOWN,0,A2128,,13:39:00,인천공항2터미널,서울역
28153,공항철도,,디지털미디어시티,SAT,DOWN,0,A2128,,13:46:00,인천공항2터미널,서울역
28154,공항철도,,디지털미디어시티,END,DOWN,0,A2128,,13:46:00,인천공항2터미널,서울역
28155,공항철도,,홍대입구,SAT,DOWN,0,A2128,,13:50:00,인천공항2터미널,서울역
28156,공항철도,,홍대입구,END,DOWN,0,A2128,,13:50:00,인천공항2터미널,서울역
28157,공항철도,,공덕,SAT,DOWN,0,A2128,,13:54:00,인천공항2터미널,서울역
28158,공항철도,,공덕,END,DOWN,0,A2128,,13:54:00,인천공항2터미널,서울역
28159,공항철도,,서울역,DAY,DOWN,0,A2129,,14:36:00,서울역,인천공항2터미널
28160,공항철도,,공덕,DAY,DOWN,0,A2129,,14:40:00,서울역,인천공항2터미널
28161,공항철도,,홍대입구,DAY,DOWN,0,A2129,,14:44:00,서울역,인천공항2터미널
28162,공항철도,,디지털미디어시티,DAY,DOWN,0,A2129,,14:48:00,서울역,인천공항2터미널
28163,공항철도,,마곡나루,DAY,DOWN,0,A2129,,14:55:00,서울역,인천공항2터미널
28164,공항철도,,김포공항,DAY,DOWN,0,A2129,,14:58:00,서울역,인천공항2터미널
28165,공항철도,,계양,DAY,DOWN,0,A2129,,15:05:00,서울역,인천공항2터미널
28166,공항철도,,검암,DAY,DOWN,0,A2129,,15:11:00,서울역,인천공항2터미널
28167,공항철도,,청라국제도시,DAY,DOWN,0,A2129,,15:16:00,서울역,인천공항2터미널
28168,공항철도,,영종,DAY,DOWN,0,A2129,,15:26:00,서울역,인천공항2터미널
28169,공항철도,,운서,DAY,DOWN,0,A2129,,15:30:00,서울역,인천공항2터미널
28170,공항철도,,공항화물청사,DAY,DOWN,0,A2129,,15:34:00,서울역,인천공항2터미널
28171,공항철도,,인천공항1터미널,DAY,DOWN,0,A2129,,15:38:00,서울역,인천공항2터미널
28172,공항철도,,서울역,SAT,DOWN,0,A2129,,13:49:00,서울역,인천공항2터미널
28173,공항철도,,서울역,END,DOWN,0,A2129,,13:49:00,서울역,인천공항2터미널
28174,공항철도,,공덕,SAT,DOWN,0,A2129,,13:54:00,서울역,인천공항2터미널
28175,공항철도,,공덕,END,DOWN,0,A2129,,13:54:00,서울역,인천공항2터미널
28176,공항철도,,홍대입구,SAT,DOWN,0,A2129,,13:57:00,서울역,인천공항2터미널
28177,공항철도,,홍대입구,END,DOWN,0,A2129,,13:57:00,서울역,인천공항2터미널
28178,공항철도,,디지털미디어시티,SAT,DOWN,0,A2129,,14:01:00,서울역,인천공항2터미널
28179,공항철도,,디지털미디어시티,END,DOWN,0,A2129,,14:01:00,서울역,인천공항2터미널
28180,공항철도,,마곡나루,SAT,DOWN,0,A2129,,14:09:00,서울역,인천공항2터미널
28181,공항철도,,마곡나루,END,DOWN,0,A2129,,14:09:00,서울역,인천공항2터미널
28182,공항철도,,김포공항,SAT,DOWN,0,A2129,,14:12:00,서울역,인천공항2터미널
28183,공항철도,,김포공항,END,DOWN,0,A2129,,14:12:00,서울역,인천공항2터미널
28184,공항철도,,계양,SAT,DOWN,0,A2129,,14:18:00,서울역,인천공항2터미널
28185,공항철도,,계양,END,DOWN,0,A2129,,14:18:00,서울역,인천공항2터미널
28186,공항철도,,검암,SAT,DOWN,0,A2129,,14:24:00,서울역,인천공항2터미널
28187,공항철도,,검암,END,DOWN,0,A2129,,14:24:00,서울역,인천공항2터미널
28188,공항철도,,청라국제도시,SAT,DOWN,0,A2129,,14:29:00,서울역,인천공항2터미널
28189,공항철도,,청라국제도시,END,DOWN,0,A2129,,14:29:00,서울역,인천공항2터미널
28190,공항철도,,영종,SAT,DOWN,0,A2129,,14:38:00,서울역,인천공항2터미널
28191,공항철도,,영종,END,DOWN,0,A2129,,14:38:00,서울역,인천공항2터미널
28192,공항철도,,운서,SAT,DOWN,0,A2129,,14:42:00,서울역,인천공항2터미널
28193,공항철도,,운서,END,DOWN,0,A2129,,14:42:00,서울역,인천공항2터미널
28194,공항철도,,공항화물청사,SAT,DOWN,0,A2129,,14:46:00,서울역,인천공항2터미널
28195,공항철도,,공항화물청사,END,DOWN,0,A2129,,14:46:00,서울역,인천공항2터미널
28196,공항철도,,인천공항1터미널,SAT,DOWN,0,A2129,,14:50:00,서울역,인천공항2터미널
28197,공항철도,,인천공항1터미널,END,DOWN,0,A2129,,14:50:00,서울역,인천공항2터미널
28198,공항철도,,인천공항2터미널,DAY,DOWN,0,A2130,,13:40:00,인천공항2터미널,서울역
28199,공항철도,,인천공항1터미널,DAY,DOWN,0,A2130,,13:47:00,인천공항2터미널,서울역
28200,공항철도,,공항화물청사,DAY,DOWN,0,A2130,,13:50:00,인천공항2터미널,서울역
28201,공항철도,,운서,DAY,DOWN,0,A2130,,13:55:00,인천공항2터미널,서울역
28202,공항철도,,영종,DAY,DOWN,0,A2130,,13:59:00,인천공항2터미널,서울역
28203,공항철도,,청라국제도시,DAY,DOWN,0,A2130,,14:07:00,인천공항2터미널,서울역
28204,공항철도,,검암,DAY,DOWN,0,A2130,,14:12:00,인천공항2터미널,서울역
28205,공항철도,,계양,DAY,DOWN,0,A2130,,14:18:00,인천공항2터미널,서울역
28206,공항철도,,김포공항,DAY,DOWN,0,A2130,,14:25:00,인천공항2터미널,서울역
28207,공항철도,,마곡나루,DAY,DOWN,0,A2130,,14:28:00,인천공항2터미널,서울역
28208,공항철도,,디지털미디어시티,DAY,DOWN,0,A2130,,14:35:00,인천공항2터미널,서울역
28209,공항철도,,홍대입구,DAY,DOWN,0,A2130,,14:39:00,인천공항2터미널,서울역
28210,공항철도,,공덕,DAY,DOWN,0,A2130,,14:43:00,인천공항2터미널,서울역
28211,공항철도,,인천공항2터미널,SAT,DOWN,0,A2130,,12:59:00,인천공항2터미널,서울역
28212,공항철도,,인천공항2터미널,END,DOWN,0,A2130,,12:59:00,인천공항2터미널,서울역
28213,공항철도,,인천공항1터미널,SAT,DOWN,0,A2130,,13:05:00,인천공항2터미널,서울역
28214,공항철도,,인천공항1터미널,END,DOWN,0,A2130,,13:05:00,인천공항2터미널,서울역
28215,공항철도,,공항화물청사,SAT,DOWN,0,A2130,,13:09:00,인천공항2터미널,서울역
28216,공항철도,,공항화물청사,END,DOWN,0,A2130,,13:09:00,인천공항2터미널,서울역
28217,공항철도,,운서,SAT,DOWN,0,A2130,,13:13:00,인천공항2터미널,서울역
28218,공항철도,,운서,END,DOWN,0,A2130,,13:13:00,인천공항2터미널,서울역
28219,공항철도,,영종,SAT,DOWN,0,A2130,,13:17:00,인천공항2터미널,서울역
28220,공항철도,,영종,END,DOWN,0,A2130,,13:17:00,인천공항2터미널,서울역
28221,공항철도,,청라국제도시,SAT,DOWN,0,A2130,,13:26:00,인천공항2터미널,서울역
28222,공항철도,,청라국제도시,END,DOWN,0,A2130,,13:26:00,인천공항2터미널,서울역
28223,공항철도,,검암,SAT,DOWN,0,A2130,,13:31:00,인천공항2터미널,서울역
28224,공항철도,,검암,END,DOWN,0,A2130,,13:31:00,인천공항2터미널,서울역
28225,공항철도,,계양,SAT,DOWN,0,A2130,,13:37:00,인천공항2터미널,서울역
28226,공항철도,,계양,END,DOWN,0,A2130,,13:37:00,인천공항2터미널,서울역
28227,공항철도,,김포공항,SAT,DOWN,0,A2130,,13:43:00,인천공항2터미널,서울역
28228,공항철도,,김포공항,END,DOWN,0,A2130,,13:43:00,인천공항2터미널,서울역
28229,공항철도,,마곡나루,SAT,DOWN,0,A2130,,13:46:00,인천공항2터미널,서울역
28230,공항철도,,마곡나루,END,DOWN,0,A2130,,13:46:00,인천공항2터미널,서울역
28231,공항철도,,디지털미디어시티,SAT,DOWN,0,A2130,,13:54:00,인천공항2터미널,서울역
28232,공항철도,,디지털미디어시티,END,DOWN,0,A2130,,13:54:00,인천공항2터미널,서울역
28233,공항철도,,홍대입구,SAT,DOWN,0,A2130,,13:58:00,인천공항2터미널,서울역
28234,공항철도,,홍대입구,END,DOWN,0,A2130,,13:58:00,인천공항2터미널,서울역
28235,공항철도,,공덕,SAT,DOWN,0,A2130,,14:01:00,인천공항2터미널,서울역
28236,공항철도,,공덕,END,DOWN,0,A2130,,14:01:00,인천공항2터미널,서울역
28237,공항철도,,서울역,DAY,DOWN,0,A2131,,14:45:00,서울역,인천공항2터미널
28238,공항철도,,공덕,DAY,DOWN,0,A2131,,14:50:00,서울역,인천공항2터미널
28239,공항철도,,홍대입구,DAY,DOWN,0,A2131,,14:53:00,서울역,인천공항2터미널
28240,공항철도,,디지털미디어시티,DAY,DOWN,0,A2131,,14:59:00,서울역,인천공항2터미널
28241,공항철도,,마곡나루,DAY,DOWN,0,A2131,,15:06:00,서울역,인천공항2터미널
28242,공항철도,,김포공항,DAY,DOWN,0,A2131,,15:09:00,서울역,인천공항2터미널
28243,공항철도,,계양,DAY,DOWN,0,A2131,,15:16:00,서울역,인천공항2터미널
28244,공항철도,,검암,DAY,DOWN,0,A2131,,15:22:00,서울역,인천공항2터미널
28245,공항철도,,청라국제도시,DAY,DOWN,0,A2131,,15:27:00,서울역,인천공항2터미널
28246,공항철도,,영종,DAY,DOWN,0,A2131,,15:35:00,서울역,인천공항2터미널
28247,공항철도,,운서,DAY,DOWN,0,A2131,,15:39:00,서울역,인천공항2터미널
28248,공항철도,,공항화물청사,DAY,DOWN,0,A2131,,15:44:00,서울역,인천공항2터미널
28249,공항철도,,인천공항1터미널,DAY,DOWN,0,A2131,,15:48:00,서울역,인천공항2터미널
28250,공항철도,,서울역,SAT,DOWN,0,A2131,,13:59:00,서울역,인천공항2터미널
28251,공항철도,,서울역,END,DOWN,0,A2131,,13:59:00,서울역,인천공항2터미널
28252,공항철도,,공덕,SAT,DOWN,0,A2131,,14:03:00,서울역,인천공항2터미널
28253,공항철도,,공덕,END,DOWN,0,A2131,,14:03:00,서울역,인천공항2터미널
28254,공항철도,,홍대입구,SAT,DOWN,0,A2131,,14:07:00,서울역,인천공항2터미널
28255,공항철도,,홍대입구,END,DOWN,0,A2131,,14:07:00,서울역,인천공항2터미널
28256,공항철도,,디지털미디어시티,SAT,DOWN,0,A2131,,14:11:00,서울역,인천공항2터미널
28257,공항철도,,디지털미디어시티,END,DOWN,0,A2131,,14:11:00,서울역,인천공항2터미널
28258,공항철도,,마곡나루,SAT,DOWN,0,A2131,,14:18:00,서울역,인천공항2터미널
28259,공항철도,,마곡나루,END,DOWN,0,A2131,,14:18:00,서울역,인천공항2터미널
28260,공항철도,,김포공항,SAT,DOWN,0,A2131,,14:21:00,서울역,인천공항2터미널
28261,공항철도,,김포공항,END,DOWN,0,A2131,,14:21:00,서울역,인천공항2터미널
28262,공항철도,,계양,SAT,DOWN,0,A2131,,14:28:00,서울역,인천공항2터미널
28263,공항철도,,계양,END,DOWN,0,A2131,,14:28:00,서울역,인천공항2터미널
28264,공항철도,,검암,SAT,DOWN,0,A2131,,14:35:00,서울역,인천공항2터미널
28265,공항철도,,검암,END,DOWN,0,A2131,,14:35:00,서울역,인천공항2터미널
28266,공항철도,,청라국제도시,SAT,DOWN,0,A2131,,14:40:00,서울역,인천공항2터미널
28267,공항철도,,청라국제도시,END,DOWN,0,A2131,,14:40:00,서울역,인천공항2터미널
28268,공항철도,,영종,SAT,DOWN,0,A2131,,14:49:00,서울역,인천공항2터미널
28269,공항철도,,영종,END,DOWN,0,A2131,,14:49:00,서울역,인천공항2터미널
28270,공항철도,,운서,SAT,DOWN,0,A2131,,14:53:00,서울역,인천공항2터미널
28271,공항철도,,운서,END,DOWN,0,A2131,,14:53:00,서울역,인천공항2터미널
28272,공항철도,,공항화물청사,SAT,DOWN,0,A2131,,14:57:00,서울역,인천공항2터미널
28273,공항철도,,공항화물청사,END,DOWN,0,A2131,,14:57:00,서울역,인천공항2터미널
28274,공항철도,,인천공항1터미널,SAT,DOWN,0,A2131,,15:01:00,서울역,인천공항2터미널
28275,공항철도,,인천공항1터미널,END,DOWN,0,A2131,,15:01:00,서울역,인천공항2터미널
28276,공항철도,,인천공항2터미널,DAY,DOWN,0,A2132,,13:47:00,인천공항2터미널,서울역
28277,공항철도,,인천공항1터미널,DAY,DOWN,0,A2132,,13:54:00,인천공항2터미널,서울역
28278,공항철도,,공항화물청사,DAY,DOWN,0,A2132,,13:57:00,인천공항2터미널,서울역
28279,공항철도,,운서,DAY,DOWN,0,A2132,,14:02:00,인천공항2터미널,서울역
28280,공항철도,,영종,DAY,DOWN,0,A2132,,14:06:00,인천공항2터미널,서울역
28281,공항철도,,청라국제도시,DAY,DOWN,0,A2132,,14:14:00,인천공항2터미널,서울역
28282,공항철도,,검암,DAY,DOWN,0,A2132,,14:19:00,인천공항2터미널,서울역
28283,공항철도,,계양,DAY,DOWN,0,A2132,,14:25:00,인천공항2터미널,서울역
28284,공항철도,,김포공항,DAY,DOWN,0,A2132,,14:32:00,인천공항2터미널,서울역
28285,공항철도,,마곡나루,DAY,DOWN,0,A2132,,14:35:00,인천공항2터미널,서울역
28286,공항철도,,디지털미디어시티,DAY,DOWN,0,A2132,,14:44:00,인천공항2터미널,서울역
28287,공항철도,,홍대입구,DAY,DOWN,0,A2132,,14:48:00,인천공항2터미널,서울역
28288,공항철도,,공덕,DAY,DOWN,0,A2132,,14:51:00,인천공항2터미널,서울역
28289,공항철도,,인천공항2터미널,SAT,DOWN,0,A2132,,13:07:00,인천공항2터미널,서울역
28290,공항철도,,인천공항2터미널,END,DOWN,0,A2132,,13:07:00,인천공항2터미널,서울역
28291,공항철도,,인천공항1터미널,SAT,DOWN,0,A2132,,13:13:00,인천공항2터미널,서울역
28292,공항철도,,인천공항1터미널,END,DOWN,0,A2132,,13:13:00,인천공항2터미널,서울역
28293,공항철도,,공항화물청사,SAT,DOWN,0,A2132,,13:17:00,인천공항2터미널,서울역
28294,공항철도,,공항화물청사,END,DOWN,0,A2132,,13:17:00,인천공항2터미널,서울역
28295,공항철도,,운서,SAT,DOWN,0,A2132,,13:21:00,인천공항2터미널,서울역
28296,공항철도,,운서,END,DOWN,0,A2132,,13:21:00,인천공항2터미널,서울역
28297,공항철도,,영종,SAT,DOWN,0,A2132,,13:25:00,인천공항2터미널,서울역
28298,공항철도,,영종,END,DOWN,0,A2132,,13:25:00,인천공항2터미널,서울역
28299,공항철도,,청라국제도시,SAT,DOWN,0,A2132,,13:34:00,인천공항2터미널,서울역
28300,공항철도,,청라국제도시,END,DOWN,0,A2132,,13:34:00,인천공항2터미널,서울역
28301,공항철도,,검암,SAT,DOWN,0,A2132,,13:39:00,인천공항2터미널,서울역
28302,공항철도,,검암,END,DOWN,0,A2132,,13:39:00,인천공항2터미널,서울역
28303,공항철도,,계양,SAT,DOWN,0,A2132,,13:45:00,인천공항2터미널,서울역
28304,공항철도,,계양,END,DOWN,0,A2132,,13:45:00,인천공항2터미널,서울역
28305,공항철도,,김포공항,SAT,DOWN,0,A2132,,13:51:00,인천공항2터미널,서울역
28306,공항철도,,김포공항,END,DOWN,0,A2132,,13:51:00,인천공항2터미널,서울역
28307,공항철도,,마곡나루,SAT,DOWN,0,A2132,,13:54:00,인천공항2터미널,서울역
28308,공항철도,,마곡나루,END,DOWN,0,A2132,,13:54:00,인천공항2터미널,서울역
28309,공항철도,,디지털미디어시티,SAT,DOWN,0,A2132,,14:03:00,인천공항2터미널,서울역
28310,공항철도,,디지털미디어시티,END,DOWN,0,A2132,,14:03:00,인천공항2터미널,서울역
28311,공항철도,,홍대입구,SAT,DOWN,0,A2132,,14:07:00,인천공항2터미널,서울역
28312,공항철도,,홍대입구,END,DOWN,0,A2132,,14:07:00,인천공항2터미널,서울역
28313,공항철도,,공덕,SAT,DOWN,0,A2132,,14:11:00,인천공항2터미널,서울역
28314,공항철도,,공덕,END,DOWN,0,A2132,,14:11:00,인천공항2터미널,서울역
28315,공항철도,,서울역,DAY,DOWN,0,A2133,,14:53:00,서울역,인천공항2터미널
28316,공항철도,,공덕,DAY,DOWN,0,A2133,,14:57:00,서울역,인천공항2터미널
28317,공항철도,,홍대입구,DAY,DOWN,0,A2133,,15:01:00,서울역,인천공항2터미널
28318,공항철도,,디지털미디어시티,DAY,DOWN,0,A2133,,15:05:00,서울역,인천공항2터미널
28319,공항철도,,마곡나루,DAY,DOWN,0,A2133,,15:12:00,서울역,인천공항2터미널
28320,공항철도,,김포공항,DAY,DOWN,0,A2133,,15:15:00,서울역,인천공항2터미널
28321,공항철도,,계양,DAY,DOWN,0,A2133,,15:22:00,서울역,인천공항2터미널
28322,공항철도,,검암,DAY,DOWN,0,A2133,,15:28:00,서울역,인천공항2터미널
28323,공항철도,,청라국제도시,DAY,DOWN,0,A2133,,15:33:00,서울역,인천공항2터미널
28324,공항철도,,영종,DAY,DOWN,0,A2133,,15:41:00,서울역,인천공항2터미널
28325,공항철도,,운서,DAY,DOWN,0,A2133,,15:45:00,서울역,인천공항2터미널
28326,공항철도,,공항화물청사,DAY,DOWN,0,A2133,,15:50:00,서울역,인천공항2터미널
28327,공항철도,,인천공항1터미널,DAY,DOWN,0,A2133,,15:54:00,서울역,인천공항2터미널
28328,공항철도,,서울역,SAT,DOWN,0,A2133,,14:06:00,서울역,인천공항2터미널
28329,공항철도,,서울역,END,DOWN,0,A2133,,14:06:00,서울역,인천공항2터미널
28330,공항철도,,공덕,SAT,DOWN,0,A2133,,14:10:00,서울역,인천공항2터미널
28331,공항철도,,공덕,END,DOWN,0,A2133,,14:10:00,서울역,인천공항2터미널
28332,공항철도,,홍대입구,SAT,DOWN,0,A2133,,14:14:00,서울역,인천공항2터미널
28333,공항철도,,홍대입구,END,DOWN,0,A2133,,14:14:00,서울역,인천공항2터미널
28334,공항철도,,디지털미디어시티,SAT,DOWN,0,A2133,,14:19:00,서울역,인천공항2터미널
28335,공항철도,,디지털미디어시티,END,DOWN,0,A2133,,14:19:00,서울역,인천공항2터미널
28336,공항철도,,마곡나루,SAT,DOWN,0,A2133,,14:27:00,서울역,인천공항2터미널
28337,공항철도,,마곡나루,END,DOWN,0,A2133,,14:27:00,서울역,인천공항2터미널
28338,공항철도,,김포공항,SAT,DOWN,0,A2133,,14:30:00,서울역,인천공항2터미널
28339,공항철도,,김포공항,END,DOWN,0,A2133,,14:30:00,서울역,인천공항2터미널
28340,공항철도,,계양,SAT,DOWN,0,A2133,,14:36:00,서울역,인천공항2터미널
28341,공항철도,,계양,END,DOWN,0,A2133,,14:36:00,서울역,인천공항2터미널
28342,공항철도,,검암,SAT,DOWN,0,A2133,,14:42:00,서울역,인천공항2터미널
28343,공항철도,,검암,END,DOWN,0,A2133,,14:42:00,서울역,인천공항2터미널
28344,공항철도,,청라국제도시,SAT,DOWN,0,A2133,,14:47:00,서울역,인천공항2터미널
28345,공항철도,,청라국제도시,END,DOWN,0,A2133,,14:47:00,서울역,인천공항2터미널
28346,공항철도,,영종,SAT,DOWN,0,A2133,,14:56:00,서울역,인천공항2터미널
28347,공항철도,,영종,END,DOWN,0,A2133,,14:56:00,서울역,인천공항2터미널
28348,공항철도,,운서,SAT,DOWN,0,A2133,,15:00:00,서울역,인천공항2터미널
28349,공항철도,,운서,END,DOWN,0,A2133,,15:00:00,서울역,인천공항2터미널
28350,공항철도,,공항화물청사,SAT,DOWN,0,A2133,,15:04:00,서울역,인천공항2터미널
28351,공항철도,,공항화물청사,END,DOWN,0,A2133,,15:04:00,서울역,인천공항2터미널
28352,공항철도,,인천공항1터미널,SAT,DOWN,0,A2133,,15:08:00,서울역,인천공항2터미널
28353,공항철도,,인천공항1터미널,END,DOWN,0,A2133,,15:08:00,서울역,인천공항2터미널
28354,공항철도,,인천공항2터미널,DAY,DOWN,0,A2134,,13:57:00,인천공항2터미널,서울역
28355,공항철도,,인천공항1터미널,DAY,DOWN,0,A2134,,14:03:00,인천공항2터미널,서울역
28356,공항철도,,공항화물청사,DAY,DOWN,0,A2134,,14:07:00,인천공항2터미널,서울역
28357,공항철도,,운서,DAY,DOWN,0,A2134,,14:11:00,인천공항2터미널,서울역
28358,공항철도,,영종,DAY,DOWN,0,A2134,,14:17:00,인천공항2터미널,서울역
28359,공항철도,,청라국제도시,DAY,DOWN,0,A2134,,14:25:00,인천공항2터미널,서울역
28360,공항철도,,검암,DAY,DOWN,0,A2134,,14:30:00,인천공항2터미널,서울역
28361,공항철도,,계양,DAY,DOWN,0,A2134,,14:36:00,인천공항2터미널,서울역
28362,공항철도,,김포공항,DAY,DOWN,0,A2134,,14:43:00,인천공항2터미널,서울역
28363,공항철도,,마곡나루,DAY,DOWN,0,A2134,,14:46:00,인천공항2터미널,서울역
28364,공항철도,,디지털미디어시티,DAY,DOWN,0,A2134,,14:53:00,인천공항2터미널,서울역
28365,공항철도,,홍대입구,DAY,DOWN,0,A2134,,14:57:00,인천공항2터미널,서울역
28366,공항철도,,공덕,DAY,DOWN,0,A2134,,15:01:00,인천공항2터미널,서울역
28367,공항철도,,인천공항2터미널,SAT,DOWN,0,A2134,,13:13:00,인천공항2터미널,서울역
28368,공항철도,,인천공항2터미널,END,DOWN,0,A2134,,13:13:00,인천공항2터미널,서울역
28369,공항철도,,인천공항1터미널,SAT,DOWN,0,A2134,,13:20:00,인천공항2터미널,서울역
28370,공항철도,,인천공항1터미널,END,DOWN,0,A2134,,13:20:00,인천공항2터미널,서울역
28371,공항철도,,공항화물청사,SAT,DOWN,0,A2134,,13:23:00,인천공항2터미널,서울역
28372,공항철도,,공항화물청사,END,DOWN,0,A2134,,13:23:00,인천공항2터미널,서울역
28373,공항철도,,운서,SAT,DOWN,0,A2134,,13:28:00,인천공항2터미널,서울역
28374,공항철도,,운서,END,DOWN,0,A2134,,13:28:00,인천공항2터미널,서울역
28375,공항철도,,영종,SAT,DOWN,0,A2134,,13:32:00,인천공항2터미널,서울역
28376,공항철도,,영종,END,DOWN,0,A2134,,13:32:00,인천공항2터미널,서울역
28377,공항철도,,청라국제도시,SAT,DOWN,0,A2134,,13:40:00,인천공항2터미널,서울역
28378,공항철도,,청라국제도시,END,DOWN,0,A2134,,13:40:00,인천공항2터미널,서울역
28379,공항철도,,검암,SAT,DOWN,0,A2134,,13:47:00,인천공항2터미널,서울역
28380,공항철도,,검암,END,DOWN,0,A2134,,13:47:00,인천공항2터미널,서울역
28381,공항철도,,계양,SAT,DOWN,0,A2134,,13:53:00,인천공항2터미널,서울역
28382,공항철도,,계양,END,DOWN,0,A2134,,13:53:00,인천공항2터미널,서울역
28383,공항철도,,김포공항,SAT,DOWN,0,A2134,,13:59:00,인천공항2터미널,서울역
28384,공항철도,,김포공항,END,DOWN,0,A2134,,13:59:00,인천공항2터미널,서울역
28385,공항철도,,마곡나루,SAT,DOWN,0,A2134,,14:02:00,인천공항2터미널,서울역
28386,공항철도,,마곡나루,END,DOWN,0,A2134,,14:02:00,인천공항2터미널,서울역
28387,공항철도,,디지털미디어시티,SAT,DOWN,0,A2134,,14:10:00,인천공항2터미널,서울역
28388,공항철도,,디지털미디어시티,END,DOWN,0,A2134,,14:10:00,인천공항2터미널,서울역
28389,공항철도,,홍대입구,SAT,DOWN,0,A2134,,14:14:00,인천공항2터미널,서울역
28390,공항철도,,홍대입구,END,DOWN,0,A2134,,14:14:00,인천공항2터미널,서울역
28391,공항철도,,공덕,SAT,DOWN,0,A2134,,14:17:00,인천공항2터미널,서울역
28392,공항철도,,공덕,END,DOWN,0,A2134,,14:17:00,인천공항2터미널,서울역
28393,공항철도,,서울역,DAY,DOWN,0,A2135,,14:59:00,서울역,인천공항2터미널
28394,공항철도,,공덕,DAY,DOWN,0,A2135,,15:03:00,서울역,인천공항2터미널
28395,공항철도,,홍대입구,DAY,DOWN,0,A2135,,15:07:00,서울역,인천공항2터미널
28396,공항철도,,디지털미디어시티,DAY,DOWN,0,A2135,,15:11:00,서울역,인천공항2터미널
28397,공항철도,,마곡나루,DAY,DOWN,0,A2135,,15:18:00,서울역,인천공항2터미널
28398,공항철도,,김포공항,DAY,DOWN,0,A2135,,15:21:00,서울역,인천공항2터미널
28399,공항철도,,계양,DAY,DOWN,0,A2135,,15:28:00,서울역,인천공항2터미널
28400,공항철도,,검암,DAY,DOWN,0,A2135,,15:34:00,서울역,인천공항2터미널
28401,공항철도,,청라국제도시,DAY,DOWN,0,A2135,,15:39:00,서울역,인천공항2터미널
28402,공항철도,,영종,DAY,DOWN,0,A2135,,15:47:00,서울역,인천공항2터미널
28403,공항철도,,운서,DAY,DOWN,0,A2135,,15:51:00,서울역,인천공항2터미널
28404,공항철도,,공항화물청사,DAY,DOWN,0,A2135,,15:56:00,서울역,인천공항2터미널
28405,공항철도,,인천공항1터미널,DAY,DOWN,0,A2135,,16:00:00,서울역,인천공항2터미널
28406,공항철도,,서울역,SAT,DOWN,0,A2135,,14:15:00,서울역,인천공항2터미널
28407,공항철도,,서울역,END,DOWN,0,A2135,,14:15:00,서울역,인천공항2터미널
28408,공항철도,,공덕,SAT,DOWN,0,A2135,,14:19:00,서울역,인천공항2터미널
28409,공항철도,,공덕,END,DOWN,0,A2135,,14:19:00,서울역,인천공항2터미널
28410,공항철도,,홍대입구,SAT,DOWN,0,A2135,,14:23:00,서울역,인천공항2터미널
28411,공항철도,,홍대입구,END,DOWN,0,A2135,,14:23:00,서울역,인천공항2터미널
28412,공항철도,,디지털미디어시티,SAT,DOWN,0,A2135,,14:27:00,서울역,인천공항2터미널
28413,공항철도,,디지털미디어시티,END,DOWN,0,A2135,,14:27:00,서울역,인천공항2터미널
28414,공항철도,,마곡나루,SAT,DOWN,0,A2135,,14:34:00,서울역,인천공항2터미널
28415,공항철도,,마곡나루,END,DOWN,0,A2135,,14:34:00,서울역,인천공항2터미널
28416,공항철도,,김포공항,SAT,DOWN,0,A2135,,14:37:00,서울역,인천공항2터미널
28417,공항철도,,김포공항,END,DOWN,0,A2135,,14:37:00,서울역,인천공항2터미널
28418,공항철도,,계양,SAT,DOWN,0,A2135,,14:44:00,서울역,인천공항2터미널
28419,공항철도,,계양,END,DOWN,0,A2135,,14:44:00,서울역,인천공항2터미널
28420,공항철도,,검암,SAT,DOWN,0,A2135,,14:50:00,서울역,인천공항2터미널
28421,공항철도,,검암,END,DOWN,0,A2135,,14:50:00,서울역,인천공항2터미널
28422,공항철도,,청라국제도시,SAT,DOWN,0,A2135,,14:55:00,서울역,인천공항2터미널
28423,공항철도,,청라국제도시,END,DOWN,0,A2135,,14:55:00,서울역,인천공항2터미널
28424,공항철도,,영종,SAT,DOWN,0,A2135,,15:03:00,서울역,인천공항2터미널
28425,공항철도,,영종,END,DOWN,0,A2135,,15:03:00,서울역,인천공항2터미널
28426,공항철도,,운서,SAT,DOWN,0,A2135,,15:07:00,서울역,인천공항2터미널
28427,공항철도,,운서,END,DOWN,0,A2135,,15:07:00,서울역,인천공항2터미널
28428,공항철도,,공항화물청사,SAT,DOWN,0,A2135,,15:12:00,서울역,인천공항2터미널
28429,공항철도,,공항화물청사,END,DOWN,0,A2135,,15:12:00,서울역,인천공항2터미널
28430,공항철도,,인천공항1터미널,SAT,DOWN,0,A2135,,15:16:00,서울역,인천공항2터미널
28431,공항철도,,인천공항1터미널,END,DOWN,0,A2135,,15:16:00,서울역,인천공항2터미널
28432,공항철도,,인천공항2터미널,DAY,DOWN,0,A2136,,14:05:00,인천공항2터미널,서울역
28433,공항철도,,인천공항1터미널,DAY,DOWN,0,A2136,,14:12:00,인천공항2터미널,서울역
28434,공항철도,,공항화물청사,DAY,DOWN,0,A2136,,14:15:00,인천공항2터미널,서울역
28435,공항철도,,운서,DAY,DOWN,0,A2136,,14:20:00,인천공항2터미널,서울역
28436,공항철도,,영종,DAY,DOWN,0,A2136,,14:24:00,인천공항2터미널,서울역
28437,공항철도,,청라국제도시,DAY,DOWN,0,A2136,,14:32:00,인천공항2터미널,서울역
28438,공항철도,,검암,DAY,DOWN,0,A2136,,14:37:00,인천공항2터미널,서울역
28439,공항철도,,계양,DAY,DOWN,0,A2136,,14:43:00,인천공항2터미널,서울역
28440,공항철도,,김포공항,DAY,DOWN,0,A2136,,14:50:00,인천공항2터미널,서울역
28441,공항철도,,마곡나루,DAY,DOWN,0,A2136,,14:53:00,인천공항2터미널,서울역
28442,공항철도,,디지털미디어시티,DAY,DOWN,0,A2136,,15:00:00,인천공항2터미널,서울역
28443,공항철도,,홍대입구,DAY,DOWN,0,A2136,,15:04:00,인천공항2터미널,서울역
28444,공항철도,,공덕,DAY,DOWN,0,A2136,,15:08:00,인천공항2터미널,서울역
28445,공항철도,,인천공항2터미널,SAT,DOWN,0,A2136,,13:24:00,인천공항2터미널,서울역
28446,공항철도,,인천공항2터미널,END,DOWN,0,A2136,,13:24:00,인천공항2터미널,서울역
28447,공항철도,,인천공항1터미널,SAT,DOWN,0,A2136,,13:30:00,인천공항2터미널,서울역
28448,공항철도,,인천공항1터미널,END,DOWN,0,A2136,,13:30:00,인천공항2터미널,서울역
28449,공항철도,,공항화물청사,SAT,DOWN,0,A2136,,13:34:00,인천공항2터미널,서울역
28450,공항철도,,공항화물청사,END,DOWN,0,A2136,,13:34:00,인천공항2터미널,서울역
28451,공항철도,,운서,SAT,DOWN,0,A2136,,13:38:00,인천공항2터미널,서울역
28452,공항철도,,운서,END,DOWN,0,A2136,,13:38:00,인천공항2터미널,서울역
28453,공항철도,,영종,SAT,DOWN,0,A2136,,13:42:00,인천공항2터미널,서울역
28454,공항철도,,영종,END,DOWN,0,A2136,,13:42:00,인천공항2터미널,서울역
28455,공항철도,,청라국제도시,SAT,DOWN,0,A2136,,13:51:00,인천공항2터미널,서울역
28456,공항철도,,청라국제도시,END,DOWN,0,A2136,,13:51:00,인천공항2터미널,서울역
28457,공항철도,,검암,SAT,DOWN,0,A2136,,13:56:00,인천공항2터미널,서울역
28458,공항철도,,검암,END,DOWN,0,A2136,,13:56:00,인천공항2터미널,서울역
28459,공항철도,,계양,SAT,DOWN,0,A2136,,14:02:00,인천공항2터미널,서울역
28460,공항철도,,계양,END,DOWN,0,A2136,,14:02:00,인천공항2터미널,서울역
28461,공항철도,,김포공항,SAT,DOWN,0,A2136,,14:08:00,인천공항2터미널,서울역
28462,공항철도,,김포공항,END,DOWN,0,A2136,,14:08:00,인천공항2터미널,서울역
28463,공항철도,,마곡나루,SAT,DOWN,0,A2136,,14:11:00,인천공항2터미널,서울역
28464,공항철도,,마곡나루,END,DOWN,0,A2136,,14:11:00,인천공항2터미널,서울역
28465,공항철도,,디지털미디어시티,SAT,DOWN,0,A2136,,14:19:00,인천공항2터미널,서울역
28466,공항철도,,디지털미디어시티,END,DOWN,0,A2136,,14:19:00,인천공항2터미널,서울역
28467,공항철도,,홍대입구,SAT,DOWN,0,A2136,,14:23:00,인천공항2터미널,서울역
28468,공항철도,,홍대입구,END,DOWN,0,A2136,,14:23:00,인천공항2터미널,서울역
28469,공항철도,,공덕,SAT,DOWN,0,A2136,,14:26:00,인천공항2터미널,서울역
28470,공항철도,,공덕,END,DOWN,0,A2136,,14:26:00,인천공항2터미널,서울역
28471,공항철도,,서울역,DAY,DOWN,0,A2137,,15:10:00,서울역,인천공항2터미널
28472,공항철도,,공덕,DAY,DOWN,0,A2137,,15:14:00,서울역,인천공항2터미널
28473,공항철도,,홍대입구,DAY,DOWN,0,A2137,,15:18:00,서울역,인천공항2터미널
28474,공항철도,,디지털미디어시티,DAY,DOWN,0,A2137,,15:22:00,서울역,인천공항2터미널
28475,공항철도,,마곡나루,DAY,DOWN,0,A2137,,15:29:00,서울역,인천공항2터미널
28476,공항철도,,김포공항,DAY,DOWN,0,A2137,,15:32:00,서울역,인천공항2터미널
28477,공항철도,,계양,DAY,DOWN,0,A2137,,15:39:00,서울역,인천공항2터미널
28478,공항철도,,검암,DAY,DOWN,0,A2137,,15:45:00,서울역,인천공항2터미널
28479,공항철도,,청라국제도시,DAY,DOWN,0,A2137,,15:50:00,서울역,인천공항2터미널
28480,공항철도,,영종,DAY,DOWN,0,A2137,,15:58:00,서울역,인천공항2터미널
28481,공항철도,,운서,DAY,DOWN,0,A2137,,16:02:00,서울역,인천공항2터미널
28482,공항철도,,공항화물청사,DAY,DOWN,0,A2137,,16:07:00,서울역,인천공항2터미널
28483,공항철도,,인천공항1터미널,DAY,DOWN,0,A2137,,16:11:00,서울역,인천공항2터미널
28484,공항철도,,서울역,SAT,DOWN,0,A2137,,14:22:00,서울역,인천공항2터미널
28485,공항철도,,서울역,END,DOWN,0,A2137,,14:22:00,서울역,인천공항2터미널
28486,공항철도,,공덕,SAT,DOWN,0,A2137,,14:26:00,서울역,인천공항2터미널
28487,공항철도,,공덕,END,DOWN,0,A2137,,14:26:00,서울역,인천공항2터미널
28488,공항철도,,홍대입구,SAT,DOWN,0,A2137,,14:30:00,서울역,인천공항2터미널
28489,공항철도,,홍대입구,END,DOWN,0,A2137,,14:30:00,서울역,인천공항2터미널
28490,공항철도,,디지털미디어시티,SAT,DOWN,0,A2137,,14:34:00,서울역,인천공항2터미널
28491,공항철도,,디지털미디어시티,END,DOWN,0,A2137,,14:34:00,서울역,인천공항2터미널
28492,공항철도,,마곡나루,SAT,DOWN,0,A2137,,14:41:00,서울역,인천공항2터미널
28493,공항철도,,마곡나루,END,DOWN,0,A2137,,14:41:00,서울역,인천공항2터미널
28494,공항철도,,김포공항,SAT,DOWN,0,A2137,,14:44:00,서울역,인천공항2터미널
28495,공항철도,,김포공항,END,DOWN,0,A2137,,14:44:00,서울역,인천공항2터미널
28496,공항철도,,계양,SAT,DOWN,0,A2137,,14:51:00,서울역,인천공항2터미널
28497,공항철도,,계양,END,DOWN,0,A2137,,14:51:00,서울역,인천공항2터미널
28498,공항철도,,검암,SAT,DOWN,0,A2137,,14:57:00,서울역,인천공항2터미널
28499,공항철도,,검암,END,DOWN,0,A2137,,14:57:00,서울역,인천공항2터미널
28500,공항철도,,청라국제도시,SAT,DOWN,0,A2137,,15:02:00,서울역,인천공항2터미널
28501,공항철도,,청라국제도시,END,DOWN,0,A2137,,15:02:00,서울역,인천공항2터미널
28502,공항철도,,영종,SAT,DOWN,0,A2137,,15:10:00,서울역,인천공항2터미널
28503,공항철도,,영종,END,DOWN,0,A2137,,15:10:00,서울역,인천공항2터미널
28504,공항철도,,운서,SAT,DOWN,0,A2137,,15:14:00,서울역,인천공항2터미널
28505,공항철도,,운서,END,DOWN,0,A2137,,15:14:00,서울역,인천공항2터미널
28506,공항철도,,공항화물청사,SAT,DOWN,0,A2137,,15:19:00,서울역,인천공항2터미널
28507,공항철도,,공항화물청사,END,DOWN,0,A2137,,15:19:00,서울역,인천공항2터미널
28508,공항철도,,인천공항1터미널,SAT,DOWN,0,A2137,,15:23:00,서울역,인천공항2터미널
28509,공항철도,,인천공항1터미널,END,DOWN,0,A2137,,15:23:00,서울역,인천공항2터미널
28510,공항철도,,인천공항2터미널,DAY,DOWN,0,A2138,,14:13:00,인천공항2터미널,서울역
28511,공항철도,,인천공항1터미널,DAY,DOWN,0,A2138,,14:19:00,인천공항2터미널,서울역
28512,공항철도,,공항화물청사,DAY,DOWN,0,A2138,,14:23:00,인천공항2터미널,서울역
28513,공항철도,,운서,DAY,DOWN,0,A2138,,14:27:00,인천공항2터미널,서울역
28514,공항철도,,영종,DAY,DOWN,0,A2138,,14:31:00,인천공항2터미널,서울역
28515,공항철도,,청라국제도시,DAY,DOWN,0,A2138,,14:40:00,인천공항2터미널,서울역
28516,공항철도,,검암,DAY,DOWN,0,A2138,,14:45:00,인천공항2터미널,서울역
28517,공항철도,,계양,DAY,DOWN,0,A2138,,14:51:00,인천공항2터미널,서울역
28518,공항철도,,김포공항,DAY,DOWN,0,A2138,,14:57:00,인천공항2터미널,서울역
28519,공항철도,,마곡나루,DAY,DOWN,0,A2138,,15:00:00,인천공항2터미널,서울역
28520,공항철도,,디지털미디어시티,DAY,DOWN,0,A2138,,15:08:00,인천공항2터미널,서울역
28521,공항철도,,홍대입구,DAY,DOWN,0,A2138,,15:12:00,인천공항2터미널,서울역
28522,공항철도,,공덕,DAY,DOWN,0,A2138,,15:15:00,인천공항2터미널,서울역
28523,공항철도,,인천공항2터미널,SAT,DOWN,0,A2138,,13:32:00,인천공항2터미널,서울역
28524,공항철도,,인천공항2터미널,END,DOWN,0,A2138,,13:32:00,인천공항2터미널,서울역
28525,공항철도,,인천공항1터미널,SAT,DOWN,0,A2138,,13:38:00,인천공항2터미널,서울역
28526,공항철도,,인천공항1터미널,END,DOWN,0,A2138,,13:38:00,인천공항2터미널,서울역
28527,공항철도,,공항화물청사,SAT,DOWN,0,A2138,,13:42:00,인천공항2터미널,서울역
28528,공항철도,,공항화물청사,END,DOWN,0,A2138,,13:42:00,인천공항2터미널,서울역
28529,공항철도,,운서,SAT,DOWN,0,A2138,,13:46:00,인천공항2터미널,서울역
28530,공항철도,,운서,END,DOWN,0,A2138,,13:46:00,인천공항2터미널,서울역
28531,공항철도,,영종,SAT,DOWN,0,A2138,,13:50:00,인천공항2터미널,서울역
28532,공항철도,,영종,END,DOWN,0,A2138,,13:50:00,인천공항2터미널,서울역
28533,공항철도,,청라국제도시,SAT,DOWN,0,A2138,,13:59:00,인천공항2터미널,서울역
28534,공항철도,,청라국제도시,END,DOWN,0,A2138,,13:59:00,인천공항2터미널,서울역
28535,공항철도,,검암,SAT,DOWN,0,A2138,,14:04:00,인천공항2터미널,서울역
28536,공항철도,,검암,END,DOWN,0,A2138,,14:04:00,인천공항2터미널,서울역
28537,공항철도,,계양,SAT,DOWN,0,A2138,,14:10:00,인천공항2터미널,서울역
28538,공항철도,,계양,END,DOWN,0,A2138,,14:10:00,인천공항2터미널,서울역
28539,공항철도,,김포공항,SAT,DOWN,0,A2138,,14:16:00,인천공항2터미널,서울역
28540,공항철도,,김포공항,END,DOWN,0,A2138,,14:16:00,인천공항2터미널,서울역
28541,공항철도,,마곡나루,SAT,DOWN,0,A2138,,14:19:00,인천공항2터미널,서울역
28542,공항철도,,마곡나루,END,DOWN,0,A2138,,14:19:00,인천공항2터미널,서울역
28543,공항철도,,디지털미디어시티,SAT,DOWN,0,A2138,,14:27:00,인천공항2터미널,서울역
28544,공항철도,,디지털미디어시티,END,DOWN,0,A2138,,14:27:00,인천공항2터미널,서울역
28545,공항철도,,홍대입구,SAT,DOWN,0,A2138,,14:31:00,인천공항2터미널,서울역
28546,공항철도,,홍대입구,END,DOWN,0,A2138,,14:31:00,인천공항2터미널,서울역
28547,공항철도,,공덕,SAT,DOWN,0,A2138,,14:34:00,인천공항2터미널,서울역
28548,공항철도,,공덕,END,DOWN,0,A2138,,14:34:00,인천공항2터미널,서울역
28549,공항철도,,서울역,DAY,DOWN,0,A2139,,15:16:00,서울역,인천공항2터미널
28550,공항철도,,공덕,DAY,DOWN,0,A2139,,15:20:00,서울역,인천공항2터미널
28551,공항철도,,홍대입구,DAY,DOWN,0,A2139,,15:24:00,서울역,인천공항2터미널
28552,공항철도,,디지털미디어시티,DAY,DOWN,0,A2139,,15:28:00,서울역,인천공항2터미널
28553,공항철도,,마곡나루,DAY,DOWN,0,A2139,,15:35:00,서울역,인천공항2터미널
28554,공항철도,,김포공항,DAY,DOWN,0,A2139,,15:38:00,서울역,인천공항2터미널
28555,공항철도,,계양,DAY,DOWN,0,A2139,,15:45:00,서울역,인천공항2터미널
28556,공항철도,,검암,DAY,DOWN,0,A2139,,15:51:00,서울역,인천공항2터미널
28557,공항철도,,청라국제도시,DAY,DOWN,0,A2139,,15:56:00,서울역,인천공항2터미널
28558,공항철도,,영종,DAY,DOWN,0,A2139,,16:06:00,서울역,인천공항2터미널
28559,공항철도,,운서,DAY,DOWN,0,A2139,,16:10:00,서울역,인천공항2터미널
28560,공항철도,,공항화물청사,DAY,DOWN,0,A2139,,16:14:00,서울역,인천공항2터미널
28561,공항철도,,인천공항1터미널,DAY,DOWN,0,A2139,,16:18:00,서울역,인천공항2터미널
28562,공항철도,,서울역,SAT,DOWN,0,A2139,,14:31:00,서울역,인천공항2터미널
28563,공항철도,,서울역,END,DOWN,0,A2139,,14:31:00,서울역,인천공항2터미널
28564,공항철도,,공덕,SAT,DOWN,0,A2139,,14:36:00,서울역,인천공항2터미널
28565,공항철도,,공덕,END,DOWN,0,A2139,,14:36:00,서울역,인천공항2터미널
28566,공항철도,,홍대입구,SAT,DOWN,0,A2139,,14:39:00,서울역,인천공항2터미널
28567,공항철도,,홍대입구,END,DOWN,0,A2139,,14:39:00,서울역,인천공항2터미널
28568,공항철도,,디지털미디어시티,SAT,DOWN,0,A2139,,14:43:00,서울역,인천공항2터미널
28569,공항철도,,디지털미디어시티,END,DOWN,0,A2139,,14:43:00,서울역,인천공항2터미널
28570,공항철도,,마곡나루,SAT,DOWN,0,A2139,,14:51:00,서울역,인천공항2터미널
28571,공항철도,,마곡나루,END,DOWN,0,A2139,,14:51:00,서울역,인천공항2터미널
28572,공항철도,,김포공항,SAT,DOWN,0,A2139,,14:54:00,서울역,인천공항2터미널
28573,공항철도,,김포공항,END,DOWN,0,A2139,,14:54:00,서울역,인천공항2터미널
28574,공항철도,,계양,SAT,DOWN,0,A2139,,15:00:00,서울역,인천공항2터미널
28575,공항철도,,계양,END,DOWN,0,A2139,,15:00:00,서울역,인천공항2터미널
28576,공항철도,,검암,SAT,DOWN,0,A2139,,15:06:00,서울역,인천공항2터미널
28577,공항철도,,검암,END,DOWN,0,A2139,,15:06:00,서울역,인천공항2터미널
28578,공항철도,,청라국제도시,SAT,DOWN,0,A2139,,15:11:00,서울역,인천공항2터미널
28579,공항철도,,청라국제도시,END,DOWN,0,A2139,,15:11:00,서울역,인천공항2터미널
28580,공항철도,,영종,SAT,DOWN,0,A2139,,15:20:00,서울역,인천공항2터미널
28581,공항철도,,영종,END,DOWN,0,A2139,,15:20:00,서울역,인천공항2터미널
28582,공항철도,,운서,SAT,DOWN,0,A2139,,15:24:00,서울역,인천공항2터미널
28583,공항철도,,운서,END,DOWN,0,A2139,,15:24:00,서울역,인천공항2터미널
28584,공항철도,,공항화물청사,SAT,DOWN,0,A2139,,15:28:00,서울역,인천공항2터미널
28585,공항철도,,공항화물청사,END,DOWN,0,A2139,,15:28:00,서울역,인천공항2터미널
28586,공항철도,,인천공항1터미널,SAT,DOWN,0,A2139,,15:32:00,서울역,인천공항2터미널
28587,공항철도,,인천공항1터미널,END,DOWN,0,A2139,,15:32:00,서울역,인천공항2터미널
28588,공항철도,,인천공항2터미널,DAY,DOWN,0,A2140,,14:19:00,인천공항2터미널,서울역
28589,공항철도,,인천공항1터미널,DAY,DOWN,0,A2140,,14:26:00,인천공항2터미널,서울역
28590,공항철도,,공항화물청사,DAY,DOWN,0,A2140,,14:29:00,인천공항2터미널,서울역
28591,공항철도,,운서,DAY,DOWN,0,A2140,,14:34:00,인천공항2터미널,서울역
28592,공항철도,,영종,DAY,DOWN,0,A2140,,14:38:00,인천공항2터미널,서울역
28593,공항철도,,청라국제도시,DAY,DOWN,0,A2140,,14:46:00,인천공항2터미널,서울역
28594,공항철도,,검암,DAY,DOWN,0,A2140,,14:51:00,인천공항2터미널,서울역
28595,공항철도,,계양,DAY,DOWN,0,A2140,,14:57:00,인천공항2터미널,서울역
28596,공항철도,,김포공항,DAY,DOWN,0,A2140,,15:04:00,인천공항2터미널,서울역
28597,공항철도,,마곡나루,DAY,DOWN,0,A2140,,15:07:00,인천공항2터미널,서울역
28598,공항철도,,디지털미디어시티,DAY,DOWN,0,A2140,,15:14:00,인천공항2터미널,서울역
28599,공항철도,,홍대입구,DAY,DOWN,0,A2140,,15:18:00,인천공항2터미널,서울역
28600,공항철도,,공덕,DAY,DOWN,0,A2140,,15:22:00,인천공항2터미널,서울역
28601,공항철도,,인천공항2터미널,SAT,DOWN,0,A2140,,13:40:00,인천공항2터미널,서울역
28602,공항철도,,인천공항2터미널,END,DOWN,0,A2140,,13:40:00,인천공항2터미널,서울역
28603,공항철도,,인천공항1터미널,SAT,DOWN,0,A2140,,13:46:00,인천공항2터미널,서울역
28604,공항철도,,인천공항1터미널,END,DOWN,0,A2140,,13:46:00,인천공항2터미널,서울역
28605,공항철도,,공항화물청사,SAT,DOWN,0,A2140,,13:50:00,인천공항2터미널,서울역
28606,공항철도,,공항화물청사,END,DOWN,0,A2140,,13:50:00,인천공항2터미널,서울역
28607,공항철도,,운서,SAT,DOWN,0,A2140,,13:54:00,인천공항2터미널,서울역
28608,공항철도,,운서,END,DOWN,0,A2140,,13:54:00,인천공항2터미널,서울역
28609,공항철도,,영종,SAT,DOWN,0,A2140,,13:58:00,인천공항2터미널,서울역
28610,공항철도,,영종,END,DOWN,0,A2140,,13:58:00,인천공항2터미널,서울역
28611,공항철도,,청라국제도시,SAT,DOWN,0,A2140,,14:07:00,인천공항2터미널,서울역
28612,공항철도,,청라국제도시,END,DOWN,0,A2140,,14:07:00,인천공항2터미널,서울역
28613,공항철도,,검암,SAT,DOWN,0,A2140,,14:12:00,인천공항2터미널,서울역
28614,공항철도,,검암,END,DOWN,0,A2140,,14:12:00,인천공항2터미널,서울역
28615,공항철도,,계양,SAT,DOWN,0,A2140,,14:18:00,인천공항2터미널,서울역
28616,공항철도,,계양,END,DOWN,0,A2140,,14:18:00,인천공항2터미널,서울역
28617,공항철도,,김포공항,SAT,DOWN,0,A2140,,14:24:00,인천공항2터미널,서울역
28618,공항철도,,김포공항,END,DOWN,0,A2140,,14:24:00,인천공항2터미널,서울역
28619,공항철도,,마곡나루,SAT,DOWN,0,A2140,,14:27:00,인천공항2터미널,서울역
28620,공항철도,,마곡나루,END,DOWN,0,A2140,,14:27:00,인천공항2터미널,서울역
28621,공항철도,,디지털미디어시티,SAT,DOWN,0,A2140,,14:35:00,인천공항2터미널,서울역
28622,공항철도,,디지털미디어시티,END,DOWN,0,A2140,,14:35:00,인천공항2터미널,서울역
28623,공항철도,,홍대입구,SAT,DOWN,0,A2140,,14:39:00,인천공항2터미널,서울역
28624,공항철도,,홍대입구,END,DOWN,0,A2140,,14:39:00,인천공항2터미널,서울역
28625,공항철도,,공덕,SAT,DOWN,0,A2140,,14:42:00,인천공항2터미널,서울역
28626,공항철도,,공덕,END,DOWN,0,A2140,,14:42:00,인천공항2터미널,서울역
28627,공항철도,,서울역,DAY,DOWN,0,A2141,,15:26:00,서울역,인천공항2터미널
28628,공항철도,,공덕,DAY,DOWN,0,A2141,,15:30:00,서울역,인천공항2터미널
28629,공항철도,,홍대입구,DAY,DOWN,0,A2141,,15:34:00,서울역,인천공항2터미널
28630,공항철도,,디지털미디어시티,DAY,DOWN,0,A2141,,15:39:00,서울역,인천공항2터미널
28631,공항철도,,마곡나루,DAY,DOWN,0,A2141,,15:47:00,서울역,인천공항2터미널
28632,공항철도,,김포공항,DAY,DOWN,0,A2141,,15:50:00,서울역,인천공항2터미널
28633,공항철도,,계양,DAY,DOWN,0,A2141,,15:56:00,서울역,인천공항2터미널
28634,공항철도,,검암,DAY,DOWN,0,A2141,,16:02:00,서울역,인천공항2터미널
28635,공항철도,,청라국제도시,DAY,DOWN,0,A2141,,16:07:00,서울역,인천공항2터미널
28636,공항철도,,영종,DAY,DOWN,0,A2141,,16:16:00,서울역,인천공항2터미널
28637,공항철도,,운서,DAY,DOWN,0,A2141,,16:20:00,서울역,인천공항2터미널
28638,공항철도,,공항화물청사,DAY,DOWN,0,A2141,,16:24:00,서울역,인천공항2터미널
28639,공항철도,,인천공항1터미널,DAY,DOWN,0,A2141,,16:28:00,서울역,인천공항2터미널
28640,공항철도,,서울역,SAT,DOWN,0,A2141,,14:39:00,서울역,인천공항2터미널
28641,공항철도,,서울역,END,DOWN,0,A2141,,14:39:00,서울역,인천공항2터미널
28642,공항철도,,공덕,SAT,DOWN,0,A2141,,14:43:00,서울역,인천공항2터미널
28643,공항철도,,공덕,END,DOWN,0,A2141,,14:43:00,서울역,인천공항2터미널
28644,공항철도,,홍대입구,SAT,DOWN,0,A2141,,14:47:00,서울역,인천공항2터미널
28645,공항철도,,홍대입구,END,DOWN,0,A2141,,14:47:00,서울역,인천공항2터미널
28646,공항철도,,디지털미디어시티,SAT,DOWN,0,A2141,,14:51:00,서울역,인천공항2터미널
28647,공항철도,,디지털미디어시티,END,DOWN,0,A2141,,14:51:00,서울역,인천공항2터미널
28648,공항철도,,마곡나루,SAT,DOWN,0,A2141,,14:58:00,서울역,인천공항2터미널
28649,공항철도,,마곡나루,END,DOWN,0,A2141,,14:58:00,서울역,인천공항2터미널
28650,공항철도,,김포공항,SAT,DOWN,0,A2141,,15:01:00,서울역,인천공항2터미널
28651,공항철도,,김포공항,END,DOWN,0,A2141,,15:01:00,서울역,인천공항2터미널
28652,공항철도,,계양,SAT,DOWN,0,A2141,,15:08:00,서울역,인천공항2터미널
28653,공항철도,,계양,END,DOWN,0,A2141,,15:08:00,서울역,인천공항2터미널
28654,공항철도,,검암,SAT,DOWN,0,A2141,,15:15:00,서울역,인천공항2터미널
28655,공항철도,,검암,END,DOWN,0,A2141,,15:15:00,서울역,인천공항2터미널
28656,공항철도,,청라국제도시,SAT,DOWN,0,A2141,,15:20:00,서울역,인천공항2터미널
28657,공항철도,,청라국제도시,END,DOWN,0,A2141,,15:20:00,서울역,인천공항2터미널
28658,공항철도,,영종,SAT,DOWN,0,A2141,,15:29:00,서울역,인천공항2터미널
28659,공항철도,,영종,END,DOWN,0,A2141,,15:29:00,서울역,인천공항2터미널
28660,공항철도,,운서,SAT,DOWN,0,A2141,,15:33:00,서울역,인천공항2터미널
28661,공항철도,,운서,END,DOWN,0,A2141,,15:33:00,서울역,인천공항2터미널
28662,공항철도,,공항화물청사,SAT,DOWN,0,A2141,,15:37:00,서울역,인천공항2터미널
28663,공항철도,,공항화물청사,END,DOWN,0,A2141,,15:37:00,서울역,인천공항2터미널
28664,공항철도,,인천공항1터미널,SAT,DOWN,0,A2141,,15:41:00,서울역,인천공항2터미널
28665,공항철도,,인천공항1터미널,END,DOWN,0,A2141,,15:41:00,서울역,인천공항2터미널
28666,공항철도,,인천공항2터미널,DAY,DOWN,0,A2142,,14:27:00,인천공항2터미널,서울역
28667,공항철도,,인천공항1터미널,DAY,DOWN,0,A2142,,14:33:00,인천공항2터미널,서울역
28668,공항철도,,공항화물청사,DAY,DOWN,0,A2142,,14:37:00,인천공항2터미널,서울역
28669,공항철도,,운서,DAY,DOWN,0,A2142,,14:41:00,인천공항2터미널,서울역
28670,공항철도,,영종,DAY,DOWN,0,A2142,,14:45:00,인천공항2터미널,서울역
28671,공항철도,,청라국제도시,DAY,DOWN,0,A2142,,14:54:00,인천공항2터미널,서울역
28672,공항철도,,검암,DAY,DOWN,0,A2142,,14:59:00,인천공항2터미널,서울역
28673,공항철도,,계양,DAY,DOWN,0,A2142,,15:05:00,인천공항2터미널,서울역
28674,공항철도,,김포공항,DAY,DOWN,0,A2142,,15:11:00,인천공항2터미널,서울역
28675,공항철도,,마곡나루,DAY,DOWN,0,A2142,,15:14:00,인천공항2터미널,서울역
28676,공항철도,,디지털미디어시티,DAY,DOWN,0,A2142,,15:23:00,인천공항2터미널,서울역
28677,공항철도,,홍대입구,DAY,DOWN,0,A2142,,15:27:00,인천공항2터미널,서울역
28678,공항철도,,공덕,DAY,DOWN,0,A2142,,15:31:00,인천공항2터미널,서울역
28679,공항철도,,인천공항2터미널,SAT,DOWN,0,A2142,,13:47:00,인천공항2터미널,서울역
28680,공항철도,,인천공항2터미널,END,DOWN,0,A2142,,13:47:00,인천공항2터미널,서울역
28681,공항철도,,인천공항1터미널,SAT,DOWN,0,A2142,,13:53:00,인천공항2터미널,서울역
28682,공항철도,,인천공항1터미널,END,DOWN,0,A2142,,13:53:00,인천공항2터미널,서울역
28683,공항철도,,공항화물청사,SAT,DOWN,0,A2142,,13:57:00,인천공항2터미널,서울역
28684,공항철도,,공항화물청사,END,DOWN,0,A2142,,13:57:00,인천공항2터미널,서울역
28685,공항철도,,운서,SAT,DOWN,0,A2142,,14:01:00,인천공항2터미널,서울역
28686,공항철도,,운서,END,DOWN,0,A2142,,14:01:00,인천공항2터미널,서울역
28687,공항철도,,영종,SAT,DOWN,0,A2142,,14:05:00,인천공항2터미널,서울역
28688,공항철도,,영종,END,DOWN,0,A2142,,14:05:00,인천공항2터미널,서울역
28689,공항철도,,청라국제도시,SAT,DOWN,0,A2142,,14:14:00,인천공항2터미널,서울역
28690,공항철도,,청라국제도시,END,DOWN,0,A2142,,14:14:00,인천공항2터미널,서울역
28691,공항철도,,검암,SAT,DOWN,0,A2142,,14:19:00,인천공항2터미널,서울역
28692,공항철도,,검암,END,DOWN,0,A2142,,14:19:00,인천공항2터미널,서울역
28693,공항철도,,계양,SAT,DOWN,0,A2142,,14:25:00,인천공항2터미널,서울역
28694,공항철도,,계양,END,DOWN,0,A2142,,14:25:00,인천공항2터미널,서울역
28695,공항철도,,김포공항,SAT,DOWN,0,A2142,,14:31:00,인천공항2터미널,서울역
28696,공항철도,,김포공항,END,DOWN,0,A2142,,14:31:00,인천공항2터미널,서울역
28697,공항철도,,마곡나루,SAT,DOWN,0,A2142,,14:34:00,인천공항2터미널,서울역
28698,공항철도,,마곡나루,END,DOWN,0,A2142,,14:34:00,인천공항2터미널,서울역
28699,공항철도,,디지털미디어시티,SAT,DOWN,0,A2142,,14:43:00,인천공항2터미널,서울역
28700,공항철도,,디지털미디어시티,END,DOWN,0,A2142,,14:43:00,인천공항2터미널,서울역
28701,공항철도,,홍대입구,SAT,DOWN,0,A2142,,14:47:00,인천공항2터미널,서울역
28702,공항철도,,홍대입구,END,DOWN,0,A2142,,14:47:00,인천공항2터미널,서울역
28703,공항철도,,공덕,SAT,DOWN,0,A2142,,14:51:00,인천공항2터미널,서울역
28704,공항철도,,공덕,END,DOWN,0,A2142,,14:51:00,인천공항2터미널,서울역
28705,공항철도,,서울역,DAY,DOWN,0,A2143,,15:36:00,서울역,인천공항2터미널
28706,공항철도,,공덕,DAY,DOWN,0,A2143,,15:40:00,서울역,인천공항2터미널
28707,공항철도,,홍대입구,DAY,DOWN,0,A2143,,15:44:00,서울역,인천공항2터미널
28708,공항철도,,디지털미디어시티,DAY,DOWN,0,A2143,,15:48:00,서울역,인천공항2터미널
28709,공항철도,,마곡나루,DAY,DOWN,0,A2143,,15:55:00,서울역,인천공항2터미널
28710,공항철도,,김포공항,DAY,DOWN,0,A2143,,15:58:00,서울역,인천공항2터미널
28711,공항철도,,계양,DAY,DOWN,0,A2143,,16:05:00,서울역,인천공항2터미널
28712,공항철도,,검암,DAY,DOWN,0,A2143,,16:11:00,서울역,인천공항2터미널
28713,공항철도,,청라국제도시,DAY,DOWN,0,A2143,,16:16:00,서울역,인천공항2터미널
28714,공항철도,,영종,DAY,DOWN,0,A2143,,16:24:00,서울역,인천공항2터미널
28715,공항철도,,운서,DAY,DOWN,0,A2143,,16:28:00,서울역,인천공항2터미널
28716,공항철도,,공항화물청사,DAY,DOWN,0,A2143,,16:33:00,서울역,인천공항2터미널
28717,공항철도,,인천공항1터미널,DAY,DOWN,0,A2143,,16:37:00,서울역,인천공항2터미널
28718,공항철도,,서울역,SAT,DOWN,0,A2143,,14:46:00,서울역,인천공항2터미널
28719,공항철도,,서울역,END,DOWN,0,A2143,,14:46:00,서울역,인천공항2터미널
28720,공항철도,,공덕,SAT,DOWN,0,A2143,,14:50:00,서울역,인천공항2터미널
28721,공항철도,,공덕,END,DOWN,0,A2143,,14:50:00,서울역,인천공항2터미널
28722,공항철도,,홍대입구,SAT,DOWN,0,A2143,,14:54:00,서울역,인천공항2터미널
28723,공항철도,,홍대입구,END,DOWN,0,A2143,,14:54:00,서울역,인천공항2터미널
28724,공항철도,,디지털미디어시티,SAT,DOWN,0,A2143,,14:59:00,서울역,인천공항2터미널
28725,공항철도,,디지털미디어시티,END,DOWN,0,A2143,,14:59:00,서울역,인천공항2터미널
28726,공항철도,,마곡나루,SAT,DOWN,0,A2143,,15:07:00,서울역,인천공항2터미널
28727,공항철도,,마곡나루,END,DOWN,0,A2143,,15:07:00,서울역,인천공항2터미널
28728,공항철도,,김포공항,SAT,DOWN,0,A2143,,15:10:00,서울역,인천공항2터미널
28729,공항철도,,김포공항,END,DOWN,0,A2143,,15:10:00,서울역,인천공항2터미널
28730,공항철도,,계양,SAT,DOWN,0,A2143,,15:16:00,서울역,인천공항2터미널
28731,공항철도,,계양,END,DOWN,0,A2143,,15:16:00,서울역,인천공항2터미널
28732,공항철도,,검암,SAT,DOWN,0,A2143,,15:22:00,서울역,인천공항2터미널
28733,공항철도,,검암,END,DOWN,0,A2143,,15:22:00,서울역,인천공항2터미널
28734,공항철도,,청라국제도시,SAT,DOWN,0,A2143,,15:27:00,서울역,인천공항2터미널
28735,공항철도,,청라국제도시,END,DOWN,0,A2143,,15:27:00,서울역,인천공항2터미널
28736,공항철도,,영종,SAT,DOWN,0,A2143,,15:36:00,서울역,인천공항2터미널
28737,공항철도,,영종,END,DOWN,0,A2143,,15:36:00,서울역,인천공항2터미널
28738,공항철도,,운서,SAT,DOWN,0,A2143,,15:40:00,서울역,인천공항2터미널
28739,공항철도,,운서,END,DOWN,0,A2143,,15:40:00,서울역,인천공항2터미널
28740,공항철도,,공항화물청사,SAT,DOWN,0,A2143,,15:44:00,서울역,인천공항2터미널
28741,공항철도,,공항화물청사,END,DOWN,0,A2143,,15:44:00,서울역,인천공항2터미널
28742,공항철도,,인천공항1터미널,SAT,DOWN,0,A2143,,15:48:00,서울역,인천공항2터미널
28743,공항철도,,인천공항1터미널,END,DOWN,0,A2143,,15:48:00,서울역,인천공항2터미널
28744,공항철도,,인천공항2터미널,DAY,DOWN,0,A2144,,14:37:00,인천공항2터미널,서울역
28745,공항철도,,인천공항1터미널,DAY,DOWN,0,A2144,,14:44:00,인천공항2터미널,서울역
28746,공항철도,,공항화물청사,DAY,DOWN,0,A2144,,14:47:00,인천공항2터미널,서울역
28747,공항철도,,운서,DAY,DOWN,0,A2144,,14:52:00,인천공항2터미널,서울역
28748,공항철도,,영종,DAY,DOWN,0,A2144,,14:57:00,인천공항2터미널,서울역
28749,공항철도,,청라국제도시,DAY,DOWN,0,A2144,,15:06:00,인천공항2터미널,서울역
28750,공항철도,,검암,DAY,DOWN,0,A2144,,15:11:00,인천공항2터미널,서울역
28751,공항철도,,계양,DAY,DOWN,0,A2144,,15:17:00,인천공항2터미널,서울역
28752,공항철도,,김포공항,DAY,DOWN,0,A2144,,15:23:00,인천공항2터미널,서울역
28753,공항철도,,마곡나루,DAY,DOWN,0,A2144,,15:26:00,인천공항2터미널,서울역
28754,공항철도,,디지털미디어시티,DAY,DOWN,0,A2144,,15:34:00,인천공항2터미널,서울역
28755,공항철도,,홍대입구,DAY,DOWN,0,A2144,,15:38:00,인천공항2터미널,서울역
28756,공항철도,,공덕,DAY,DOWN,0,A2144,,15:41:00,인천공항2터미널,서울역
28757,공항철도,,인천공항2터미널,SAT,DOWN,0,A2144,,13:53:00,인천공항2터미널,서울역
28758,공항철도,,인천공항2터미널,END,DOWN,0,A2144,,13:53:00,인천공항2터미널,서울역
28759,공항철도,,인천공항1터미널,SAT,DOWN,0,A2144,,14:00:00,인천공항2터미널,서울역
28760,공항철도,,인천공항1터미널,END,DOWN,0,A2144,,14:00:00,인천공항2터미널,서울역
28761,공항철도,,공항화물청사,SAT,DOWN,0,A2144,,14:03:00,인천공항2터미널,서울역
28762,공항철도,,공항화물청사,END,DOWN,0,A2144,,14:03:00,인천공항2터미널,서울역
28763,공항철도,,운서,SAT,DOWN,0,A2144,,14:08:00,인천공항2터미널,서울역
28764,공항철도,,운서,END,DOWN,0,A2144,,14:08:00,인천공항2터미널,서울역
28765,공항철도,,영종,SAT,DOWN,0,A2144,,14:12:00,인천공항2터미널,서울역
28766,공항철도,,영종,END,DOWN,0,A2144,,14:12:00,인천공항2터미널,서울역
28767,공항철도,,청라국제도시,SAT,DOWN,0,A2144,,14:20:00,인천공항2터미널,서울역
28768,공항철도,,청라국제도시,END,DOWN,0,A2144,,14:20:00,인천공항2터미널,서울역
28769,공항철도,,검암,SAT,DOWN,0,A2144,,14:27:00,인천공항2터미널,서울역
28770,공항철도,,검암,END,DOWN,0,A2144,,14:27:00,인천공항2터미널,서울역
28771,공항철도,,계양,SAT,DOWN,0,A2144,,14:33:00,인천공항2터미널,서울역
28772,공항철도,,계양,END,DOWN,0,A2144,,14:33:00,인천공항2터미널,서울역
28773,공항철도,,김포공항,SAT,DOWN,0,A2144,,14:39:00,인천공항2터미널,서울역
28774,공항철도,,김포공항,END,DOWN,0,A2144,,14:39:00,인천공항2터미널,서울역
28775,공항철도,,마곡나루,SAT,DOWN,0,A2144,,14:42:00,인천공항2터미널,서울역
28776,공항철도,,마곡나루,END,DOWN,0,A2144,,14:42:00,인천공항2터미널,서울역
28777,공항철도,,디지털미디어시티,SAT,DOWN,0,A2144,,14:50:00,인천공항2터미널,서울역
28778,공항철도,,디지털미디어시티,END,DOWN,0,A2144,,14:50:00,인천공항2터미널,서울역
28779,공항철도,,홍대입구,SAT,DOWN,0,A2144,,14:54:00,인천공항2터미널,서울역
28780,공항철도,,홍대입구,END,DOWN,0,A2144,,14:54:00,인천공항2터미널,서울역
28781,공항철도,,공덕,SAT,DOWN,0,A2144,,14:57:00,인천공항2터미널,서울역
28782,공항철도,,공덕,END,DOWN,0,A2144,,14:57:00,인천공항2터미널,서울역
28783,공항철도,,서울역,DAY,DOWN,0,A2145,,15:48:00,서울역,인천공항2터미널
28784,공항철도,,공덕,DAY,DOWN,0,A2145,,15:52:00,서울역,인천공항2터미널
28785,공항철도,,홍대입구,DAY,DOWN,0,A2145,,15:56:00,서울역,인천공항2터미널
28786,공항철도,,디지털미디어시티,DAY,DOWN,0,A2145,,16:00:00,서울역,인천공항2터미널
28787,공항철도,,마곡나루,DAY,DOWN,0,A2145,,16:07:00,서울역,인천공항2터미널
28788,공항철도,,김포공항,DAY,DOWN,0,A2145,,16:10:00,서울역,인천공항2터미널
28789,공항철도,,계양,DAY,DOWN,0,A2145,,16:17:00,서울역,인천공항2터미널
28790,공항철도,,검암,DAY,DOWN,0,A2145,,16:23:00,서울역,인천공항2터미널
28791,공항철도,,청라국제도시,DAY,DOWN,0,A2145,,16:28:00,서울역,인천공항2터미널
28792,공항철도,,영종,DAY,DOWN,0,A2145,,16:36:00,서울역,인천공항2터미널
28793,공항철도,,운서,DAY,DOWN,0,A2145,,16:40:00,서울역,인천공항2터미널
28794,공항철도,,공항화물청사,DAY,DOWN,0,A2145,,16:45:00,서울역,인천공항2터미널
28795,공항철도,,인천공항1터미널,DAY,DOWN,0,A2145,,16:49:00,서울역,인천공항2터미널
28796,공항철도,,서울역,SAT,DOWN,0,A2145,,14:55:00,서울역,인천공항2터미널
28797,공항철도,,서울역,END,DOWN,0,A2145,,14:55:00,서울역,인천공항2터미널
28798,공항철도,,공덕,SAT,DOWN,0,A2145,,15:00:00,서울역,인천공항2터미널
28799,공항철도,,공덕,END,DOWN,0,A2145,,15:00:00,서울역,인천공항2터미널
28800,공항철도,,홍대입구,SAT,DOWN,0,A2145,,15:03:00,서울역,인천공항2터미널
28801,공항철도,,홍대입구,END,DOWN,0,A2145,,15:03:00,서울역,인천공항2터미널
28802,공항철도,,디지털미디어시티,SAT,DOWN,0,A2145,,15:07:00,서울역,인천공항2터미널
28803,공항철도,,디지털미디어시티,END,DOWN,0,A2145,,15:07:00,서울역,인천공항2터미널
28804,공항철도,,마곡나루,SAT,DOWN,0,A2145,,15:15:00,서울역,인천공항2터미널
28805,공항철도,,마곡나루,END,DOWN,0,A2145,,15:15:00,서울역,인천공항2터미널
28806,공항철도,,김포공항,SAT,DOWN,0,A2145,,15:18:00,서울역,인천공항2터미널
28807,공항철도,,김포공항,END,DOWN,0,A2145,,15:18:00,서울역,인천공항2터미널
28808,공항철도,,계양,SAT,DOWN,0,A2145,,15:24:00,서울역,인천공항2터미널
28809,공항철도,,계양,END,DOWN,0,A2145,,15:24:00,서울역,인천공항2터미널
28810,공항철도,,검암,SAT,DOWN,0,A2145,,15:30:00,서울역,인천공항2터미널
28811,공항철도,,검암,END,DOWN,0,A2145,,15:30:00,서울역,인천공항2터미널
28812,공항철도,,청라국제도시,SAT,DOWN,0,A2145,,15:35:00,서울역,인천공항2터미널
28813,공항철도,,청라국제도시,END,DOWN,0,A2145,,15:35:00,서울역,인천공항2터미널
28814,공항철도,,영종,SAT,DOWN,0,A2145,,15:44:00,서울역,인천공항2터미널
28815,공항철도,,영종,END,DOWN,0,A2145,,15:44:00,서울역,인천공항2터미널
28816,공항철도,,운서,SAT,DOWN,0,A2145,,15:48:00,서울역,인천공항2터미널
28817,공항철도,,운서,END,DOWN,0,A2145,,15:48:00,서울역,인천공항2터미널
28818,공항철도,,공항화물청사,SAT,DOWN,0,A2145,,15:52:00,서울역,인천공항2터미널
28819,공항철도,,공항화물청사,END,DOWN,0,A2145,,15:52:00,서울역,인천공항2터미널
28820,공항철도,,인천공항1터미널,SAT,DOWN,0,A2145,,15:56:00,서울역,인천공항2터미널
28821,공항철도,,인천공항1터미널,END,DOWN,0,A2145,,15:56:00,서울역,인천공항2터미널
28822,공항철도,,인천공항2터미널,DAY,DOWN,0,A2146,,14:45:00,인천공항2터미널,서울역
28823,공항철도,,인천공항1터미널,DAY,DOWN,0,A2146,,14:52:00,인천공항2터미널,서울역
28824,공항철도,,공항화물청사,DAY,DOWN,0,A2146,,14:55:00,인천공항2터미널,서울역
28825,공항철도,,운서,DAY,DOWN,0,A2146,,15:00:00,인천공항2터미널,서울역
28826,공항철도,,영종,DAY,DOWN,0,A2146,,15:04:00,인천공항2터미널,서울역
28827,공항철도,,청라국제도시,DAY,DOWN,0,A2146,,15:12:00,인천공항2터미널,서울역
28828,공항철도,,검암,DAY,DOWN,0,A2146,,15:17:00,인천공항2터미널,서울역
28829,공항철도,,계양,DAY,DOWN,0,A2146,,15:23:00,인천공항2터미널,서울역
28830,공항철도,,김포공항,DAY,DOWN,0,A2146,,15:30:00,인천공항2터미널,서울역
28831,공항철도,,마곡나루,DAY,DOWN,0,A2146,,15:33:00,인천공항2터미널,서울역
28832,공항철도,,디지털미디어시티,DAY,DOWN,0,A2146,,15:40:00,인천공항2터미널,서울역
28833,공항철도,,홍대입구,DAY,DOWN,0,A2146,,15:44:00,인천공항2터미널,서울역
28834,공항철도,,공덕,DAY,DOWN,0,A2146,,15:48:00,인천공항2터미널,서울역
28835,공항철도,,인천공항2터미널,SAT,DOWN,0,A2146,,14:03:00,인천공항2터미널,서울역
28836,공항철도,,인천공항2터미널,END,DOWN,0,A2146,,14:03:00,인천공항2터미널,서울역
28837,공항철도,,인천공항1터미널,SAT,DOWN,0,A2146,,14:09:00,인천공항2터미널,서울역
28838,공항철도,,인천공항1터미널,END,DOWN,0,A2146,,14:09:00,인천공항2터미널,서울역
28839,공항철도,,공항화물청사,SAT,DOWN,0,A2146,,14:13:00,인천공항2터미널,서울역
28840,공항철도,,공항화물청사,END,DOWN,0,A2146,,14:13:00,인천공항2터미널,서울역
28841,공항철도,,운서,SAT,DOWN,0,A2146,,14:17:00,인천공항2터미널,서울역
28842,공항철도,,운서,END,DOWN,0,A2146,,14:17:00,인천공항2터미널,서울역
28843,공항철도,,영종,SAT,DOWN,0,A2146,,14:21:00,인천공항2터미널,서울역
28844,공항철도,,영종,END,DOWN,0,A2146,,14:21:00,인천공항2터미널,서울역
28845,공항철도,,청라국제도시,SAT,DOWN,0,A2146,,14:30:00,인천공항2터미널,서울역
28846,공항철도,,청라국제도시,END,DOWN,0,A2146,,14:30:00,인천공항2터미널,서울역
28847,공항철도,,검암,SAT,DOWN,0,A2146,,14:35:00,인천공항2터미널,서울역
28848,공항철도,,검암,END,DOWN,0,A2146,,14:35:00,인천공항2터미널,서울역
28849,공항철도,,계양,SAT,DOWN,0,A2146,,14:41:00,인천공항2터미널,서울역
28850,공항철도,,계양,END,DOWN,0,A2146,,14:41:00,인천공항2터미널,서울역
28851,공항철도,,김포공항,SAT,DOWN,0,A2146,,14:47:00,인천공항2터미널,서울역
28852,공항철도,,김포공항,END,DOWN,0,A2146,,14:47:00,인천공항2터미널,서울역
28853,공항철도,,마곡나루,SAT,DOWN,0,A2146,,14:50:00,인천공항2터미널,서울역
28854,공항철도,,마곡나루,END,DOWN,0,A2146,,14:50:00,인천공항2터미널,서울역
28855,공항철도,,디지털미디어시티,SAT,DOWN,0,A2146,,14:58:00,인천공항2터미널,서울역
28856,공항철도,,디지털미디어시티,END,DOWN,0,A2146,,14:58:00,인천공항2터미널,서울역
28857,공항철도,,홍대입구,SAT,DOWN,0,A2146,,15:02:00,인천공항2터미널,서울역
28858,공항철도,,홍대입구,END,DOWN,0,A2146,,15:02:00,인천공항2터미널,서울역
28859,공항철도,,공덕,SAT,DOWN,0,A2146,,15:05:00,인천공항2터미널,서울역
28860,공항철도,,공덕,END,DOWN,0,A2146,,15:05:00,인천공항2터미널,서울역
28861,공항철도,,서울역,DAY,DOWN,0,A2147,,15:56:00,서울역,인천공항2터미널
28862,공항철도,,공덕,DAY,DOWN,0,A2147,,16:00:00,서울역,인천공항2터미널
28863,공항철도,,홍대입구,DAY,DOWN,0,A2147,,16:04:00,서울역,인천공항2터미널
28864,공항철도,,디지털미디어시티,DAY,DOWN,0,A2147,,16:08:00,서울역,인천공항2터미널
28865,공항철도,,마곡나루,DAY,DOWN,0,A2147,,16:15:00,서울역,인천공항2터미널
28866,공항철도,,김포공항,DAY,DOWN,0,A2147,,16:18:00,서울역,인천공항2터미널
28867,공항철도,,계양,DAY,DOWN,0,A2147,,16:25:00,서울역,인천공항2터미널
28868,공항철도,,검암,DAY,DOWN,0,A2147,,16:31:00,서울역,인천공항2터미널
28869,공항철도,,청라국제도시,DAY,DOWN,0,A2147,,16:36:00,서울역,인천공항2터미널
28870,공항철도,,영종,DAY,DOWN,0,A2147,,16:46:00,서울역,인천공항2터미널
28871,공항철도,,운서,DAY,DOWN,0,A2147,,16:50:00,서울역,인천공항2터미널
28872,공항철도,,공항화물청사,DAY,DOWN,0,A2147,,16:54:00,서울역,인천공항2터미널
28873,공항철도,,인천공항1터미널,DAY,DOWN,0,A2147,,16:58:00,서울역,인천공항2터미널
28874,공항철도,,서울역,SAT,DOWN,0,A2147,,15:02:00,서울역,인천공항2터미널
28875,공항철도,,서울역,END,DOWN,0,A2147,,15:02:00,서울역,인천공항2터미널
28876,공항철도,,공덕,SAT,DOWN,0,A2147,,15:07:00,서울역,인천공항2터미널
28877,공항철도,,공덕,END,DOWN,0,A2147,,15:07:00,서울역,인천공항2터미널
28878,공항철도,,홍대입구,SAT,DOWN,0,A2147,,15:10:00,서울역,인천공항2터미널
28879,공항철도,,홍대입구,END,DOWN,0,A2147,,15:10:00,서울역,인천공항2터미널
28880,공항철도,,디지털미디어시티,SAT,DOWN,0,A2147,,15:14:00,서울역,인천공항2터미널
28881,공항철도,,디지털미디어시티,END,DOWN,0,A2147,,15:14:00,서울역,인천공항2터미널
28882,공항철도,,마곡나루,SAT,DOWN,0,A2147,,15:22:00,서울역,인천공항2터미널
28883,공항철도,,마곡나루,END,DOWN,0,A2147,,15:22:00,서울역,인천공항2터미널
28884,공항철도,,김포공항,SAT,DOWN,0,A2147,,15:25:00,서울역,인천공항2터미널
28885,공항철도,,김포공항,END,DOWN,0,A2147,,15:25:00,서울역,인천공항2터미널
28886,공항철도,,계양,SAT,DOWN,0,A2147,,15:31:00,서울역,인천공항2터미널
28887,공항철도,,계양,END,DOWN,0,A2147,,15:31:00,서울역,인천공항2터미널
28888,공항철도,,검암,SAT,DOWN,0,A2147,,15:37:00,서울역,인천공항2터미널
28889,공항철도,,검암,END,DOWN,0,A2147,,15:37:00,서울역,인천공항2터미널
28890,공항철도,,청라국제도시,SAT,DOWN,0,A2147,,15:42:00,서울역,인천공항2터미널
28891,공항철도,,청라국제도시,END,DOWN,0,A2147,,15:42:00,서울역,인천공항2터미널
28892,공항철도,,영종,SAT,DOWN,0,A2147,,15:51:00,서울역,인천공항2터미널
28893,공항철도,,영종,END,DOWN,0,A2147,,15:51:00,서울역,인천공항2터미널
28894,공항철도,,운서,SAT,DOWN,0,A2147,,15:55:00,서울역,인천공항2터미널
28895,공항철도,,운서,END,DOWN,0,A2147,,15:55:00,서울역,인천공항2터미널
28896,공항철도,,공항화물청사,SAT,DOWN,0,A2147,,15:59:00,서울역,인천공항2터미널
28897,공항철도,,공항화물청사,END,DOWN,0,A2147,,15:59:00,서울역,인천공항2터미널
28898,공항철도,,인천공항1터미널,SAT,DOWN,0,A2147,,16:03:00,서울역,인천공항2터미널
28899,공항철도,,인천공항1터미널,END,DOWN,0,A2147,,16:03:00,서울역,인천공항2터미널
28900,공항철도,,인천공항2터미널,DAY,DOWN,0,A2148,,14:51:00,인천공항2터미널,서울역
28901,공항철도,,인천공항1터미널,DAY,DOWN,0,A2148,,14:57:00,인천공항2터미널,서울역
28902,공항철도,,공항화물청사,DAY,DOWN,0,A2148,,15:01:00,인천공항2터미널,서울역
28903,공항철도,,운서,DAY,DOWN,0,A2148,,15:05:00,인천공항2터미널,서울역
28904,공항철도,,영종,DAY,DOWN,0,A2148,,15:09:00,인천공항2터미널,서울역
28905,공항철도,,청라국제도시,DAY,DOWN,0,A2148,,15:18:00,인천공항2터미널,서울역
28906,공항철도,,검암,DAY,DOWN,0,A2148,,15:23:00,인천공항2터미널,서울역
28907,공항철도,,계양,DAY,DOWN,0,A2148,,15:29:00,인천공항2터미널,서울역
28908,공항철도,,김포공항,DAY,DOWN,0,A2148,,15:35:00,인천공항2터미널,서울역
28909,공항철도,,마곡나루,DAY,DOWN,0,A2148,,15:38:00,인천공항2터미널,서울역
28910,공항철도,,디지털미디어시티,DAY,DOWN,0,A2148,,15:46:00,인천공항2터미널,서울역
28911,공항철도,,홍대입구,DAY,DOWN,0,A2148,,15:50:00,인천공항2터미널,서울역
28912,공항철도,,공덕,DAY,DOWN,0,A2148,,15:53:00,인천공항2터미널,서울역
28913,공항철도,,인천공항2터미널,SAT,DOWN,0,A2148,,14:13:00,인천공항2터미널,서울역
28914,공항철도,,인천공항2터미널,END,DOWN,0,A2148,,14:13:00,인천공항2터미널,서울역
28915,공항철도,,인천공항1터미널,SAT,DOWN,0,A2148,,14:19:00,인천공항2터미널,서울역
28916,공항철도,,인천공항1터미널,END,DOWN,0,A2148,,14:19:00,인천공항2터미널,서울역
28917,공항철도,,공항화물청사,SAT,DOWN,0,A2148,,14:23:00,인천공항2터미널,서울역
28918,공항철도,,공항화물청사,END,DOWN,0,A2148,,14:23:00,인천공항2터미널,서울역
28919,공항철도,,운서,SAT,DOWN,0,A2148,,14:27:00,인천공항2터미널,서울역
28920,공항철도,,운서,END,DOWN,0,A2148,,14:27:00,인천공항2터미널,서울역
28921,공항철도,,영종,SAT,DOWN,0,A2148,,14:31:00,인천공항2터미널,서울역
28922,공항철도,,영종,END,DOWN,0,A2148,,14:31:00,인천공항2터미널,서울역
28923,공항철도,,청라국제도시,SAT,DOWN,0,A2148,,14:40:00,인천공항2터미널,서울역
28924,공항철도,,청라국제도시,END,DOWN,0,A2148,,14:40:00,인천공항2터미널,서울역
28925,공항철도,,검암,SAT,DOWN,0,A2148,,14:45:00,인천공항2터미널,서울역
28926,공항철도,,검암,END,DOWN,0,A2148,,14:45:00,인천공항2터미널,서울역
28927,공항철도,,계양,SAT,DOWN,0,A2148,,14:51:00,인천공항2터미널,서울역
28928,공항철도,,계양,END,DOWN,0,A2148,,14:51:00,인천공항2터미널,서울역
28929,공항철도,,김포공항,SAT,DOWN,0,A2148,,14:57:00,인천공항2터미널,서울역
28930,공항철도,,김포공항,END,DOWN,0,A2148,,14:57:00,인천공항2터미널,서울역
28931,공항철도,,마곡나루,SAT,DOWN,0,A2148,,15:00:00,인천공항2터미널,서울역
28932,공항철도,,마곡나루,END,DOWN,0,A2148,,15:00:00,인천공항2터미널,서울역
28933,공항철도,,디지털미디어시티,SAT,DOWN,0,A2148,,15:08:00,인천공항2터미널,서울역
28934,공항철도,,디지털미디어시티,END,DOWN,0,A2148,,15:08:00,인천공항2터미널,서울역
28935,공항철도,,홍대입구,SAT,DOWN,0,A2148,,15:12:00,인천공항2터미널,서울역
28936,공항철도,,홍대입구,END,DOWN,0,A2148,,15:12:00,인천공항2터미널,서울역
28937,공항철도,,공덕,SAT,DOWN,0,A2148,,15:15:00,인천공항2터미널,서울역
28938,공항철도,,공덕,END,DOWN,0,A2148,,15:15:00,인천공항2터미널,서울역
28939,공항철도,,서울역,DAY,DOWN,0,A2149,,16:06:00,서울역,인천공항2터미널
28940,공항철도,,공덕,DAY,DOWN,0,A2149,,16:10:00,서울역,인천공항2터미널
28941,공항철도,,홍대입구,DAY,DOWN,0,A2149,,16:14:00,서울역,인천공항2터미널
28942,공항철도,,디지털미디어시티,DAY,DOWN,0,A2149,,16:19:00,서울역,인천공항2터미널
28943,공항철도,,마곡나루,DAY,DOWN,0,A2149,,16:27:00,서울역,인천공항2터미널
28944,공항철도,,김포공항,DAY,DOWN,0,A2149,,16:30:00,서울역,인천공항2터미널
28945,공항철도,,계양,DAY,DOWN,0,A2149,,16:36:00,서울역,인천공항2터미널
28946,공항철도,,검암,DAY,DOWN,0,A2149,,16:42:00,서울역,인천공항2터미널
28947,공항철도,,청라국제도시,DAY,DOWN,0,A2149,,16:47:00,서울역,인천공항2터미널
28948,공항철도,,영종,DAY,DOWN,0,A2149,,16:56:00,서울역,인천공항2터미널
28949,공항철도,,운서,DAY,DOWN,0,A2149,,17:00:00,서울역,인천공항2터미널
28950,공항철도,,공항화물청사,DAY,DOWN,0,A2149,,17:04:00,서울역,인천공항2터미널
28951,공항철도,,인천공항1터미널,DAY,DOWN,0,A2149,,17:08:00,서울역,인천공항2터미널
28952,공항철도,,서울역,SAT,DOWN,0,A2149,,15:10:00,서울역,인천공항2터미널
28953,공항철도,,서울역,END,DOWN,0,A2149,,15:10:00,서울역,인천공항2터미널
28954,공항철도,,공덕,SAT,DOWN,0,A2149,,15:14:00,서울역,인천공항2터미널
28955,공항철도,,공덕,END,DOWN,0,A2149,,15:14:00,서울역,인천공항2터미널
28956,공항철도,,홍대입구,SAT,DOWN,0,A2149,,15:18:00,서울역,인천공항2터미널
28957,공항철도,,홍대입구,END,DOWN,0,A2149,,15:18:00,서울역,인천공항2터미널
28958,공항철도,,디지털미디어시티,SAT,DOWN,0,A2149,,15:22:00,서울역,인천공항2터미널
28959,공항철도,,디지털미디어시티,END,DOWN,0,A2149,,15:22:00,서울역,인천공항2터미널
28960,공항철도,,마곡나루,SAT,DOWN,0,A2149,,15:29:00,서울역,인천공항2터미널
28961,공항철도,,마곡나루,END,DOWN,0,A2149,,15:29:00,서울역,인천공항2터미널
28962,공항철도,,김포공항,SAT,DOWN,0,A2149,,15:32:00,서울역,인천공항2터미널
28963,공항철도,,김포공항,END,DOWN,0,A2149,,15:32:00,서울역,인천공항2터미널
28964,공항철도,,계양,SAT,DOWN,0,A2149,,15:39:00,서울역,인천공항2터미널
28965,공항철도,,계양,END,DOWN,0,A2149,,15:39:00,서울역,인천공항2터미널
28966,공항철도,,검암,SAT,DOWN,0,A2149,,15:45:00,서울역,인천공항2터미널
28967,공항철도,,검암,END,DOWN,0,A2149,,15:45:00,서울역,인천공항2터미널
28968,공항철도,,청라국제도시,SAT,DOWN,0,A2149,,15:50:00,서울역,인천공항2터미널
28969,공항철도,,청라국제도시,END,DOWN,0,A2149,,15:50:00,서울역,인천공항2터미널
28970,공항철도,,영종,SAT,DOWN,0,A2149,,15:58:00,서울역,인천공항2터미널
28971,공항철도,,영종,END,DOWN,0,A2149,,15:58:00,서울역,인천공항2터미널
28972,공항철도,,운서,SAT,DOWN,0,A2149,,16:02:00,서울역,인천공항2터미널
28973,공항철도,,운서,END,DOWN,0,A2149,,16:02:00,서울역,인천공항2터미널
28974,공항철도,,공항화물청사,SAT,DOWN,0,A2149,,16:07:00,서울역,인천공항2터미널
28975,공항철도,,공항화물청사,END,DOWN,0,A2149,,16:07:00,서울역,인천공항2터미널
28976,공항철도,,인천공항1터미널,SAT,DOWN,0,A2149,,16:11:00,서울역,인천공항2터미널
28977,공항철도,,인천공항1터미널,END,DOWN,0,A2149,,16:11:00,서울역,인천공항2터미널
28978,공항철도,,인천공항2터미널,DAY,DOWN,0,A2150,,14:56:00,인천공항2터미널,서울역
28979,공항철도,,인천공항1터미널,DAY,DOWN,0,A2150,,15:03:00,인천공항2터미널,서울역
28980,공항철도,,공항화물청사,DAY,DOWN,0,A2150,,15:06:00,인천공항2터미널,서울역
28981,공항철도,,운서,DAY,DOWN,0,A2150,,15:11:00,인천공항2터미널,서울역
28982,공항철도,,영종,DAY,DOWN,0,A2150,,15:15:00,인천공항2터미널,서울역
28983,공항철도,,청라국제도시,DAY,DOWN,0,A2150,,15:23:00,인천공항2터미널,서울역
28984,공항철도,,검암,DAY,DOWN,0,A2150,,15:28:00,인천공항2터미널,서울역
28985,공항철도,,계양,DAY,DOWN,0,A2150,,15:34:00,인천공항2터미널,서울역
28986,공항철도,,김포공항,DAY,DOWN,0,A2150,,15:41:00,인천공항2터미널,서울역
28987,공항철도,,마곡나루,DAY,DOWN,0,A2150,,15:44:00,인천공항2터미널,서울역
28988,공항철도,,디지털미디어시티,DAY,DOWN,0,A2150,,15:51:00,인천공항2터미널,서울역
28989,공항철도,,홍대입구,DAY,DOWN,0,A2150,,15:55:00,인천공항2터미널,서울역
28990,공항철도,,공덕,DAY,DOWN,0,A2150,,15:59:00,인천공항2터미널,서울역
28991,공항철도,,인천공항2터미널,SAT,DOWN,0,A2150,,14:20:00,인천공항2터미널,서울역
28992,공항철도,,인천공항2터미널,END,DOWN,0,A2150,,14:20:00,인천공항2터미널,서울역
28993,공항철도,,인천공항1터미널,SAT,DOWN,0,A2150,,14:26:00,인천공항2터미널,서울역
28994,공항철도,,인천공항1터미널,END,DOWN,0,A2150,,14:26:00,인천공항2터미널,서울역
28995,공항철도,,공항화물청사,SAT,DOWN,0,A2150,,14:30:00,인천공항2터미널,서울역
28996,공항철도,,공항화물청사,END,DOWN,0,A2150,,14:30:00,인천공항2터미널,서울역
28997,공항철도,,운서,SAT,DOWN,0,A2150,,14:34:00,인천공항2터미널,서울역
28998,공항철도,,운서,END,DOWN,0,A2150,,14:34:00,인천공항2터미널,서울역
28999,공항철도,,영종,SAT,DOWN,0,A2150,,14:38:00,인천공항2터미널,서울역
29000,공항철도,,영종,END,DOWN,0,A2150,,14:38:00,인천공항2터미널,서울역
29001,공항철도,,청라국제도시,SAT,DOWN,0,A2150,,14:47:00,인천공항2터미널,서울역
29002,공항철도,,청라국제도시,END,DOWN,0,A2150,,14:47:00,인천공항2터미널,서울역
29003,공항철도,,검암,SAT,DOWN,0,A2150,,14:52:00,인천공항2터미널,서울역
29004,공항철도,,검암,END,DOWN,0,A2150,,14:52:00,인천공항2터미널,서울역
29005,공항철도,,계양,SAT,DOWN,0,A2150,,14:58:00,인천공항2터미널,서울역
29006,공항철도,,계양,END,DOWN,0,A2150,,14:58:00,인천공항2터미널,서울역
29007,공항철도,,김포공항,SAT,DOWN,0,A2150,,15:04:00,인천공항2터미널,서울역
29008,공항철도,,김포공항,END,DOWN,0,A2150,,15:04:00,인천공항2터미널,서울역
29009,공항철도,,마곡나루,SAT,DOWN,0,A2150,,15:07:00,인천공항2터미널,서울역
29010,공항철도,,마곡나루,END,DOWN,0,A2150,,15:07:00,인천공항2터미널,서울역
29011,공항철도,,디지털미디어시티,SAT,DOWN,0,A2150,,15:15:00,인천공항2터미널,서울역
29012,공항철도,,디지털미디어시티,END,DOWN,0,A2150,,15:15:00,인천공항2터미널,서울역
29013,공항철도,,홍대입구,SAT,DOWN,0,A2150,,15:19:00,인천공항2터미널,서울역
29014,공항철도,,홍대입구,END,DOWN,0,A2150,,15:19:00,인천공항2터미널,서울역
29015,공항철도,,공덕,SAT,DOWN,0,A2150,,15:22:00,인천공항2터미널,서울역
29016,공항철도,,공덕,END,DOWN,0,A2150,,15:22:00,인천공항2터미널,서울역
29017,공항철도,,서울역,DAY,DOWN,0,A2151,,16:13:00,서울역,인천공항2터미널
29018,공항철도,,공덕,DAY,DOWN,0,A2151,,16:17:00,서울역,인천공항2터미널
29019,공항철도,,홍대입구,DAY,DOWN,0,A2151,,16:21:00,서울역,인천공항2터미널
29020,공항철도,,디지털미디어시티,DAY,DOWN,0,A2151,,16:25:00,서울역,인천공항2터미널
29021,공항철도,,마곡나루,DAY,DOWN,0,A2151,,16:32:00,서울역,인천공항2터미널
29022,공항철도,,김포공항,DAY,DOWN,0,A2151,,16:35:00,서울역,인천공항2터미널
29023,공항철도,,계양,DAY,DOWN,0,A2151,,16:42:00,서울역,인천공항2터미널
29024,공항철도,,검암,DAY,DOWN,0,A2151,,16:48:00,서울역,인천공항2터미널
29025,공항철도,,청라국제도시,DAY,DOWN,0,A2151,,16:53:00,서울역,인천공항2터미널
29026,공항철도,,영종,DAY,DOWN,0,A2151,,17:01:00,서울역,인천공항2터미널
29027,공항철도,,운서,DAY,DOWN,0,A2151,,17:05:00,서울역,인천공항2터미널
29028,공항철도,,공항화물청사,DAY,DOWN,0,A2151,,17:10:00,서울역,인천공항2터미널
29029,공항철도,,인천공항1터미널,DAY,DOWN,0,A2151,,17:14:00,서울역,인천공항2터미널
29030,공항철도,,서울역,SAT,DOWN,0,A2151,,15:16:00,서울역,인천공항2터미널
29031,공항철도,,서울역,END,DOWN,0,A2151,,15:16:00,서울역,인천공항2터미널
29032,공항철도,,공덕,SAT,DOWN,0,A2151,,15:20:00,서울역,인천공항2터미널
29033,공항철도,,공덕,END,DOWN,0,A2151,,15:20:00,서울역,인천공항2터미널
29034,공항철도,,홍대입구,SAT,DOWN,0,A2151,,15:24:00,서울역,인천공항2터미널
29035,공항철도,,홍대입구,END,DOWN,0,A2151,,15:24:00,서울역,인천공항2터미널
29036,공항철도,,디지털미디어시티,SAT,DOWN,0,A2151,,15:28:00,서울역,인천공항2터미널
29037,공항철도,,디지털미디어시티,END,DOWN,0,A2151,,15:28:00,서울역,인천공항2터미널
29038,공항철도,,마곡나루,SAT,DOWN,0,A2151,,15:35:00,서울역,인천공항2터미널
29039,공항철도,,마곡나루,END,DOWN,0,A2151,,15:35:00,서울역,인천공항2터미널
29040,공항철도,,김포공항,SAT,DOWN,0,A2151,,15:38:00,서울역,인천공항2터미널
29041,공항철도,,김포공항,END,DOWN,0,A2151,,15:38:00,서울역,인천공항2터미널
29042,공항철도,,계양,SAT,DOWN,0,A2151,,15:45:00,서울역,인천공항2터미널
29043,공항철도,,계양,END,DOWN,0,A2151,,15:45:00,서울역,인천공항2터미널
29044,공항철도,,검암,SAT,DOWN,0,A2151,,15:51:00,서울역,인천공항2터미널
29045,공항철도,,검암,END,DOWN,0,A2151,,15:51:00,서울역,인천공항2터미널
29046,공항철도,,청라국제도시,SAT,DOWN,0,A2151,,15:56:00,서울역,인천공항2터미널
29047,공항철도,,청라국제도시,END,DOWN,0,A2151,,15:56:00,서울역,인천공항2터미널
29048,공항철도,,영종,SAT,DOWN,0,A2151,,16:06:00,서울역,인천공항2터미널
29049,공항철도,,영종,END,DOWN,0,A2151,,16:06:00,서울역,인천공항2터미널
29050,공항철도,,운서,SAT,DOWN,0,A2151,,16:10:00,서울역,인천공항2터미널
29051,공항철도,,운서,END,DOWN,0,A2151,,16:10:00,서울역,인천공항2터미널
29052,공항철도,,공항화물청사,SAT,DOWN,0,A2151,,16:14:00,서울역,인천공항2터미널
29053,공항철도,,공항화물청사,END,DOWN,0,A2151,,16:14:00,서울역,인천공항2터미널
29054,공항철도,,인천공항1터미널,SAT,DOWN,0,A2151,,16:18:00,서울역,인천공항2터미널
29055,공항철도,,인천공항1터미널,END,DOWN,0,A2151,,16:18:00,서울역,인천공항2터미널
29056,공항철도,,인천공항2터미널,DAY,DOWN,0,A2152,,15:02:00,인천공항2터미널,서울역
29057,공항철도,,인천공항1터미널,DAY,DOWN,0,A2152,,15:08:00,인천공항2터미널,서울역
29058,공항철도,,공항화물청사,DAY,DOWN,0,A2152,,15:12:00,인천공항2터미널,서울역
29059,공항철도,,운서,DAY,DOWN,0,A2152,,15:16:00,인천공항2터미널,서울역
29060,공항철도,,영종,DAY,DOWN,0,A2152,,15:20:00,인천공항2터미널,서울역
29061,공항철도,,청라국제도시,DAY,DOWN,0,A2152,,15:29:00,인천공항2터미널,서울역
29062,공항철도,,검암,DAY,DOWN,0,A2152,,15:34:00,인천공항2터미널,서울역
29063,공항철도,,계양,DAY,DOWN,0,A2152,,15:40:00,인천공항2터미널,서울역
29064,공항철도,,김포공항,DAY,DOWN,0,A2152,,15:46:00,인천공항2터미널,서울역
29065,공항철도,,마곡나루,DAY,DOWN,0,A2152,,15:49:00,인천공항2터미널,서울역
29066,공항철도,,디지털미디어시티,DAY,DOWN,0,A2152,,15:57:00,인천공항2터미널,서울역
29067,공항철도,,홍대입구,DAY,DOWN,0,A2152,,16:01:00,인천공항2터미널,서울역
29068,공항철도,,공덕,DAY,DOWN,0,A2152,,16:04:00,인천공항2터미널,서울역
29069,공항철도,,인천공항2터미널,SAT,DOWN,0,A2152,,14:27:00,인천공항2터미널,서울역
29070,공항철도,,인천공항2터미널,END,DOWN,0,A2152,,14:27:00,인천공항2터미널,서울역
29071,공항철도,,인천공항1터미널,SAT,DOWN,0,A2152,,14:33:00,인천공항2터미널,서울역
29072,공항철도,,인천공항1터미널,END,DOWN,0,A2152,,14:33:00,인천공항2터미널,서울역
29073,공항철도,,공항화물청사,SAT,DOWN,0,A2152,,14:37:00,인천공항2터미널,서울역
29074,공항철도,,공항화물청사,END,DOWN,0,A2152,,14:37:00,인천공항2터미널,서울역
29075,공항철도,,운서,SAT,DOWN,0,A2152,,14:41:00,인천공항2터미널,서울역
29076,공항철도,,운서,END,DOWN,0,A2152,,14:41:00,인천공항2터미널,서울역
29077,공항철도,,영종,SAT,DOWN,0,A2152,,14:45:00,인천공항2터미널,서울역
29078,공항철도,,영종,END,DOWN,0,A2152,,14:45:00,인천공항2터미널,서울역
29079,공항철도,,청라국제도시,SAT,DOWN,0,A2152,,14:54:00,인천공항2터미널,서울역
29080,공항철도,,청라국제도시,END,DOWN,0,A2152,,14:54:00,인천공항2터미널,서울역
29081,공항철도,,검암,SAT,DOWN,0,A2152,,14:59:00,인천공항2터미널,서울역
29082,공항철도,,검암,END,DOWN,0,A2152,,14:59:00,인천공항2터미널,서울역
29083,공항철도,,계양,SAT,DOWN,0,A2152,,15:05:00,인천공항2터미널,서울역
29084,공항철도,,계양,END,DOWN,0,A2152,,15:05:00,인천공항2터미널,서울역
29085,공항철도,,김포공항,SAT,DOWN,0,A2152,,15:11:00,인천공항2터미널,서울역
29086,공항철도,,김포공항,END,DOWN,0,A2152,,15:11:00,인천공항2터미널,서울역
29087,공항철도,,마곡나루,SAT,DOWN,0,A2152,,15:14:00,인천공항2터미널,서울역
29088,공항철도,,마곡나루,END,DOWN,0,A2152,,15:14:00,인천공항2터미널,서울역
29089,공항철도,,디지털미디어시티,SAT,DOWN,0,A2152,,15:23:00,인천공항2터미널,서울역
29090,공항철도,,디지털미디어시티,END,DOWN,0,A2152,,15:23:00,인천공항2터미널,서울역
29091,공항철도,,홍대입구,SAT,DOWN,0,A2152,,15:27:00,인천공항2터미널,서울역
29092,공항철도,,홍대입구,END,DOWN,0,A2152,,15:27:00,인천공항2터미널,서울역
29093,공항철도,,공덕,SAT,DOWN,0,A2152,,15:31:00,인천공항2터미널,서울역
29094,공항철도,,공덕,END,DOWN,0,A2152,,15:31:00,인천공항2터미널,서울역
29095,공항철도,,서울역,DAY,DOWN,0,A2153,,16:19:00,서울역,인천공항2터미널
29096,공항철도,,공덕,DAY,DOWN,0,A2153,,16:23:00,서울역,인천공항2터미널
29097,공항철도,,홍대입구,DAY,DOWN,0,A2153,,16:27:00,서울역,인천공항2터미널
29098,공항철도,,디지털미디어시티,DAY,DOWN,0,A2153,,16:31:00,서울역,인천공항2터미널
29099,공항철도,,마곡나루,DAY,DOWN,0,A2153,,16:38:00,서울역,인천공항2터미널
29100,공항철도,,김포공항,DAY,DOWN,0,A2153,,16:41:00,서울역,인천공항2터미널
29101,공항철도,,계양,DAY,DOWN,0,A2153,,16:48:00,서울역,인천공항2터미널
29102,공항철도,,검암,DAY,DOWN,0,A2153,,16:54:00,서울역,인천공항2터미널
29103,공항철도,,청라국제도시,DAY,DOWN,0,A2153,,16:59:00,서울역,인천공항2터미널
29104,공항철도,,영종,DAY,DOWN,0,A2153,,17:07:00,서울역,인천공항2터미널
29105,공항철도,,운서,DAY,DOWN,0,A2153,,17:11:00,서울역,인천공항2터미널
29106,공항철도,,공항화물청사,DAY,DOWN,0,A2153,,17:16:00,서울역,인천공항2터미널
29107,공항철도,,인천공항1터미널,DAY,DOWN,0,A2153,,17:20:00,서울역,인천공항2터미널
29108,공항철도,,서울역,SAT,DOWN,0,A2153,,15:26:00,서울역,인천공항2터미널
29109,공항철도,,서울역,END,DOWN,0,A2153,,15:26:00,서울역,인천공항2터미널
29110,공항철도,,공덕,SAT,DOWN,0,A2153,,15:30:00,서울역,인천공항2터미널
29111,공항철도,,공덕,END,DOWN,0,A2153,,15:30:00,서울역,인천공항2터미널
29112,공항철도,,홍대입구,SAT,DOWN,0,A2153,,15:34:00,서울역,인천공항2터미널
29113,공항철도,,홍대입구,END,DOWN,0,A2153,,15:34:00,서울역,인천공항2터미널
29114,공항철도,,디지털미디어시티,SAT,DOWN,0,A2153,,15:39:00,서울역,인천공항2터미널
29115,공항철도,,디지털미디어시티,END,DOWN,0,A2153,,15:39:00,서울역,인천공항2터미널
29116,공항철도,,마곡나루,SAT,DOWN,0,A2153,,15:47:00,서울역,인천공항2터미널
29117,공항철도,,마곡나루,END,DOWN,0,A2153,,15:47:00,서울역,인천공항2터미널
29118,공항철도,,김포공항,SAT,DOWN,0,A2153,,15:50:00,서울역,인천공항2터미널
29119,공항철도,,김포공항,END,DOWN,0,A2153,,15:50:00,서울역,인천공항2터미널
29120,공항철도,,계양,SAT,DOWN,0,A2153,,15:56:00,서울역,인천공항2터미널
29121,공항철도,,계양,END,DOWN,0,A2153,,15:56:00,서울역,인천공항2터미널
29122,공항철도,,검암,SAT,DOWN,0,A2153,,16:02:00,서울역,인천공항2터미널
29123,공항철도,,검암,END,DOWN,0,A2153,,16:02:00,서울역,인천공항2터미널
29124,공항철도,,청라국제도시,SAT,DOWN,0,A2153,,16:07:00,서울역,인천공항2터미널
29125,공항철도,,청라국제도시,END,DOWN,0,A2153,,16:07:00,서울역,인천공항2터미널
29126,공항철도,,영종,SAT,DOWN,0,A2153,,16:16:00,서울역,인천공항2터미널
29127,공항철도,,영종,END,DOWN,0,A2153,,16:16:00,서울역,인천공항2터미널
29128,공항철도,,운서,SAT,DOWN,0,A2153,,16:20:00,서울역,인천공항2터미널
29129,공항철도,,운서,END,DOWN,0,A2153,,16:20:00,서울역,인천공항2터미널
29130,공항철도,,공항화물청사,SAT,DOWN,0,A2153,,16:24:00,서울역,인천공항2터미널
29131,공항철도,,공항화물청사,END,DOWN,0,A2153,,16:24:00,서울역,인천공항2터미널
29132,공항철도,,인천공항1터미널,SAT,DOWN,0,A2153,,16:28:00,서울역,인천공항2터미널
29133,공항철도,,인천공항1터미널,END,DOWN,0,A2153,,16:28:00,서울역,인천공항2터미널
29134,공항철도,,인천공항2터미널,DAY,DOWN,0,A2154,,15:07:00,인천공항2터미널,서울역
29135,공항철도,,인천공항1터미널,DAY,DOWN,0,A2154,,15:14:00,인천공항2터미널,서울역
29136,공항철도,,공항화물청사,DAY,DOWN,0,A2154,,15:17:00,인천공항2터미널,서울역
29137,공항철도,,운서,DAY,DOWN,0,A2154,,15:22:00,인천공항2터미널,서울역
29138,공항철도,,영종,DAY,DOWN,0,A2154,,15:26:00,인천공항2터미널,서울역
29139,공항철도,,청라국제도시,DAY,DOWN,0,A2154,,15:34:00,인천공항2터미널,서울역
29140,공항철도,,검암,DAY,DOWN,0,A2154,,15:39:00,인천공항2터미널,서울역
29141,공항철도,,계양,DAY,DOWN,0,A2154,,15:45:00,인천공항2터미널,서울역
29142,공항철도,,김포공항,DAY,DOWN,0,A2154,,15:52:00,인천공항2터미널,서울역
29143,공항철도,,마곡나루,DAY,DOWN,0,A2154,,15:55:00,인천공항2터미널,서울역
29144,공항철도,,디지털미디어시티,DAY,DOWN,0,A2154,,16:04:00,인천공항2터미널,서울역
29145,공항철도,,홍대입구,DAY,DOWN,0,A2154,,16:08:00,인천공항2터미널,서울역
29146,공항철도,,공덕,DAY,DOWN,0,A2154,,16:11:00,인천공항2터미널,서울역
29147,공항철도,,인천공항2터미널,SAT,DOWN,0,A2154,,14:33:00,인천공항2터미널,서울역
29148,공항철도,,인천공항2터미널,END,DOWN,0,A2154,,14:33:00,인천공항2터미널,서울역
29149,공항철도,,인천공항1터미널,SAT,DOWN,0,A2154,,14:40:00,인천공항2터미널,서울역
29150,공항철도,,인천공항1터미널,END,DOWN,0,A2154,,14:40:00,인천공항2터미널,서울역
29151,공항철도,,공항화물청사,SAT,DOWN,0,A2154,,14:43:00,인천공항2터미널,서울역
29152,공항철도,,공항화물청사,END,DOWN,0,A2154,,14:43:00,인천공항2터미널,서울역
29153,공항철도,,운서,SAT,DOWN,0,A2154,,14:48:00,인천공항2터미널,서울역
29154,공항철도,,운서,END,DOWN,0,A2154,,14:48:00,인천공항2터미널,서울역
29155,공항철도,,영종,SAT,DOWN,0,A2154,,14:52:00,인천공항2터미널,서울역
29156,공항철도,,영종,END,DOWN,0,A2154,,14:52:00,인천공항2터미널,서울역
29157,공항철도,,청라국제도시,SAT,DOWN,0,A2154,,15:00:00,인천공항2터미널,서울역
29158,공항철도,,청라국제도시,END,DOWN,0,A2154,,15:00:00,인천공항2터미널,서울역
29159,공항철도,,검암,SAT,DOWN,0,A2154,,15:07:00,인천공항2터미널,서울역
29160,공항철도,,검암,END,DOWN,0,A2154,,15:07:00,인천공항2터미널,서울역
29161,공항철도,,계양,SAT,DOWN,0,A2154,,15:13:00,인천공항2터미널,서울역
29162,공항철도,,계양,END,DOWN,0,A2154,,15:13:00,인천공항2터미널,서울역
29163,공항철도,,김포공항,SAT,DOWN,0,A2154,,15:19:00,인천공항2터미널,서울역
29164,공항철도,,김포공항,END,DOWN,0,A2154,,15:19:00,인천공항2터미널,서울역
29165,공항철도,,마곡나루,SAT,DOWN,0,A2154,,15:22:00,인천공항2터미널,서울역
29166,공항철도,,마곡나루,END,DOWN,0,A2154,,15:22:00,인천공항2터미널,서울역
29167,공항철도,,디지털미디어시티,SAT,DOWN,0,A2154,,15:30:00,인천공항2터미널,서울역
29168,공항철도,,디지털미디어시티,END,DOWN,0,A2154,,15:30:00,인천공항2터미널,서울역
29169,공항철도,,홍대입구,SAT,DOWN,0,A2154,,15:34:00,인천공항2터미널,서울역
29170,공항철도,,홍대입구,END,DOWN,0,A2154,,15:34:00,인천공항2터미널,서울역
29171,공항철도,,공덕,SAT,DOWN,0,A2154,,15:37:00,인천공항2터미널,서울역
29172,공항철도,,공덕,END,DOWN,0,A2154,,15:37:00,인천공항2터미널,서울역
29173,공항철도,,서울역,DAY,DOWN,0,A2155,,16:29:00,서울역,인천공항2터미널
29174,공항철도,,공덕,DAY,DOWN,0,A2155,,16:34:00,서울역,인천공항2터미널
29175,공항철도,,홍대입구,DAY,DOWN,0,A2155,,16:37:00,서울역,인천공항2터미널
29176,공항철도,,디지털미디어시티,DAY,DOWN,0,A2155,,16:41:00,서울역,인천공항2터미널
29177,공항철도,,마곡나루,DAY,DOWN,0,A2155,,16:49:00,서울역,인천공항2터미널
29178,공항철도,,김포공항,DAY,DOWN,0,A2155,,16:52:00,서울역,인천공항2터미널
29179,공항철도,,계양,DAY,DOWN,0,A2155,,16:58:00,서울역,인천공항2터미널
29180,공항철도,,검암,DAY,DOWN,0,A2155,,17:04:00,서울역,인천공항2터미널
29181,공항철도,,청라국제도시,DAY,DOWN,0,A2155,,17:09:00,서울역,인천공항2터미널
29182,공항철도,,영종,DAY,DOWN,0,A2155,,17:18:00,서울역,인천공항2터미널
29183,공항철도,,운서,DAY,DOWN,0,A2155,,17:22:00,서울역,인천공항2터미널
29184,공항철도,,공항화물청사,DAY,DOWN,0,A2155,,17:26:00,서울역,인천공항2터미널
29185,공항철도,,인천공항1터미널,DAY,DOWN,0,A2155,,17:30:00,서울역,인천공항2터미널
29186,공항철도,,서울역,SAT,DOWN,0,A2155,,15:35:00,서울역,인천공항2터미널
29187,공항철도,,서울역,END,DOWN,0,A2155,,15:35:00,서울역,인천공항2터미널
29188,공항철도,,공덕,SAT,DOWN,0,A2155,,15:39:00,서울역,인천공항2터미널
29189,공항철도,,공덕,END,DOWN,0,A2155,,15:39:00,서울역,인천공항2터미널
29190,공항철도,,홍대입구,SAT,DOWN,0,A2155,,15:43:00,서울역,인천공항2터미널
29191,공항철도,,홍대입구,END,DOWN,0,A2155,,15:43:00,서울역,인천공항2터미널
29192,공항철도,,디지털미디어시티,SAT,DOWN,0,A2155,,15:47:00,서울역,인천공항2터미널
29193,공항철도,,디지털미디어시티,END,DOWN,0,A2155,,15:47:00,서울역,인천공항2터미널
29194,공항철도,,마곡나루,SAT,DOWN,0,A2155,,15:54:00,서울역,인천공항2터미널
29195,공항철도,,마곡나루,END,DOWN,0,A2155,,15:54:00,서울역,인천공항2터미널
29196,공항철도,,김포공항,SAT,DOWN,0,A2155,,15:57:00,서울역,인천공항2터미널
29197,공항철도,,김포공항,END,DOWN,0,A2155,,15:57:00,서울역,인천공항2터미널
29198,공항철도,,계양,SAT,DOWN,0,A2155,,16:04:00,서울역,인천공항2터미널
29199,공항철도,,계양,END,DOWN,0,A2155,,16:04:00,서울역,인천공항2터미널
29200,공항철도,,검암,SAT,DOWN,0,A2155,,16:10:00,서울역,인천공항2터미널
29201,공항철도,,검암,END,DOWN,0,A2155,,16:10:00,서울역,인천공항2터미널
29202,공항철도,,청라국제도시,SAT,DOWN,0,A2155,,16:15:00,서울역,인천공항2터미널
29203,공항철도,,청라국제도시,END,DOWN,0,A2155,,16:15:00,서울역,인천공항2터미널
29204,공항철도,,영종,SAT,DOWN,0,A2155,,16:23:00,서울역,인천공항2터미널
29205,공항철도,,영종,END,DOWN,0,A2155,,16:23:00,서울역,인천공항2터미널
29206,공항철도,,운서,SAT,DOWN,0,A2155,,16:27:00,서울역,인천공항2터미널
29207,공항철도,,운서,END,DOWN,0,A2155,,16:27:00,서울역,인천공항2터미널
29208,공항철도,,공항화물청사,SAT,DOWN,0,A2155,,16:32:00,서울역,인천공항2터미널
29209,공항철도,,공항화물청사,END,DOWN,0,A2155,,16:32:00,서울역,인천공항2터미널
29210,공항철도,,인천공항1터미널,SAT,DOWN,0,A2155,,16:36:00,서울역,인천공항2터미널
29211,공항철도,,인천공항1터미널,END,DOWN,0,A2155,,16:36:00,서울역,인천공항2터미널
29212,공항철도,,인천공항2터미널,DAY,DOWN,0,A2156,,15:13:00,인천공항2터미널,서울역
29213,공항철도,,인천공항1터미널,DAY,DOWN,0,A2156,,15:20:00,인천공항2터미널,서울역
29214,공항철도,,공항화물청사,DAY,DOWN,0,A2156,,15:23:00,인천공항2터미널,서울역
29215,공항철도,,운서,DAY,DOWN,0,A2156,,15:28:00,인천공항2터미널,서울역
29216,공항철도,,영종,DAY,DOWN,0,A2156,,15:32:00,인천공항2터미널,서울역
29217,공항철도,,청라국제도시,DAY,DOWN,0,A2156,,15:40:00,인천공항2터미널,서울역
29218,공항철도,,검암,DAY,DOWN,0,A2156,,15:47:00,인천공항2터미널,서울역
29219,공항철도,,계양,DAY,DOWN,0,A2156,,15:53:00,인천공항2터미널,서울역
29220,공항철도,,김포공항,DAY,DOWN,0,A2156,,15:59:00,인천공항2터미널,서울역
29221,공항철도,,마곡나루,DAY,DOWN,0,A2156,,16:02:00,인천공항2터미널,서울역
29222,공항철도,,디지털미디어시티,DAY,DOWN,0,A2156,,16:10:00,인천공항2터미널,서울역
29223,공항철도,,홍대입구,DAY,DOWN,0,A2156,,16:14:00,인천공항2터미널,서울역
29224,공항철도,,공덕,DAY,DOWN,0,A2156,,16:17:00,인천공항2터미널,서울역
29225,공항철도,,인천공항2터미널,SAT,DOWN,0,A2156,,14:44:00,인천공항2터미널,서울역
29226,공항철도,,인천공항2터미널,END,DOWN,0,A2156,,14:44:00,인천공항2터미널,서울역
29227,공항철도,,인천공항1터미널,SAT,DOWN,0,A2156,,14:50:00,인천공항2터미널,서울역
29228,공항철도,,인천공항1터미널,END,DOWN,0,A2156,,14:50:00,인천공항2터미널,서울역
29229,공항철도,,공항화물청사,SAT,DOWN,0,A2156,,14:54:00,인천공항2터미널,서울역
29230,공항철도,,공항화물청사,END,DOWN,0,A2156,,14:54:00,인천공항2터미널,서울역
29231,공항철도,,운서,SAT,DOWN,0,A2156,,14:58:00,인천공항2터미널,서울역
29232,공항철도,,운서,END,DOWN,0,A2156,,14:58:00,인천공항2터미널,서울역
29233,공항철도,,영종,SAT,DOWN,0,A2156,,15:02:00,인천공항2터미널,서울역
29234,공항철도,,영종,END,DOWN,0,A2156,,15:02:00,인천공항2터미널,서울역
29235,공항철도,,청라국제도시,SAT,DOWN,0,A2156,,15:11:00,인천공항2터미널,서울역
29236,공항철도,,청라국제도시,END,DOWN,0,A2156,,15:11:00,인천공항2터미널,서울역
29237,공항철도,,검암,SAT,DOWN,0,A2156,,15:16:00,인천공항2터미널,서울역
29238,공항철도,,검암,END,DOWN,0,A2156,,15:16:00,인천공항2터미널,서울역
29239,공항철도,,계양,SAT,DOWN,0,A2156,,15:22:00,인천공항2터미널,서울역
29240,공항철도,,계양,END,DOWN,0,A2156,,15:22:00,인천공항2터미널,서울역
29241,공항철도,,김포공항,SAT,DOWN,0,A2156,,15:28:00,인천공항2터미널,서울역
29242,공항철도,,김포공항,END,DOWN,0,A2156,,15:28:00,인천공항2터미널,서울역
29243,공항철도,,마곡나루,SAT,DOWN,0,A2156,,15:31:00,인천공항2터미널,서울역
29244,공항철도,,마곡나루,END,DOWN,0,A2156,,15:31:00,인천공항2터미널,서울역
29245,공항철도,,디지털미디어시티,SAT,DOWN,0,A2156,,15:39:00,인천공항2터미널,서울역
29246,공항철도,,디지털미디어시티,END,DOWN,0,A2156,,15:39:00,인천공항2터미널,서울역
29247,공항철도,,홍대입구,SAT,DOWN,0,A2156,,15:43:00,인천공항2터미널,서울역
29248,공항철도,,홍대입구,END,DOWN,0,A2156,,15:43:00,인천공항2터미널,서울역
29249,공항철도,,공덕,SAT,DOWN,0,A2156,,15:46:00,인천공항2터미널,서울역
29250,공항철도,,공덕,END,DOWN,0,A2156,,15:46:00,인천공항2터미널,서울역
29251,공항철도,,서울역,DAY,DOWN,0,A2157,,16:36:00,서울역,인천공항2터미널
29252,공항철도,,공덕,DAY,DOWN,0,A2157,,16:40:00,서울역,인천공항2터미널
29253,공항철도,,홍대입구,DAY,DOWN,0,A2157,,16:44:00,서울역,인천공항2터미널
29254,공항철도,,디지털미디어시티,DAY,DOWN,0,A2157,,16:48:00,서울역,인천공항2터미널
29255,공항철도,,마곡나루,DAY,DOWN,0,A2157,,16:55:00,서울역,인천공항2터미널
29256,공항철도,,김포공항,DAY,DOWN,0,A2157,,16:58:00,서울역,인천공항2터미널
29257,공항철도,,계양,DAY,DOWN,0,A2157,,17:05:00,서울역,인천공항2터미널
29258,공항철도,,검암,DAY,DOWN,0,A2157,,17:11:00,서울역,인천공항2터미널
29259,공항철도,,청라국제도시,DAY,DOWN,0,A2157,,17:16:00,서울역,인천공항2터미널
29260,공항철도,,영종,DAY,DOWN,0,A2157,,17:26:00,서울역,인천공항2터미널
29261,공항철도,,운서,DAY,DOWN,0,A2157,,17:30:00,서울역,인천공항2터미널
29262,공항철도,,공항화물청사,DAY,DOWN,0,A2157,,17:34:00,서울역,인천공항2터미널
29263,공항철도,,인천공항1터미널,DAY,DOWN,0,A2157,,17:38:00,서울역,인천공항2터미널
29264,공항철도,,서울역,SAT,DOWN,0,A2157,,15:42:00,서울역,인천공항2터미널
29265,공항철도,,서울역,END,DOWN,0,A2157,,15:42:00,서울역,인천공항2터미널
29266,공항철도,,공덕,SAT,DOWN,0,A2157,,15:46:00,서울역,인천공항2터미널
29267,공항철도,,공덕,END,DOWN,0,A2157,,15:46:00,서울역,인천공항2터미널
29268,공항철도,,홍대입구,SAT,DOWN,0,A2157,,15:50:00,서울역,인천공항2터미널
29269,공항철도,,홍대입구,END,DOWN,0,A2157,,15:50:00,서울역,인천공항2터미널
29270,공항철도,,디지털미디어시티,SAT,DOWN,0,A2157,,15:54:00,서울역,인천공항2터미널
29271,공항철도,,디지털미디어시티,END,DOWN,0,A2157,,15:54:00,서울역,인천공항2터미널
29272,공항철도,,마곡나루,SAT,DOWN,0,A2157,,16:01:00,서울역,인천공항2터미널
29273,공항철도,,마곡나루,END,DOWN,0,A2157,,16:01:00,서울역,인천공항2터미널
29274,공항철도,,김포공항,SAT,DOWN,0,A2157,,16:04:00,서울역,인천공항2터미널
29275,공항철도,,김포공항,END,DOWN,0,A2157,,16:04:00,서울역,인천공항2터미널
29276,공항철도,,계양,SAT,DOWN,0,A2157,,16:11:00,서울역,인천공항2터미널
29277,공항철도,,계양,END,DOWN,0,A2157,,16:11:00,서울역,인천공항2터미널
29278,공항철도,,검암,SAT,DOWN,0,A2157,,16:17:00,서울역,인천공항2터미널
29279,공항철도,,검암,END,DOWN,0,A2157,,16:17:00,서울역,인천공항2터미널
29280,공항철도,,청라국제도시,SAT,DOWN,0,A2157,,16:22:00,서울역,인천공항2터미널
29281,공항철도,,청라국제도시,END,DOWN,0,A2157,,16:22:00,서울역,인천공항2터미널
29282,공항철도,,영종,SAT,DOWN,0,A2157,,16:30:00,서울역,인천공항2터미널
29283,공항철도,,영종,END,DOWN,0,A2157,,16:30:00,서울역,인천공항2터미널
29284,공항철도,,운서,SAT,DOWN,0,A2157,,16:34:00,서울역,인천공항2터미널
29285,공항철도,,운서,END,DOWN,0,A2157,,16:34:00,서울역,인천공항2터미널
29286,공항철도,,공항화물청사,SAT,DOWN,0,A2157,,16:39:00,서울역,인천공항2터미널
29287,공항철도,,공항화물청사,END,DOWN,0,A2157,,16:39:00,서울역,인천공항2터미널
29288,공항철도,,인천공항1터미널,SAT,DOWN,0,A2157,,16:43:00,서울역,인천공항2터미널
29289,공항철도,,인천공항1터미널,END,DOWN,0,A2157,,16:43:00,서울역,인천공항2터미널
29290,공항철도,,인천공항2터미널,DAY,DOWN,0,A2158,,15:24:00,인천공항2터미널,서울역
29291,공항철도,,인천공항1터미널,DAY,DOWN,0,A2158,,15:30:00,인천공항2터미널,서울역
29292,공항철도,,공항화물청사,DAY,DOWN,0,A2158,,15:34:00,인천공항2터미널,서울역
29293,공항철도,,운서,DAY,DOWN,0,A2158,,15:38:00,인천공항2터미널,서울역
29294,공항철도,,영종,DAY,DOWN,0,A2158,,15:42:00,인천공항2터미널,서울역
29295,공항철도,,청라국제도시,DAY,DOWN,0,A2158,,15:51:00,인천공항2터미널,서울역
29296,공항철도,,검암,DAY,DOWN,0,A2158,,15:56:00,인천공항2터미널,서울역
29297,공항철도,,계양,DAY,DOWN,0,A2158,,16:02:00,인천공항2터미널,서울역
29298,공항철도,,김포공항,DAY,DOWN,0,A2158,,16:08:00,인천공항2터미널,서울역
29299,공항철도,,마곡나루,DAY,DOWN,0,A2158,,16:11:00,인천공항2터미널,서울역
29300,공항철도,,디지털미디어시티,DAY,DOWN,0,A2158,,16:19:00,인천공항2터미널,서울역
29301,공항철도,,홍대입구,DAY,DOWN,0,A2158,,16:23:00,인천공항2터미널,서울역
29302,공항철도,,공덕,DAY,DOWN,0,A2158,,16:26:00,인천공항2터미널,서울역
29303,공항철도,,인천공항2터미널,SAT,DOWN,0,A2158,,14:50:00,인천공항2터미널,서울역
29304,공항철도,,인천공항2터미널,END,DOWN,0,A2158,,14:50:00,인천공항2터미널,서울역
29305,공항철도,,인천공항1터미널,SAT,DOWN,0,A2158,,14:57:00,인천공항2터미널,서울역
29306,공항철도,,인천공항1터미널,END,DOWN,0,A2158,,14:57:00,인천공항2터미널,서울역
29307,공항철도,,공항화물청사,SAT,DOWN,0,A2158,,15:00:00,인천공항2터미널,서울역
29308,공항철도,,공항화물청사,END,DOWN,0,A2158,,15:00:00,인천공항2터미널,서울역
29309,공항철도,,운서,SAT,DOWN,0,A2158,,15:05:00,인천공항2터미널,서울역
29310,공항철도,,운서,END,DOWN,0,A2158,,15:05:00,인천공항2터미널,서울역
29311,공항철도,,영종,SAT,DOWN,0,A2158,,15:09:00,인천공항2터미널,서울역
29312,공항철도,,영종,END,DOWN,0,A2158,,15:09:00,인천공항2터미널,서울역
29313,공항철도,,청라국제도시,SAT,DOWN,0,A2158,,15:17:00,인천공항2터미널,서울역
29314,공항철도,,청라국제도시,END,DOWN,0,A2158,,15:17:00,인천공항2터미널,서울역
29315,공항철도,,검암,SAT,DOWN,0,A2158,,15:22:00,인천공항2터미널,서울역
29316,공항철도,,검암,END,DOWN,0,A2158,,15:22:00,인천공항2터미널,서울역
29317,공항철도,,계양,SAT,DOWN,0,A2158,,15:28:00,인천공항2터미널,서울역
29318,공항철도,,계양,END,DOWN,0,A2158,,15:28:00,인천공항2터미널,서울역
29319,공항철도,,김포공항,SAT,DOWN,0,A2158,,15:35:00,인천공항2터미널,서울역
29320,공항철도,,김포공항,END,DOWN,0,A2158,,15:35:00,인천공항2터미널,서울역
29321,공항철도,,마곡나루,SAT,DOWN,0,A2158,,15:38:00,인천공항2터미널,서울역
29322,공항철도,,마곡나루,END,DOWN,0,A2158,,15:38:00,인천공항2터미널,서울역
29323,공항철도,,디지털미디어시티,SAT,DOWN,0,A2158,,15:45:00,인천공항2터미널,서울역
29324,공항철도,,디지털미디어시티,END,DOWN,0,A2158,,15:45:00,인천공항2터미널,서울역
29325,공항철도,,홍대입구,SAT,DOWN,0,A2158,,15:49:00,인천공항2터미널,서울역
29326,공항철도,,홍대입구,END,DOWN,0,A2158,,15:49:00,인천공항2터미널,서울역
29327,공항철도,,공덕,SAT,DOWN,0,A2158,,15:53:00,인천공항2터미널,서울역
29328,공항철도,,공덕,END,DOWN,0,A2158,,15:53:00,인천공항2터미널,서울역
29329,공항철도,,서울역,DAY,DOWN,0,A2159,,16:45:00,서울역,인천공항2터미널
29330,공항철도,,공덕,DAY,DOWN,0,A2159,,16:50:00,서울역,인천공항2터미널
29331,공항철도,,홍대입구,DAY,DOWN,0,A2159,,16:53:00,서울역,인천공항2터미널
29332,공항철도,,디지털미디어시티,DAY,DOWN,0,A2159,,16:59:00,서울역,인천공항2터미널
29333,공항철도,,마곡나루,DAY,DOWN,0,A2159,,17:06:00,서울역,인천공항2터미널
29334,공항철도,,김포공항,DAY,DOWN,0,A2159,,17:09:00,서울역,인천공항2터미널
29335,공항철도,,계양,DAY,DOWN,0,A2159,,17:16:00,서울역,인천공항2터미널
29336,공항철도,,검암,DAY,DOWN,0,A2159,,17:22:00,서울역,인천공항2터미널
29337,공항철도,,청라국제도시,DAY,DOWN,0,A2159,,17:27:00,서울역,인천공항2터미널
29338,공항철도,,영종,DAY,DOWN,0,A2159,,17:35:00,서울역,인천공항2터미널
29339,공항철도,,운서,DAY,DOWN,0,A2159,,17:39:00,서울역,인천공항2터미널
29340,공항철도,,공항화물청사,DAY,DOWN,0,A2159,,17:44:00,서울역,인천공항2터미널
29341,공항철도,,인천공항1터미널,DAY,DOWN,0,A2159,,17:48:00,서울역,인천공항2터미널
29342,공항철도,,서울역,SAT,DOWN,0,A2159,,15:51:00,서울역,인천공항2터미널
29343,공항철도,,서울역,END,DOWN,0,A2159,,15:51:00,서울역,인천공항2터미널
29344,공항철도,,공덕,SAT,DOWN,0,A2159,,15:56:00,서울역,인천공항2터미널
29345,공항철도,,공덕,END,DOWN,0,A2159,,15:56:00,서울역,인천공항2터미널
29346,공항철도,,홍대입구,SAT,DOWN,0,A2159,,15:59:00,서울역,인천공항2터미널
29347,공항철도,,홍대입구,END,DOWN,0,A2159,,15:59:00,서울역,인천공항2터미널
29348,공항철도,,디지털미디어시티,SAT,DOWN,0,A2159,,16:03:00,서울역,인천공항2터미널
29349,공항철도,,디지털미디어시티,END,DOWN,0,A2159,,16:03:00,서울역,인천공항2터미널
29350,공항철도,,마곡나루,SAT,DOWN,0,A2159,,16:11:00,서울역,인천공항2터미널
29351,공항철도,,마곡나루,END,DOWN,0,A2159,,16:11:00,서울역,인천공항2터미널
29352,공항철도,,김포공항,SAT,DOWN,0,A2159,,16:14:00,서울역,인천공항2터미널
29353,공항철도,,김포공항,END,DOWN,0,A2159,,16:14:00,서울역,인천공항2터미널
29354,공항철도,,계양,SAT,DOWN,0,A2159,,16:20:00,서울역,인천공항2터미널
29355,공항철도,,계양,END,DOWN,0,A2159,,16:20:00,서울역,인천공항2터미널
29356,공항철도,,검암,SAT,DOWN,0,A2159,,16:26:00,서울역,인천공항2터미널
29357,공항철도,,검암,END,DOWN,0,A2159,,16:26:00,서울역,인천공항2터미널
29358,공항철도,,청라국제도시,SAT,DOWN,0,A2159,,16:31:00,서울역,인천공항2터미널
29359,공항철도,,청라국제도시,END,DOWN,0,A2159,,16:31:00,서울역,인천공항2터미널
29360,공항철도,,영종,SAT,DOWN,0,A2159,,16:40:00,서울역,인천공항2터미널
29361,공항철도,,영종,END,DOWN,0,A2159,,16:40:00,서울역,인천공항2터미널
29362,공항철도,,운서,SAT,DOWN,0,A2159,,16:44:00,서울역,인천공항2터미널
29363,공항철도,,운서,END,DOWN,0,A2159,,16:44:00,서울역,인천공항2터미널
29364,공항철도,,공항화물청사,SAT,DOWN,0,A2159,,16:48:00,서울역,인천공항2터미널
29365,공항철도,,공항화물청사,END,DOWN,0,A2159,,16:48:00,서울역,인천공항2터미널
29366,공항철도,,인천공항1터미널,SAT,DOWN,0,A2159,,16:52:00,서울역,인천공항2터미널
29367,공항철도,,인천공항1터미널,END,DOWN,0,A2159,,16:52:00,서울역,인천공항2터미널
29368,공항철도,,인천공항2터미널,DAY,DOWN,0,A2160,,15:30:00,인천공항2터미널,서울역
29369,공항철도,,인천공항1터미널,DAY,DOWN,0,A2160,,15:37:00,인천공항2터미널,서울역
29370,공항철도,,공항화물청사,DAY,DOWN,0,A2160,,15:40:00,인천공항2터미널,서울역
29371,공항철도,,운서,DAY,DOWN,0,A2160,,15:45:00,인천공항2터미널,서울역
29372,공항철도,,영종,DAY,DOWN,0,A2160,,15:49:00,인천공항2터미널,서울역
29373,공항철도,,청라국제도시,DAY,DOWN,0,A2160,,15:57:00,인천공항2터미널,서울역
29374,공항철도,,검암,DAY,DOWN,0,A2160,,16:02:00,인천공항2터미널,서울역
29375,공항철도,,계양,DAY,DOWN,0,A2160,,16:08:00,인천공항2터미널,서울역
29376,공항철도,,김포공항,DAY,DOWN,0,A2160,,16:15:00,인천공항2터미널,서울역
29377,공항철도,,마곡나루,DAY,DOWN,0,A2160,,16:18:00,인천공항2터미널,서울역
29378,공항철도,,디지털미디어시티,DAY,DOWN,0,A2160,,16:25:00,인천공항2터미널,서울역
29379,공항철도,,홍대입구,DAY,DOWN,0,A2160,,16:29:00,인천공항2터미널,서울역
29380,공항철도,,공덕,DAY,DOWN,0,A2160,,16:33:00,인천공항2터미널,서울역
29381,공항철도,,인천공항2터미널,SAT,DOWN,0,A2160,,14:56:00,인천공항2터미널,서울역
29382,공항철도,,인천공항2터미널,END,DOWN,0,A2160,,14:56:00,인천공항2터미널,서울역
29383,공항철도,,인천공항1터미널,SAT,DOWN,0,A2160,,15:02:00,인천공항2터미널,서울역
29384,공항철도,,인천공항1터미널,END,DOWN,0,A2160,,15:02:00,인천공항2터미널,서울역
29385,공항철도,,공항화물청사,SAT,DOWN,0,A2160,,15:06:00,인천공항2터미널,서울역
29386,공항철도,,공항화물청사,END,DOWN,0,A2160,,15:06:00,인천공항2터미널,서울역
29387,공항철도,,운서,SAT,DOWN,0,A2160,,15:10:00,인천공항2터미널,서울역
29388,공항철도,,운서,END,DOWN,0,A2160,,15:10:00,인천공항2터미널,서울역
29389,공항철도,,영종,SAT,DOWN,0,A2160,,15:14:00,인천공항2터미널,서울역
29390,공항철도,,영종,END,DOWN,0,A2160,,15:14:00,인천공항2터미널,서울역
29391,공항철도,,청라국제도시,SAT,DOWN,0,A2160,,15:23:00,인천공항2터미널,서울역
29392,공항철도,,청라국제도시,END,DOWN,0,A2160,,15:23:00,인천공항2터미널,서울역
29393,공항철도,,검암,SAT,DOWN,0,A2160,,15:28:00,인천공항2터미널,서울역
29394,공항철도,,검암,END,DOWN,0,A2160,,15:28:00,인천공항2터미널,서울역
29395,공항철도,,계양,SAT,DOWN,0,A2160,,15:34:00,인천공항2터미널,서울역
29396,공항철도,,계양,END,DOWN,0,A2160,,15:34:00,인천공항2터미널,서울역
29397,공항철도,,김포공항,SAT,DOWN,0,A2160,,15:40:00,인천공항2터미널,서울역
29398,공항철도,,김포공항,END,DOWN,0,A2160,,15:40:00,인천공항2터미널,서울역
29399,공항철도,,마곡나루,SAT,DOWN,0,A2160,,15:43:00,인천공항2터미널,서울역
29400,공항철도,,마곡나루,END,DOWN,0,A2160,,15:43:00,인천공항2터미널,서울역
29401,공항철도,,디지털미디어시티,SAT,DOWN,0,A2160,,15:51:00,인천공항2터미널,서울역
29402,공항철도,,디지털미디어시티,END,DOWN,0,A2160,,15:51:00,인천공항2터미널,서울역
29403,공항철도,,홍대입구,SAT,DOWN,0,A2160,,15:55:00,인천공항2터미널,서울역
29404,공항철도,,홍대입구,END,DOWN,0,A2160,,15:55:00,인천공항2터미널,서울역
29405,공항철도,,공덕,SAT,DOWN,0,A2160,,15:58:00,인천공항2터미널,서울역
29406,공항철도,,공덕,END,DOWN,0,A2160,,15:58:00,인천공항2터미널,서울역
29407,공항철도,,서울역,DAY,DOWN,0,A2161,,16:53:00,서울역,인천공항2터미널
29408,공항철도,,공덕,DAY,DOWN,0,A2161,,16:57:00,서울역,인천공항2터미널
29409,공항철도,,홍대입구,DAY,DOWN,0,A2161,,17:01:00,서울역,인천공항2터미널
29410,공항철도,,디지털미디어시티,DAY,DOWN,0,A2161,,17:05:00,서울역,인천공항2터미널
29411,공항철도,,마곡나루,DAY,DOWN,0,A2161,,17:12:00,서울역,인천공항2터미널
29412,공항철도,,김포공항,DAY,DOWN,0,A2161,,17:15:00,서울역,인천공항2터미널
29413,공항철도,,계양,DAY,DOWN,0,A2161,,17:22:00,서울역,인천공항2터미널
29414,공항철도,,검암,DAY,DOWN,0,A2161,,17:28:00,서울역,인천공항2터미널
29415,공항철도,,청라국제도시,DAY,DOWN,0,A2161,,17:33:00,서울역,인천공항2터미널
29416,공항철도,,영종,DAY,DOWN,0,A2161,,17:41:00,서울역,인천공항2터미널
29417,공항철도,,운서,DAY,DOWN,0,A2161,,17:45:00,서울역,인천공항2터미널
29418,공항철도,,공항화물청사,DAY,DOWN,0,A2161,,17:50:00,서울역,인천공항2터미널
29419,공항철도,,인천공항1터미널,DAY,DOWN,0,A2161,,17:54:00,서울역,인천공항2터미널
29420,공항철도,,서울역,SAT,DOWN,0,A2161,,15:59:00,서울역,인천공항2터미널
29421,공항철도,,서울역,END,DOWN,0,A2161,,15:59:00,서울역,인천공항2터미널
29422,공항철도,,공덕,SAT,DOWN,0,A2161,,16:03:00,서울역,인천공항2터미널
29423,공항철도,,공덕,END,DOWN,0,A2161,,16:03:00,서울역,인천공항2터미널
29424,공항철도,,홍대입구,SAT,DOWN,0,A2161,,16:07:00,서울역,인천공항2터미널
29425,공항철도,,홍대입구,END,DOWN,0,A2161,,16:07:00,서울역,인천공항2터미널
29426,공항철도,,디지털미디어시티,SAT,DOWN,0,A2161,,16:11:00,서울역,인천공항2터미널
29427,공항철도,,디지털미디어시티,END,DOWN,0,A2161,,16:11:00,서울역,인천공항2터미널
29428,공항철도,,마곡나루,SAT,DOWN,0,A2161,,16:18:00,서울역,인천공항2터미널
29429,공항철도,,마곡나루,END,DOWN,0,A2161,,16:18:00,서울역,인천공항2터미널
29430,공항철도,,김포공항,SAT,DOWN,0,A2161,,16:21:00,서울역,인천공항2터미널
29431,공항철도,,김포공항,END,DOWN,0,A2161,,16:21:00,서울역,인천공항2터미널
29432,공항철도,,계양,SAT,DOWN,0,A2161,,16:28:00,서울역,인천공항2터미널
29433,공항철도,,계양,END,DOWN,0,A2161,,16:28:00,서울역,인천공항2터미널
29434,공항철도,,검암,SAT,DOWN,0,A2161,,16:35:00,서울역,인천공항2터미널
29435,공항철도,,검암,END,DOWN,0,A2161,,16:35:00,서울역,인천공항2터미널
29436,공항철도,,청라국제도시,SAT,DOWN,0,A2161,,16:40:00,서울역,인천공항2터미널
29437,공항철도,,청라국제도시,END,DOWN,0,A2161,,16:40:00,서울역,인천공항2터미널
29438,공항철도,,영종,SAT,DOWN,0,A2161,,16:49:00,서울역,인천공항2터미널
29439,공항철도,,영종,END,DOWN,0,A2161,,16:49:00,서울역,인천공항2터미널
29440,공항철도,,운서,SAT,DOWN,0,A2161,,16:53:00,서울역,인천공항2터미널
29441,공항철도,,운서,END,DOWN,0,A2161,,16:53:00,서울역,인천공항2터미널
29442,공항철도,,공항화물청사,SAT,DOWN,0,A2161,,16:57:00,서울역,인천공항2터미널
29443,공항철도,,공항화물청사,END,DOWN,0,A2161,,16:57:00,서울역,인천공항2터미널
29444,공항철도,,인천공항1터미널,SAT,DOWN,0,A2161,,17:01:00,서울역,인천공항2터미널
29445,공항철도,,인천공항1터미널,END,DOWN,0,A2161,,17:01:00,서울역,인천공항2터미널
29446,공항철도,,인천공항2터미널,DAY,DOWN,0,A2162,,15:40:00,인천공항2터미널,서울역
29447,공항철도,,인천공항1터미널,DAY,DOWN,0,A2162,,15:47:00,인천공항2터미널,서울역
29448,공항철도,,공항화물청사,DAY,DOWN,0,A2162,,15:50:00,인천공항2터미널,서울역
29449,공항철도,,운서,DAY,DOWN,0,A2162,,15:55:00,인천공항2터미널,서울역
29450,공항철도,,영종,DAY,DOWN,0,A2162,,15:59:00,인천공항2터미널,서울역
29451,공항철도,,청라국제도시,DAY,DOWN,0,A2162,,16:07:00,인천공항2터미널,서울역
29452,공항철도,,검암,DAY,DOWN,0,A2162,,16:12:00,인천공항2터미널,서울역
29453,공항철도,,계양,DAY,DOWN,0,A2162,,16:18:00,인천공항2터미널,서울역
29454,공항철도,,김포공항,DAY,DOWN,0,A2162,,16:25:00,인천공항2터미널,서울역
29455,공항철도,,마곡나루,DAY,DOWN,0,A2162,,16:28:00,인천공항2터미널,서울역
29456,공항철도,,디지털미디어시티,DAY,DOWN,0,A2162,,16:35:00,인천공항2터미널,서울역
29457,공항철도,,홍대입구,DAY,DOWN,0,A2162,,16:39:00,인천공항2터미널,서울역
29458,공항철도,,공덕,DAY,DOWN,0,A2162,,16:43:00,인천공항2터미널,서울역
29459,공항철도,,인천공항2터미널,SAT,DOWN,0,A2162,,15:02:00,인천공항2터미널,서울역
29460,공항철도,,인천공항2터미널,END,DOWN,0,A2162,,15:02:00,인천공항2터미널,서울역
29461,공항철도,,인천공항1터미널,SAT,DOWN,0,A2162,,15:08:00,인천공항2터미널,서울역
29462,공항철도,,인천공항1터미널,END,DOWN,0,A2162,,15:08:00,인천공항2터미널,서울역
29463,공항철도,,공항화물청사,SAT,DOWN,0,A2162,,15:12:00,인천공항2터미널,서울역
29464,공항철도,,공항화물청사,END,DOWN,0,A2162,,15:12:00,인천공항2터미널,서울역
29465,공항철도,,운서,SAT,DOWN,0,A2162,,15:16:00,인천공항2터미널,서울역
29466,공항철도,,운서,END,DOWN,0,A2162,,15:16:00,인천공항2터미널,서울역
29467,공항철도,,영종,SAT,DOWN,0,A2162,,15:20:00,인천공항2터미널,서울역
29468,공항철도,,영종,END,DOWN,0,A2162,,15:20:00,인천공항2터미널,서울역
29469,공항철도,,청라국제도시,SAT,DOWN,0,A2162,,15:29:00,인천공항2터미널,서울역
29470,공항철도,,청라국제도시,END,DOWN,0,A2162,,15:29:00,인천공항2터미널,서울역
29471,공항철도,,검암,SAT,DOWN,0,A2162,,15:34:00,인천공항2터미널,서울역
29472,공항철도,,검암,END,DOWN,0,A2162,,15:34:00,인천공항2터미널,서울역
29473,공항철도,,계양,SAT,DOWN,0,A2162,,15:40:00,인천공항2터미널,서울역
29474,공항철도,,계양,END,DOWN,0,A2162,,15:40:00,인천공항2터미널,서울역
29475,공항철도,,김포공항,SAT,DOWN,0,A2162,,15:46:00,인천공항2터미널,서울역
29476,공항철도,,김포공항,END,DOWN,0,A2162,,15:46:00,인천공항2터미널,서울역
29477,공항철도,,마곡나루,SAT,DOWN,0,A2162,,15:49:00,인천공항2터미널,서울역
29478,공항철도,,마곡나루,END,DOWN,0,A2162,,15:49:00,인천공항2터미널,서울역
29479,공항철도,,디지털미디어시티,SAT,DOWN,0,A2162,,15:57:00,인천공항2터미널,서울역
29480,공항철도,,디지털미디어시티,END,DOWN,0,A2162,,15:57:00,인천공항2터미널,서울역
29481,공항철도,,홍대입구,SAT,DOWN,0,A2162,,16:01:00,인천공항2터미널,서울역
29482,공항철도,,홍대입구,END,DOWN,0,A2162,,16:01:00,인천공항2터미널,서울역
29483,공항철도,,공덕,SAT,DOWN,0,A2162,,16:04:00,인천공항2터미널,서울역
29484,공항철도,,공덕,END,DOWN,0,A2162,,16:04:00,인천공항2터미널,서울역
29485,공항철도,,서울역,DAY,DOWN,0,A2163,,17:04:00,서울역,인천공항2터미널
29486,공항철도,,공덕,DAY,DOWN,0,A2163,,17:08:00,서울역,인천공항2터미널
29487,공항철도,,홍대입구,DAY,DOWN,0,A2163,,17:12:00,서울역,인천공항2터미널
29488,공항철도,,디지털미디어시티,DAY,DOWN,0,A2163,,17:16:00,서울역,인천공항2터미널
29489,공항철도,,마곡나루,DAY,DOWN,0,A2163,,17:23:00,서울역,인천공항2터미널
29490,공항철도,,김포공항,DAY,DOWN,0,A2163,,17:26:00,서울역,인천공항2터미널
29491,공항철도,,계양,DAY,DOWN,0,A2163,,17:33:00,서울역,인천공항2터미널
29492,공항철도,,검암,DAY,DOWN,0,A2163,,17:39:00,서울역,인천공항2터미널
29493,공항철도,,청라국제도시,DAY,DOWN,0,A2163,,17:44:00,서울역,인천공항2터미널
29494,공항철도,,영종,DAY,DOWN,0,A2163,,17:52:00,서울역,인천공항2터미널
29495,공항철도,,운서,DAY,DOWN,0,A2163,,17:56:00,서울역,인천공항2터미널
29496,공항철도,,공항화물청사,DAY,DOWN,0,A2163,,18:01:00,서울역,인천공항2터미널
29497,공항철도,,인천공항1터미널,DAY,DOWN,0,A2163,,18:05:00,서울역,인천공항2터미널
29498,공항철도,,서울역,SAT,DOWN,0,A2163,,16:06:00,서울역,인천공항2터미널
29499,공항철도,,서울역,END,DOWN,0,A2163,,16:06:00,서울역,인천공항2터미널
29500,공항철도,,공덕,SAT,DOWN,0,A2163,,16:10:00,서울역,인천공항2터미널
29501,공항철도,,공덕,END,DOWN,0,A2163,,16:10:00,서울역,인천공항2터미널
29502,공항철도,,홍대입구,SAT,DOWN,0,A2163,,16:14:00,서울역,인천공항2터미널
29503,공항철도,,홍대입구,END,DOWN,0,A2163,,16:14:00,서울역,인천공항2터미널
29504,공항철도,,디지털미디어시티,SAT,DOWN,0,A2163,,16:19:00,서울역,인천공항2터미널
29505,공항철도,,디지털미디어시티,END,DOWN,0,A2163,,16:19:00,서울역,인천공항2터미널
29506,공항철도,,마곡나루,SAT,DOWN,0,A2163,,16:27:00,서울역,인천공항2터미널
29507,공항철도,,마곡나루,END,DOWN,0,A2163,,16:27:00,서울역,인천공항2터미널
29508,공항철도,,김포공항,SAT,DOWN,0,A2163,,16:30:00,서울역,인천공항2터미널
29509,공항철도,,김포공항,END,DOWN,0,A2163,,16:30:00,서울역,인천공항2터미널
29510,공항철도,,계양,SAT,DOWN,0,A2163,,16:36:00,서울역,인천공항2터미널
29511,공항철도,,계양,END,DOWN,0,A2163,,16:36:00,서울역,인천공항2터미널
29512,공항철도,,검암,SAT,DOWN,0,A2163,,16:42:00,서울역,인천공항2터미널
29513,공항철도,,검암,END,DOWN,0,A2163,,16:42:00,서울역,인천공항2터미널
29514,공항철도,,청라국제도시,SAT,DOWN,0,A2163,,16:47:00,서울역,인천공항2터미널
29515,공항철도,,청라국제도시,END,DOWN,0,A2163,,16:47:00,서울역,인천공항2터미널
29516,공항철도,,영종,SAT,DOWN,0,A2163,,16:56:00,서울역,인천공항2터미널
29517,공항철도,,영종,END,DOWN,0,A2163,,16:56:00,서울역,인천공항2터미널
29518,공항철도,,운서,SAT,DOWN,0,A2163,,17:00:00,서울역,인천공항2터미널
29519,공항철도,,운서,END,DOWN,0,A2163,,17:00:00,서울역,인천공항2터미널
29520,공항철도,,공항화물청사,SAT,DOWN,0,A2163,,17:04:00,서울역,인천공항2터미널
29521,공항철도,,공항화물청사,END,DOWN,0,A2163,,17:04:00,서울역,인천공항2터미널
29522,공항철도,,인천공항1터미널,SAT,DOWN,0,A2163,,17:08:00,서울역,인천공항2터미널
29523,공항철도,,인천공항1터미널,END,DOWN,0,A2163,,17:08:00,서울역,인천공항2터미널
29524,공항철도,,인천공항2터미널,DAY,DOWN,0,A2164,,15:47:00,인천공항2터미널,서울역
29525,공항철도,,인천공항1터미널,DAY,DOWN,0,A2164,,15:54:00,인천공항2터미널,서울역
29526,공항철도,,공항화물청사,DAY,DOWN,0,A2164,,15:57:00,인천공항2터미널,서울역
29527,공항철도,,운서,DAY,DOWN,0,A2164,,16:02:00,인천공항2터미널,서울역
29528,공항철도,,영종,DAY,DOWN,0,A2164,,16:06:00,인천공항2터미널,서울역
29529,공항철도,,청라국제도시,DAY,DOWN,0,A2164,,16:14:00,인천공항2터미널,서울역
29530,공항철도,,검암,DAY,DOWN,0,A2164,,16:19:00,인천공항2터미널,서울역
29531,공항철도,,계양,DAY,DOWN,0,A2164,,16:25:00,인천공항2터미널,서울역
29532,공항철도,,김포공항,DAY,DOWN,0,A2164,,16:32:00,인천공항2터미널,서울역
29533,공항철도,,마곡나루,DAY,DOWN,0,A2164,,16:35:00,인천공항2터미널,서울역
29534,공항철도,,디지털미디어시티,DAY,DOWN,0,A2164,,16:44:00,인천공항2터미널,서울역
29535,공항철도,,홍대입구,DAY,DOWN,0,A2164,,16:48:00,인천공항2터미널,서울역
29536,공항철도,,공덕,DAY,DOWN,0,A2164,,16:51:00,인천공항2터미널,서울역
29537,공항철도,,인천공항2터미널,SAT,DOWN,0,A2164,,15:07:00,인천공항2터미널,서울역
29538,공항철도,,인천공항2터미널,END,DOWN,0,A2164,,15:07:00,인천공항2터미널,서울역
29539,공항철도,,인천공항1터미널,SAT,DOWN,0,A2164,,15:14:00,인천공항2터미널,서울역
29540,공항철도,,인천공항1터미널,END,DOWN,0,A2164,,15:14:00,인천공항2터미널,서울역
29541,공항철도,,공항화물청사,SAT,DOWN,0,A2164,,15:17:00,인천공항2터미널,서울역
29542,공항철도,,공항화물청사,END,DOWN,0,A2164,,15:17:00,인천공항2터미널,서울역
29543,공항철도,,운서,SAT,DOWN,0,A2164,,15:22:00,인천공항2터미널,서울역
29544,공항철도,,운서,END,DOWN,0,A2164,,15:22:00,인천공항2터미널,서울역
29545,공항철도,,영종,SAT,DOWN,0,A2164,,15:26:00,인천공항2터미널,서울역
29546,공항철도,,영종,END,DOWN,0,A2164,,15:26:00,인천공항2터미널,서울역
29547,공항철도,,청라국제도시,SAT,DOWN,0,A2164,,15:34:00,인천공항2터미널,서울역
29548,공항철도,,청라국제도시,END,DOWN,0,A2164,,15:34:00,인천공항2터미널,서울역
29549,공항철도,,검암,SAT,DOWN,0,A2164,,15:39:00,인천공항2터미널,서울역
29550,공항철도,,검암,END,DOWN,0,A2164,,15:39:00,인천공항2터미널,서울역
29551,공항철도,,계양,SAT,DOWN,0,A2164,,15:45:00,인천공항2터미널,서울역
29552,공항철도,,계양,END,DOWN,0,A2164,,15:45:00,인천공항2터미널,서울역
29553,공항철도,,김포공항,SAT,DOWN,0,A2164,,15:52:00,인천공항2터미널,서울역
29554,공항철도,,김포공항,END,DOWN,0,A2164,,15:52:00,인천공항2터미널,서울역
29555,공항철도,,마곡나루,SAT,DOWN,0,A2164,,15:55:00,인천공항2터미널,서울역
29556,공항철도,,마곡나루,END,DOWN,0,A2164,,15:55:00,인천공항2터미널,서울역
29557,공항철도,,디지털미디어시티,SAT,DOWN,0,A2164,,16:04:00,인천공항2터미널,서울역
29558,공항철도,,디지털미디어시티,END,DOWN,0,A2164,,16:04:00,인천공항2터미널,서울역
29559,공항철도,,홍대입구,SAT,DOWN,0,A2164,,16:08:00,인천공항2터미널,서울역
29560,공항철도,,홍대입구,END,DOWN,0,A2164,,16:08:00,인천공항2터미널,서울역
29561,공항철도,,공덕,SAT,DOWN,0,A2164,,16:11:00,인천공항2터미널,서울역
29562,공항철도,,공덕,END,DOWN,0,A2164,,16:11:00,인천공항2터미널,서울역
29563,공항철도,,서울역,DAY,DOWN,0,A2165,,17:10:00,서울역,인천공항2터미널
29564,공항철도,,공덕,DAY,DOWN,0,A2165,,17:15:00,서울역,인천공항2터미널
29565,공항철도,,홍대입구,DAY,DOWN,0,A2165,,17:18:00,서울역,인천공항2터미널
29566,공항철도,,디지털미디어시티,DAY,DOWN,0,A2165,,17:22:00,서울역,인천공항2터미널
29567,공항철도,,마곡나루,DAY,DOWN,0,A2165,,17:30:00,서울역,인천공항2터미널
29568,공항철도,,김포공항,DAY,DOWN,0,A2165,,17:33:00,서울역,인천공항2터미널
29569,공항철도,,계양,DAY,DOWN,0,A2165,,17:39:00,서울역,인천공항2터미널
29570,공항철도,,검암,DAY,DOWN,0,A2165,,17:45:00,서울역,인천공항2터미널
29571,공항철도,,청라국제도시,DAY,DOWN,0,A2165,,17:50:00,서울역,인천공항2터미널
29572,공항철도,,영종,DAY,DOWN,0,A2165,,18:00:00,서울역,인천공항2터미널
29573,공항철도,,운서,DAY,DOWN,0,A2165,,18:04:00,서울역,인천공항2터미널
29574,공항철도,,공항화물청사,DAY,DOWN,0,A2165,,18:09:00,서울역,인천공항2터미널
29575,공항철도,,인천공항1터미널,DAY,DOWN,0,A2165,,18:13:00,서울역,인천공항2터미널
29576,공항철도,,서울역,SAT,DOWN,0,A2165,,16:13:00,서울역,인천공항2터미널
29577,공항철도,,서울역,END,DOWN,0,A2165,,16:13:00,서울역,인천공항2터미널
29578,공항철도,,공덕,SAT,DOWN,0,A2165,,16:17:00,서울역,인천공항2터미널
29579,공항철도,,공덕,END,DOWN,0,A2165,,16:17:00,서울역,인천공항2터미널
29580,공항철도,,홍대입구,SAT,DOWN,0,A2165,,16:21:00,서울역,인천공항2터미널
29581,공항철도,,홍대입구,END,DOWN,0,A2165,,16:21:00,서울역,인천공항2터미널
29582,공항철도,,디지털미디어시티,SAT,DOWN,0,A2165,,16:25:00,서울역,인천공항2터미널
29583,공항철도,,디지털미디어시티,END,DOWN,0,A2165,,16:25:00,서울역,인천공항2터미널
29584,공항철도,,마곡나루,SAT,DOWN,0,A2165,,16:32:00,서울역,인천공항2터미널
29585,공항철도,,마곡나루,END,DOWN,0,A2165,,16:32:00,서울역,인천공항2터미널
29586,공항철도,,김포공항,SAT,DOWN,0,A2165,,16:35:00,서울역,인천공항2터미널
29587,공항철도,,김포공항,END,DOWN,0,A2165,,16:35:00,서울역,인천공항2터미널
29588,공항철도,,계양,SAT,DOWN,0,A2165,,16:42:00,서울역,인천공항2터미널
29589,공항철도,,계양,END,DOWN,0,A2165,,16:42:00,서울역,인천공항2터미널
29590,공항철도,,검암,SAT,DOWN,0,A2165,,16:48:00,서울역,인천공항2터미널
29591,공항철도,,검암,END,DOWN,0,A2165,,16:48:00,서울역,인천공항2터미널
29592,공항철도,,청라국제도시,SAT,DOWN,0,A2165,,16:53:00,서울역,인천공항2터미널
29593,공항철도,,청라국제도시,END,DOWN,0,A2165,,16:53:00,서울역,인천공항2터미널
29594,공항철도,,영종,SAT,DOWN,0,A2165,,17:01:00,서울역,인천공항2터미널
29595,공항철도,,영종,END,DOWN,0,A2165,,17:01:00,서울역,인천공항2터미널
29596,공항철도,,운서,SAT,DOWN,0,A2165,,17:05:00,서울역,인천공항2터미널
29597,공항철도,,운서,END,DOWN,0,A2165,,17:05:00,서울역,인천공항2터미널
29598,공항철도,,공항화물청사,SAT,DOWN,0,A2165,,17:10:00,서울역,인천공항2터미널
29599,공항철도,,공항화물청사,END,DOWN,0,A2165,,17:10:00,서울역,인천공항2터미널
29600,공항철도,,인천공항1터미널,SAT,DOWN,0,A2165,,17:14:00,서울역,인천공항2터미널
29601,공항철도,,인천공항1터미널,END,DOWN,0,A2165,,17:14:00,서울역,인천공항2터미널
29602,공항철도,,인천공항2터미널,DAY,DOWN,0,A2166,,15:57:00,인천공항2터미널,서울역
29603,공항철도,,인천공항1터미널,DAY,DOWN,0,A2166,,16:03:00,인천공항2터미널,서울역
29604,공항철도,,공항화물청사,DAY,DOWN,0,A2166,,16:07:00,인천공항2터미널,서울역
29605,공항철도,,운서,DAY,DOWN,0,A2166,,16:11:00,인천공항2터미널,서울역
29606,공항철도,,영종,DAY,DOWN,0,A2166,,16:17:00,인천공항2터미널,서울역
29607,공항철도,,청라국제도시,DAY,DOWN,0,A2166,,16:25:00,인천공항2터미널,서울역
29608,공항철도,,검암,DAY,DOWN,0,A2166,,16:30:00,인천공항2터미널,서울역
29609,공항철도,,계양,DAY,DOWN,0,A2166,,16:36:00,인천공항2터미널,서울역
29610,공항철도,,김포공항,DAY,DOWN,0,A2166,,16:43:00,인천공항2터미널,서울역
29611,공항철도,,마곡나루,DAY,DOWN,0,A2166,,16:46:00,인천공항2터미널,서울역
29612,공항철도,,디지털미디어시티,DAY,DOWN,0,A2166,,16:53:00,인천공항2터미널,서울역
29613,공항철도,,홍대입구,DAY,DOWN,0,A2166,,16:57:00,인천공항2터미널,서울역
29614,공항철도,,공덕,DAY,DOWN,0,A2166,,17:01:00,인천공항2터미널,서울역
29615,공항철도,,인천공항2터미널,SAT,DOWN,0,A2166,,15:13:00,인천공항2터미널,서울역
29616,공항철도,,인천공항2터미널,END,DOWN,0,A2166,,15:13:00,인천공항2터미널,서울역
29617,공항철도,,인천공항1터미널,SAT,DOWN,0,A2166,,15:20:00,인천공항2터미널,서울역
29618,공항철도,,인천공항1터미널,END,DOWN,0,A2166,,15:20:00,인천공항2터미널,서울역
29619,공항철도,,공항화물청사,SAT,DOWN,0,A2166,,15:23:00,인천공항2터미널,서울역
29620,공항철도,,공항화물청사,END,DOWN,0,A2166,,15:23:00,인천공항2터미널,서울역
29621,공항철도,,운서,SAT,DOWN,0,A2166,,15:28:00,인천공항2터미널,서울역
29622,공항철도,,운서,END,DOWN,0,A2166,,15:28:00,인천공항2터미널,서울역
29623,공항철도,,영종,SAT,DOWN,0,A2166,,15:32:00,인천공항2터미널,서울역
29624,공항철도,,영종,END,DOWN,0,A2166,,15:32:00,인천공항2터미널,서울역
29625,공항철도,,청라국제도시,SAT,DOWN,0,A2166,,15:40:00,인천공항2터미널,서울역
29626,공항철도,,청라국제도시,END,DOWN,0,A2166,,15:40:00,인천공항2터미널,서울역
29627,공항철도,,검암,SAT,DOWN,0,A2166,,15:47:00,인천공항2터미널,서울역
29628,공항철도,,검암,END,DOWN,0,A2166,,15:47:00,인천공항2터미널,서울역
29629,공항철도,,계양,SAT,DOWN,0,A2166,,15:53:00,인천공항2터미널,서울역
29630,공항철도,,계양,END,DOWN,0,A2166,,15:53:00,인천공항2터미널,서울역
29631,공항철도,,김포공항,SAT,DOWN,0,A2166,,15:59:00,인천공항2터미널,서울역
29632,공항철도,,김포공항,END,DOWN,0,A2166,,15:59:00,인천공항2터미널,서울역
29633,공항철도,,마곡나루,SAT,DOWN,0,A2166,,16:02:00,인천공항2터미널,서울역
29634,공항철도,,마곡나루,END,DOWN,0,A2166,,16:02:00,인천공항2터미널,서울역
29635,공항철도,,디지털미디어시티,SAT,DOWN,0,A2166,,16:10:00,인천공항2터미널,서울역
29636,공항철도,,디지털미디어시티,END,DOWN,0,A2166,,16:10:00,인천공항2터미널,서울역
29637,공항철도,,홍대입구,SAT,DOWN,0,A2166,,16:14:00,인천공항2터미널,서울역
29638,공항철도,,홍대입구,END,DOWN,0,A2166,,16:14:00,인천공항2터미널,서울역
29639,공항철도,,공덕,SAT,DOWN,0,A2166,,16:17:00,인천공항2터미널,서울역
29640,공항철도,,공덕,END,DOWN,0,A2166,,16:17:00,인천공항2터미널,서울역
29641,공항철도,,서울역,DAY,DOWN,0,A2167,,17:21:00,서울역,인천공항2터미널
29642,공항철도,,공덕,DAY,DOWN,0,A2167,,17:25:00,서울역,인천공항2터미널
29643,공항철도,,홍대입구,DAY,DOWN,0,A2167,,17:29:00,서울역,인천공항2터미널
29644,공항철도,,디지털미디어시티,DAY,DOWN,0,A2167,,17:34:00,서울역,인천공항2터미널
29645,공항철도,,마곡나루,DAY,DOWN,0,A2167,,17:42:00,서울역,인천공항2터미널
29646,공항철도,,김포공항,DAY,DOWN,0,A2167,,17:45:00,서울역,인천공항2터미널
29647,공항철도,,계양,DAY,DOWN,0,A2167,,17:51:00,서울역,인천공항2터미널
29648,공항철도,,검암,DAY,DOWN,0,A2167,,17:57:00,서울역,인천공항2터미널
29649,공항철도,,청라국제도시,DAY,DOWN,0,A2167,,18:02:00,서울역,인천공항2터미널
29650,공항철도,,영종,DAY,DOWN,0,A2167,,18:11:00,서울역,인천공항2터미널
29651,공항철도,,운서,DAY,DOWN,0,A2167,,18:15:00,서울역,인천공항2터미널
29652,공항철도,,공항화물청사,DAY,DOWN,0,A2167,,18:19:00,서울역,인천공항2터미널
29653,공항철도,,인천공항1터미널,DAY,DOWN,0,A2167,,18:23:00,서울역,인천공항2터미널
29654,공항철도,,서울역,SAT,DOWN,0,A2167,,16:18:00,서울역,인천공항2터미널
29655,공항철도,,서울역,END,DOWN,0,A2167,,16:18:00,서울역,인천공항2터미널
29656,공항철도,,공덕,SAT,DOWN,0,A2167,,16:23:00,서울역,인천공항2터미널
29657,공항철도,,공덕,END,DOWN,0,A2167,,16:23:00,서울역,인천공항2터미널
29658,공항철도,,홍대입구,SAT,DOWN,0,A2167,,16:26:00,서울역,인천공항2터미널
29659,공항철도,,홍대입구,END,DOWN,0,A2167,,16:26:00,서울역,인천공항2터미널
29660,공항철도,,디지털미디어시티,SAT,DOWN,0,A2167,,16:30:00,서울역,인천공항2터미널
29661,공항철도,,디지털미디어시티,END,DOWN,0,A2167,,16:30:00,서울역,인천공항2터미널
29662,공항철도,,마곡나루,SAT,DOWN,0,A2167,,16:38:00,서울역,인천공항2터미널
29663,공항철도,,마곡나루,END,DOWN,0,A2167,,16:38:00,서울역,인천공항2터미널
29664,공항철도,,김포공항,SAT,DOWN,0,A2167,,16:41:00,서울역,인천공항2터미널
29665,공항철도,,김포공항,END,DOWN,0,A2167,,16:41:00,서울역,인천공항2터미널
29666,공항철도,,계양,SAT,DOWN,0,A2167,,16:47:00,서울역,인천공항2터미널
29667,공항철도,,계양,END,DOWN,0,A2167,,16:47:00,서울역,인천공항2터미널
29668,공항철도,,검암,SAT,DOWN,0,A2167,,16:53:00,서울역,인천공항2터미널
29669,공항철도,,검암,END,DOWN,0,A2167,,16:53:00,서울역,인천공항2터미널
29670,공항철도,,청라국제도시,SAT,DOWN,0,A2167,,16:58:00,서울역,인천공항2터미널
29671,공항철도,,청라국제도시,END,DOWN,0,A2167,,16:58:00,서울역,인천공항2터미널
29672,공항철도,,영종,SAT,DOWN,0,A2167,,17:07:00,서울역,인천공항2터미널
29673,공항철도,,영종,END,DOWN,0,A2167,,17:07:00,서울역,인천공항2터미널
29674,공항철도,,운서,SAT,DOWN,0,A2167,,17:11:00,서울역,인천공항2터미널
29675,공항철도,,운서,END,DOWN,0,A2167,,17:11:00,서울역,인천공항2터미널
29676,공항철도,,공항화물청사,SAT,DOWN,0,A2167,,17:15:00,서울역,인천공항2터미널
29677,공항철도,,공항화물청사,END,DOWN,0,A2167,,17:15:00,서울역,인천공항2터미널
29678,공항철도,,인천공항1터미널,SAT,DOWN,0,A2167,,17:19:00,서울역,인천공항2터미널
29679,공항철도,,인천공항1터미널,END,DOWN,0,A2167,,17:19:00,서울역,인천공항2터미널
29680,공항철도,,인천공항2터미널,DAY,DOWN,0,A2168,,16:04:00,인천공항2터미널,서울역
29681,공항철도,,인천공항1터미널,DAY,DOWN,0,A2168,,16:11:00,인천공항2터미널,서울역
29682,공항철도,,공항화물청사,DAY,DOWN,0,A2168,,16:14:00,인천공항2터미널,서울역
29683,공항철도,,운서,DAY,DOWN,0,A2168,,16:19:00,인천공항2터미널,서울역
29684,공항철도,,영종,DAY,DOWN,0,A2168,,16:23:00,인천공항2터미널,서울역
29685,공항철도,,청라국제도시,DAY,DOWN,0,A2168,,16:31:00,인천공항2터미널,서울역
29686,공항철도,,검암,DAY,DOWN,0,A2168,,16:36:00,인천공항2터미널,서울역
29687,공항철도,,계양,DAY,DOWN,0,A2168,,16:42:00,인천공항2터미널,서울역
29688,공항철도,,김포공항,DAY,DOWN,0,A2168,,16:49:00,인천공항2터미널,서울역
29689,공항철도,,마곡나루,DAY,DOWN,0,A2168,,16:52:00,인천공항2터미널,서울역
29690,공항철도,,디지털미디어시티,DAY,DOWN,0,A2168,,16:59:00,인천공항2터미널,서울역
29691,공항철도,,홍대입구,DAY,DOWN,0,A2168,,17:03:00,인천공항2터미널,서울역
29692,공항철도,,공덕,DAY,DOWN,0,A2168,,17:07:00,인천공항2터미널,서울역
29693,공항철도,,인천공항2터미널,SAT,DOWN,0,A2168,,15:23:00,인천공항2터미널,서울역
29694,공항철도,,인천공항2터미널,END,DOWN,0,A2168,,15:23:00,인천공항2터미널,서울역
29695,공항철도,,인천공항1터미널,SAT,DOWN,0,A2168,,15:29:00,인천공항2터미널,서울역
29696,공항철도,,인천공항1터미널,END,DOWN,0,A2168,,15:29:00,인천공항2터미널,서울역
29697,공항철도,,공항화물청사,SAT,DOWN,0,A2168,,15:33:00,인천공항2터미널,서울역
29698,공항철도,,공항화물청사,END,DOWN,0,A2168,,15:33:00,인천공항2터미널,서울역
29699,공항철도,,운서,SAT,DOWN,0,A2168,,15:37:00,인천공항2터미널,서울역
29700,공항철도,,운서,END,DOWN,0,A2168,,15:37:00,인천공항2터미널,서울역
29701,공항철도,,영종,SAT,DOWN,0,A2168,,15:41:00,인천공항2터미널,서울역
29702,공항철도,,영종,END,DOWN,0,A2168,,15:41:00,인천공항2터미널,서울역
29703,공항철도,,청라국제도시,SAT,DOWN,0,A2168,,15:50:00,인천공항2터미널,서울역
29704,공항철도,,청라국제도시,END,DOWN,0,A2168,,15:50:00,인천공항2터미널,서울역
29705,공항철도,,검암,SAT,DOWN,0,A2168,,15:55:00,인천공항2터미널,서울역
29706,공항철도,,검암,END,DOWN,0,A2168,,15:55:00,인천공항2터미널,서울역
29707,공항철도,,계양,SAT,DOWN,0,A2168,,16:01:00,인천공항2터미널,서울역
29708,공항철도,,계양,END,DOWN,0,A2168,,16:01:00,인천공항2터미널,서울역
29709,공항철도,,김포공항,SAT,DOWN,0,A2168,,16:07:00,인천공항2터미널,서울역
29710,공항철도,,김포공항,END,DOWN,0,A2168,,16:07:00,인천공항2터미널,서울역
29711,공항철도,,마곡나루,SAT,DOWN,0,A2168,,16:10:00,인천공항2터미널,서울역
29712,공항철도,,마곡나루,END,DOWN,0,A2168,,16:10:00,인천공항2터미널,서울역
29713,공항철도,,디지털미디어시티,SAT,DOWN,0,A2168,,16:18:00,인천공항2터미널,서울역
29714,공항철도,,디지털미디어시티,END,DOWN,0,A2168,,16:18:00,인천공항2터미널,서울역
29715,공항철도,,홍대입구,SAT,DOWN,0,A2168,,16:22:00,인천공항2터미널,서울역
29716,공항철도,,홍대입구,END,DOWN,0,A2168,,16:22:00,인천공항2터미널,서울역
29717,공항철도,,공덕,SAT,DOWN,0,A2168,,16:25:00,인천공항2터미널,서울역
29718,공항철도,,공덕,END,DOWN,0,A2168,,16:25:00,인천공항2터미널,서울역
29719,공항철도,,서울역,DAY,DOWN,0,A2169,,17:33:00,서울역,인천공항2터미널
29720,공항철도,,공덕,DAY,DOWN,0,A2169,,17:38:00,서울역,인천공항2터미널
29721,공항철도,,홍대입구,DAY,DOWN,0,A2169,,17:41:00,서울역,인천공항2터미널
29722,공항철도,,디지털미디어시티,DAY,DOWN,0,A2169,,17:45:00,서울역,인천공항2터미널
29723,공항철도,,마곡나루,DAY,DOWN,0,A2169,,17:53:00,서울역,인천공항2터미널
29724,공항철도,,김포공항,DAY,DOWN,0,A2169,,17:56:00,서울역,인천공항2터미널
29725,공항철도,,계양,DAY,DOWN,0,A2169,,18:02:00,서울역,인천공항2터미널
29726,공항철도,,검암,DAY,DOWN,0,A2169,,18:08:00,서울역,인천공항2터미널
29727,공항철도,,청라국제도시,DAY,DOWN,0,A2169,,18:13:00,서울역,인천공항2터미널
29728,공항철도,,영종,DAY,DOWN,0,A2169,,18:22:00,서울역,인천공항2터미널
29729,공항철도,,운서,DAY,DOWN,0,A2169,,18:26:00,서울역,인천공항2터미널
29730,공항철도,,공항화물청사,DAY,DOWN,0,A2169,,18:30:00,서울역,인천공항2터미널
29731,공항철도,,인천공항1터미널,DAY,DOWN,0,A2169,,18:34:00,서울역,인천공항2터미널
29732,공항철도,,서울역,SAT,DOWN,0,A2169,,16:25:00,서울역,인천공항2터미널
29733,공항철도,,서울역,END,DOWN,0,A2169,,16:25:00,서울역,인천공항2터미널
29734,공항철도,,공덕,SAT,DOWN,0,A2169,,16:29:00,서울역,인천공항2터미널
29735,공항철도,,공덕,END,DOWN,0,A2169,,16:29:00,서울역,인천공항2터미널
29736,공항철도,,홍대입구,SAT,DOWN,0,A2169,,16:33:00,서울역,인천공항2터미널
29737,공항철도,,홍대입구,END,DOWN,0,A2169,,16:33:00,서울역,인천공항2터미널
29738,공항철도,,디지털미디어시티,SAT,DOWN,0,A2169,,16:37:00,서울역,인천공항2터미널
29739,공항철도,,디지털미디어시티,END,DOWN,0,A2169,,16:37:00,서울역,인천공항2터미널
29740,공항철도,,마곡나루,SAT,DOWN,0,A2169,,16:44:00,서울역,인천공항2터미널
29741,공항철도,,마곡나루,END,DOWN,0,A2169,,16:44:00,서울역,인천공항2터미널
29742,공항철도,,김포공항,SAT,DOWN,0,A2169,,16:47:00,서울역,인천공항2터미널
29743,공항철도,,김포공항,END,DOWN,0,A2169,,16:47:00,서울역,인천공항2터미널
29744,공항철도,,계양,SAT,DOWN,0,A2169,,16:54:00,서울역,인천공항2터미널
29745,공항철도,,계양,END,DOWN,0,A2169,,16:54:00,서울역,인천공항2터미널
29746,공항철도,,검암,SAT,DOWN,0,A2169,,17:00:00,서울역,인천공항2터미널
29747,공항철도,,검암,END,DOWN,0,A2169,,17:00:00,서울역,인천공항2터미널
29748,공항철도,,청라국제도시,SAT,DOWN,0,A2169,,17:05:00,서울역,인천공항2터미널
29749,공항철도,,청라국제도시,END,DOWN,0,A2169,,17:05:00,서울역,인천공항2터미널
29750,공항철도,,영종,SAT,DOWN,0,A2169,,17:13:00,서울역,인천공항2터미널
29751,공항철도,,영종,END,DOWN,0,A2169,,17:13:00,서울역,인천공항2터미널
29752,공항철도,,운서,SAT,DOWN,0,A2169,,17:17:00,서울역,인천공항2터미널
29753,공항철도,,운서,END,DOWN,0,A2169,,17:17:00,서울역,인천공항2터미널
29754,공항철도,,공항화물청사,SAT,DOWN,0,A2169,,17:22:00,서울역,인천공항2터미널
29755,공항철도,,공항화물청사,END,DOWN,0,A2169,,17:22:00,서울역,인천공항2터미널
29756,공항철도,,인천공항1터미널,SAT,DOWN,0,A2169,,17:26:00,서울역,인천공항2터미널
29757,공항철도,,인천공항1터미널,END,DOWN,0,A2169,,17:26:00,서울역,인천공항2터미널
29758,공항철도,,인천공항2터미널,DAY,DOWN,0,A2170,,16:11:00,인천공항2터미널,서울역
29759,공항철도,,인천공항1터미널,DAY,DOWN,0,A2170,,16:18:00,인천공항2터미널,서울역
29760,공항철도,,공항화물청사,DAY,DOWN,0,A2170,,16:21:00,인천공항2터미널,서울역
29761,공항철도,,운서,DAY,DOWN,0,A2170,,16:26:00,인천공항2터미널,서울역
29762,공항철도,,영종,DAY,DOWN,0,A2170,,16:30:00,인천공항2터미널,서울역
29763,공항철도,,청라국제도시,DAY,DOWN,0,A2170,,16:38:00,인천공항2터미널,서울역
29764,공항철도,,검암,DAY,DOWN,0,A2170,,16:43:00,인천공항2터미널,서울역
29765,공항철도,,계양,DAY,DOWN,0,A2170,,16:49:00,인천공항2터미널,서울역
29766,공항철도,,김포공항,DAY,DOWN,0,A2170,,16:56:00,인천공항2터미널,서울역
29767,공항철도,,마곡나루,DAY,DOWN,0,A2170,,16:59:00,인천공항2터미널,서울역
29768,공항철도,,디지털미디어시티,DAY,DOWN,0,A2170,,17:06:00,인천공항2터미널,서울역
29769,공항철도,,홍대입구,DAY,DOWN,0,A2170,,17:10:00,인천공항2터미널,서울역
29770,공항철도,,공덕,DAY,DOWN,0,A2170,,17:14:00,인천공항2터미널,서울역
29771,공항철도,,인천공항2터미널,SAT,DOWN,0,A2170,,15:30:00,인천공항2터미널,서울역
29772,공항철도,,인천공항2터미널,END,DOWN,0,A2170,,15:30:00,인천공항2터미널,서울역
29773,공항철도,,인천공항1터미널,SAT,DOWN,0,A2170,,15:37:00,인천공항2터미널,서울역
29774,공항철도,,인천공항1터미널,END,DOWN,0,A2170,,15:37:00,인천공항2터미널,서울역
29775,공항철도,,공항화물청사,SAT,DOWN,0,A2170,,15:40:00,인천공항2터미널,서울역
29776,공항철도,,공항화물청사,END,DOWN,0,A2170,,15:40:00,인천공항2터미널,서울역
29777,공항철도,,운서,SAT,DOWN,0,A2170,,15:45:00,인천공항2터미널,서울역
29778,공항철도,,운서,END,DOWN,0,A2170,,15:45:00,인천공항2터미널,서울역
29779,공항철도,,영종,SAT,DOWN,0,A2170,,15:49:00,인천공항2터미널,서울역
29780,공항철도,,영종,END,DOWN,0,A2170,,15:49:00,인천공항2터미널,서울역
29781,공항철도,,청라국제도시,SAT,DOWN,0,A2170,,15:57:00,인천공항2터미널,서울역
29782,공항철도,,청라국제도시,END,DOWN,0,A2170,,15:57:00,인천공항2터미널,서울역
29783,공항철도,,검암,SAT,DOWN,0,A2170,,16:02:00,인천공항2터미널,서울역
29784,공항철도,,검암,END,DOWN,0,A2170,,16:02:00,인천공항2터미널,서울역
29785,공항철도,,계양,SAT,DOWN,0,A2170,,16:08:00,인천공항2터미널,서울역
29786,공항철도,,계양,END,DOWN,0,A2170,,16:08:00,인천공항2터미널,서울역
29787,공항철도,,김포공항,SAT,DOWN,0,A2170,,16:15:00,인천공항2터미널,서울역
29788,공항철도,,김포공항,END,DOWN,0,A2170,,16:15:00,인천공항2터미널,서울역
29789,공항철도,,마곡나루,SAT,DOWN,0,A2170,,16:18:00,인천공항2터미널,서울역
29790,공항철도,,마곡나루,END,DOWN,0,A2170,,16:18:00,인천공항2터미널,서울역
29791,공항철도,,디지털미디어시티,SAT,DOWN,0,A2170,,16:25:00,인천공항2터미널,서울역
29792,공항철도,,디지털미디어시티,END,DOWN,0,A2170,,16:25:00,인천공항2터미널,서울역
29793,공항철도,,홍대입구,SAT,DOWN,0,A2170,,16:29:00,인천공항2터미널,서울역
29794,공항철도,,홍대입구,END,DOWN,0,A2170,,16:29:00,인천공항2터미널,서울역
29795,공항철도,,공덕,SAT,DOWN,0,A2170,,16:33:00,인천공항2터미널,서울역
29796,공항철도,,공덕,END,DOWN,0,A2170,,16:33:00,인천공항2터미널,서울역
29797,공항철도,,서울역,DAY,DOWN,0,A2171,,17:39:00,서울역,인천공항2터미널
29798,공항철도,,공덕,DAY,DOWN,0,A2171,,17:44:00,서울역,인천공항2터미널
29799,공항철도,,홍대입구,DAY,DOWN,0,A2171,,17:47:00,서울역,인천공항2터미널
29800,공항철도,,디지털미디어시티,DAY,DOWN,0,A2171,,17:51:00,서울역,인천공항2터미널
29801,공항철도,,마곡나루,DAY,DOWN,0,A2171,,17:59:00,서울역,인천공항2터미널
29802,공항철도,,김포공항,DAY,DOWN,0,A2171,,18:02:00,서울역,인천공항2터미널
29803,공항철도,,계양,DAY,DOWN,0,A2171,,18:08:00,서울역,인천공항2터미널
29804,공항철도,,검암,DAY,DOWN,0,A2171,,18:14:00,서울역,인천공항2터미널
29805,공항철도,,청라국제도시,DAY,DOWN,0,A2171,,18:19:00,서울역,인천공항2터미널
29806,공항철도,,영종,DAY,DOWN,0,A2171,,18:28:00,서울역,인천공항2터미널
29807,공항철도,,운서,DAY,DOWN,0,A2171,,18:32:00,서울역,인천공항2터미널
29808,공항철도,,공항화물청사,DAY,DOWN,0,A2171,,18:36:00,서울역,인천공항2터미널
29809,공항철도,,인천공항1터미널,DAY,DOWN,0,A2171,,18:40:00,서울역,인천공항2터미널
29810,공항철도,,서울역,SAT,DOWN,0,A2171,,16:31:00,서울역,인천공항2터미널
29811,공항철도,,서울역,END,DOWN,0,A2171,,16:31:00,서울역,인천공항2터미널
29812,공항철도,,공덕,SAT,DOWN,0,A2171,,16:36:00,서울역,인천공항2터미널
29813,공항철도,,공덕,END,DOWN,0,A2171,,16:36:00,서울역,인천공항2터미널
29814,공항철도,,홍대입구,SAT,DOWN,0,A2171,,16:39:00,서울역,인천공항2터미널
29815,공항철도,,홍대입구,END,DOWN,0,A2171,,16:39:00,서울역,인천공항2터미널
29816,공항철도,,디지털미디어시티,SAT,DOWN,0,A2171,,16:43:00,서울역,인천공항2터미널
29817,공항철도,,디지털미디어시티,END,DOWN,0,A2171,,16:43:00,서울역,인천공항2터미널
29818,공항철도,,마곡나루,SAT,DOWN,0,A2171,,16:51:00,서울역,인천공항2터미널
29819,공항철도,,마곡나루,END,DOWN,0,A2171,,16:51:00,서울역,인천공항2터미널
29820,공항철도,,김포공항,SAT,DOWN,0,A2171,,16:54:00,서울역,인천공항2터미널
29821,공항철도,,김포공항,END,DOWN,0,A2171,,16:54:00,서울역,인천공항2터미널
29822,공항철도,,계양,SAT,DOWN,0,A2171,,17:00:00,서울역,인천공항2터미널
29823,공항철도,,계양,END,DOWN,0,A2171,,17:00:00,서울역,인천공항2터미널
29824,공항철도,,검암,SAT,DOWN,0,A2171,,17:06:00,서울역,인천공항2터미널
29825,공항철도,,검암,END,DOWN,0,A2171,,17:06:00,서울역,인천공항2터미널
29826,공항철도,,청라국제도시,SAT,DOWN,0,A2171,,17:11:00,서울역,인천공항2터미널
29827,공항철도,,청라국제도시,END,DOWN,0,A2171,,17:11:00,서울역,인천공항2터미널
29828,공항철도,,영종,SAT,DOWN,0,A2171,,17:20:00,서울역,인천공항2터미널
29829,공항철도,,영종,END,DOWN,0,A2171,,17:20:00,서울역,인천공항2터미널
29830,공항철도,,운서,SAT,DOWN,0,A2171,,17:24:00,서울역,인천공항2터미널
29831,공항철도,,운서,END,DOWN,0,A2171,,17:24:00,서울역,인천공항2터미널
29832,공항철도,,공항화물청사,SAT,DOWN,0,A2171,,17:28:00,서울역,인천공항2터미널
29833,공항철도,,공항화물청사,END,DOWN,0,A2171,,17:28:00,서울역,인천공항2터미널
29834,공항철도,,인천공항1터미널,SAT,DOWN,0,A2171,,17:32:00,서울역,인천공항2터미널
29835,공항철도,,인천공항1터미널,END,DOWN,0,A2171,,17:32:00,서울역,인천공항2터미널
29836,공항철도,,인천공항2터미널,DAY,DOWN,0,A2172,,16:21:00,인천공항2터미널,서울역
29837,공항철도,,인천공항1터미널,DAY,DOWN,0,A2172,,16:27:00,인천공항2터미널,서울역
29838,공항철도,,공항화물청사,DAY,DOWN,0,A2172,,16:31:00,인천공항2터미널,서울역
29839,공항철도,,운서,DAY,DOWN,0,A2172,,16:35:00,인천공항2터미널,서울역
29840,공항철도,,영종,DAY,DOWN,0,A2172,,16:39:00,인천공항2터미널,서울역
29841,공항철도,,청라국제도시,DAY,DOWN,0,A2172,,16:48:00,인천공항2터미널,서울역
29842,공항철도,,검암,DAY,DOWN,0,A2172,,16:53:00,인천공항2터미널,서울역
29843,공항철도,,계양,DAY,DOWN,0,A2172,,16:59:00,인천공항2터미널,서울역
29844,공항철도,,김포공항,DAY,DOWN,0,A2172,,17:05:00,인천공항2터미널,서울역
29845,공항철도,,마곡나루,DAY,DOWN,0,A2172,,17:08:00,인천공항2터미널,서울역
29846,공항철도,,디지털미디어시티,DAY,DOWN,0,A2172,,17:16:00,인천공항2터미널,서울역
29847,공항철도,,홍대입구,DAY,DOWN,0,A2172,,17:20:00,인천공항2터미널,서울역
29848,공항철도,,공덕,DAY,DOWN,0,A2172,,17:23:00,인천공항2터미널,서울역
29849,공항철도,,인천공항2터미널,SAT,DOWN,0,A2172,,15:40:00,인천공항2터미널,서울역
29850,공항철도,,인천공항2터미널,END,DOWN,0,A2172,,15:40:00,인천공항2터미널,서울역
29851,공항철도,,인천공항1터미널,SAT,DOWN,0,A2172,,15:47:00,인천공항2터미널,서울역
29852,공항철도,,인천공항1터미널,END,DOWN,0,A2172,,15:47:00,인천공항2터미널,서울역
29853,공항철도,,공항화물청사,SAT,DOWN,0,A2172,,15:50:00,인천공항2터미널,서울역
29854,공항철도,,공항화물청사,END,DOWN,0,A2172,,15:50:00,인천공항2터미널,서울역
29855,공항철도,,운서,SAT,DOWN,0,A2172,,15:55:00,인천공항2터미널,서울역
29856,공항철도,,운서,END,DOWN,0,A2172,,15:55:00,인천공항2터미널,서울역
29857,공항철도,,영종,SAT,DOWN,0,A2172,,15:59:00,인천공항2터미널,서울역
29858,공항철도,,영종,END,DOWN,0,A2172,,15:59:00,인천공항2터미널,서울역
29859,공항철도,,청라국제도시,SAT,DOWN,0,A2172,,16:07:00,인천공항2터미널,서울역
29860,공항철도,,청라국제도시,END,DOWN,0,A2172,,16:07:00,인천공항2터미널,서울역
29861,공항철도,,검암,SAT,DOWN,0,A2172,,16:12:00,인천공항2터미널,서울역
29862,공항철도,,검암,END,DOWN,0,A2172,,16:12:00,인천공항2터미널,서울역
29863,공항철도,,계양,SAT,DOWN,0,A2172,,16:18:00,인천공항2터미널,서울역
29864,공항철도,,계양,END,DOWN,0,A2172,,16:18:00,인천공항2터미널,서울역
29865,공항철도,,김포공항,SAT,DOWN,0,A2172,,16:25:00,인천공항2터미널,서울역
29866,공항철도,,김포공항,END,DOWN,0,A2172,,16:25:00,인천공항2터미널,서울역
29867,공항철도,,마곡나루,SAT,DOWN,0,A2172,,16:28:00,인천공항2터미널,서울역
29868,공항철도,,마곡나루,END,DOWN,0,A2172,,16:28:00,인천공항2터미널,서울역
29869,공항철도,,디지털미디어시티,SAT,DOWN,0,A2172,,16:35:00,인천공항2터미널,서울역
29870,공항철도,,디지털미디어시티,END,DOWN,0,A2172,,16:35:00,인천공항2터미널,서울역
29871,공항철도,,홍대입구,SAT,DOWN,0,A2172,,16:39:00,인천공항2터미널,서울역
29872,공항철도,,홍대입구,END,DOWN,0,A2172,,16:39:00,인천공항2터미널,서울역
29873,공항철도,,공덕,SAT,DOWN,0,A2172,,16:43:00,인천공항2터미널,서울역
29874,공항철도,,공덕,END,DOWN,0,A2172,,16:43:00,인천공항2터미널,서울역
29875,공항철도,,서울역,DAY,DOWN,0,A2173,,17:45:00,서울역,인천공항2터미널
29876,공항철도,,공덕,DAY,DOWN,0,A2173,,17:50:00,서울역,인천공항2터미널
29877,공항철도,,홍대입구,DAY,DOWN,0,A2173,,17:53:00,서울역,인천공항2터미널
29878,공항철도,,디지털미디어시티,DAY,DOWN,0,A2173,,17:57:00,서울역,인천공항2터미널
29879,공항철도,,마곡나루,DAY,DOWN,0,A2173,,18:05:00,서울역,인천공항2터미널
29880,공항철도,,김포공항,DAY,DOWN,0,A2173,,18:08:00,서울역,인천공항2터미널
29881,공항철도,,계양,DAY,DOWN,0,A2173,,18:14:00,서울역,인천공항2터미널
29882,공항철도,,검암,DAY,DOWN,0,A2173,,18:20:00,서울역,인천공항2터미널
29883,공항철도,,청라국제도시,DAY,DOWN,0,A2173,,18:25:00,서울역,인천공항2터미널
29884,공항철도,,영종,DAY,DOWN,0,A2173,,18:35:00,서울역,인천공항2터미널
29885,공항철도,,운서,DAY,DOWN,0,A2173,,18:39:00,서울역,인천공항2터미널
29886,공항철도,,공항화물청사,DAY,DOWN,0,A2173,,18:44:00,서울역,인천공항2터미널
29887,공항철도,,인천공항1터미널,DAY,DOWN,0,A2173,,18:48:00,서울역,인천공항2터미널
29888,공항철도,,서울역,SAT,DOWN,0,A2173,,16:39:00,서울역,인천공항2터미널
29889,공항철도,,서울역,END,DOWN,0,A2173,,16:39:00,서울역,인천공항2터미널
29890,공항철도,,공덕,SAT,DOWN,0,A2173,,16:44:00,서울역,인천공항2터미널
29891,공항철도,,공덕,END,DOWN,0,A2173,,16:44:00,서울역,인천공항2터미널
29892,공항철도,,홍대입구,SAT,DOWN,0,A2173,,16:47:00,서울역,인천공항2터미널
29893,공항철도,,홍대입구,END,DOWN,0,A2173,,16:47:00,서울역,인천공항2터미널
29894,공항철도,,디지털미디어시티,SAT,DOWN,0,A2173,,16:51:00,서울역,인천공항2터미널
29895,공항철도,,디지털미디어시티,END,DOWN,0,A2173,,16:51:00,서울역,인천공항2터미널
29896,공항철도,,마곡나루,SAT,DOWN,0,A2173,,16:59:00,서울역,인천공항2터미널
29897,공항철도,,마곡나루,END,DOWN,0,A2173,,16:59:00,서울역,인천공항2터미널
29898,공항철도,,김포공항,SAT,DOWN,0,A2173,,17:02:00,서울역,인천공항2터미널
29899,공항철도,,김포공항,END,DOWN,0,A2173,,17:02:00,서울역,인천공항2터미널
29900,공항철도,,계양,SAT,DOWN,0,A2173,,17:08:00,서울역,인천공항2터미널
29901,공항철도,,계양,END,DOWN,0,A2173,,17:08:00,서울역,인천공항2터미널
29902,공항철도,,검암,SAT,DOWN,0,A2173,,17:16:00,서울역,인천공항2터미널
29903,공항철도,,검암,END,DOWN,0,A2173,,17:16:00,서울역,인천공항2터미널
29904,공항철도,,청라국제도시,SAT,DOWN,0,A2173,,17:21:00,서울역,인천공항2터미널
29905,공항철도,,청라국제도시,END,DOWN,0,A2173,,17:21:00,서울역,인천공항2터미널
29906,공항철도,,영종,SAT,DOWN,0,A2173,,17:29:00,서울역,인천공항2터미널
29907,공항철도,,영종,END,DOWN,0,A2173,,17:29:00,서울역,인천공항2터미널
29908,공항철도,,운서,SAT,DOWN,0,A2173,,17:33:00,서울역,인천공항2터미널
29909,공항철도,,운서,END,DOWN,0,A2173,,17:33:00,서울역,인천공항2터미널
29910,공항철도,,공항화물청사,SAT,DOWN,0,A2173,,17:38:00,서울역,인천공항2터미널
29911,공항철도,,공항화물청사,END,DOWN,0,A2173,,17:38:00,서울역,인천공항2터미널
29912,공항철도,,인천공항1터미널,SAT,DOWN,0,A2173,,17:42:00,서울역,인천공항2터미널
29913,공항철도,,인천공항1터미널,END,DOWN,0,A2173,,17:42:00,서울역,인천공항2터미널
29914,공항철도,,인천공항2터미널,DAY,DOWN,0,A2174,,16:27:00,인천공항2터미널,서울역
29915,공항철도,,인천공항1터미널,DAY,DOWN,0,A2174,,16:34:00,인천공항2터미널,서울역
29916,공항철도,,공항화물청사,DAY,DOWN,0,A2174,,16:37:00,인천공항2터미널,서울역
29917,공항철도,,운서,DAY,DOWN,0,A2174,,16:42:00,인천공항2터미널,서울역
29918,공항철도,,영종,DAY,DOWN,0,A2174,,16:46:00,인천공항2터미널,서울역
29919,공항철도,,청라국제도시,DAY,DOWN,0,A2174,,16:54:00,인천공항2터미널,서울역
29920,공항철도,,검암,DAY,DOWN,0,A2174,,16:59:00,인천공항2터미널,서울역
29921,공항철도,,계양,DAY,DOWN,0,A2174,,17:05:00,인천공항2터미널,서울역
29922,공항철도,,김포공항,DAY,DOWN,0,A2174,,17:12:00,인천공항2터미널,서울역
29923,공항철도,,마곡나루,DAY,DOWN,0,A2174,,17:15:00,인천공항2터미널,서울역
29924,공항철도,,디지털미디어시티,DAY,DOWN,0,A2174,,17:24:00,인천공항2터미널,서울역
29925,공항철도,,홍대입구,DAY,DOWN,0,A2174,,17:28:00,인천공항2터미널,서울역
29926,공항철도,,공덕,DAY,DOWN,0,A2174,,17:31:00,인천공항2터미널,서울역
29927,공항철도,,인천공항2터미널,SAT,DOWN,0,A2174,,15:47:00,인천공항2터미널,서울역
29928,공항철도,,인천공항2터미널,END,DOWN,0,A2174,,15:47:00,인천공항2터미널,서울역
29929,공항철도,,인천공항1터미널,SAT,DOWN,0,A2174,,15:54:00,인천공항2터미널,서울역
29930,공항철도,,인천공항1터미널,END,DOWN,0,A2174,,15:54:00,인천공항2터미널,서울역
29931,공항철도,,공항화물청사,SAT,DOWN,0,A2174,,15:57:00,인천공항2터미널,서울역
29932,공항철도,,공항화물청사,END,DOWN,0,A2174,,15:57:00,인천공항2터미널,서울역
29933,공항철도,,운서,SAT,DOWN,0,A2174,,16:02:00,인천공항2터미널,서울역
29934,공항철도,,운서,END,DOWN,0,A2174,,16:02:00,인천공항2터미널,서울역
29935,공항철도,,영종,SAT,DOWN,0,A2174,,16:06:00,인천공항2터미널,서울역
29936,공항철도,,영종,END,DOWN,0,A2174,,16:06:00,인천공항2터미널,서울역
29937,공항철도,,청라국제도시,SAT,DOWN,0,A2174,,16:14:00,인천공항2터미널,서울역
29938,공항철도,,청라국제도시,END,DOWN,0,A2174,,16:14:00,인천공항2터미널,서울역
29939,공항철도,,검암,SAT,DOWN,0,A2174,,16:19:00,인천공항2터미널,서울역
29940,공항철도,,검암,END,DOWN,0,A2174,,16:19:00,인천공항2터미널,서울역
29941,공항철도,,계양,SAT,DOWN,0,A2174,,16:25:00,인천공항2터미널,서울역
29942,공항철도,,계양,END,DOWN,0,A2174,,16:25:00,인천공항2터미널,서울역
29943,공항철도,,김포공항,SAT,DOWN,0,A2174,,16:32:00,인천공항2터미널,서울역
29944,공항철도,,김포공항,END,DOWN,0,A2174,,16:32:00,인천공항2터미널,서울역
29945,공항철도,,마곡나루,SAT,DOWN,0,A2174,,16:35:00,인천공항2터미널,서울역
29946,공항철도,,마곡나루,END,DOWN,0,A2174,,16:35:00,인천공항2터미널,서울역
29947,공항철도,,디지털미디어시티,SAT,DOWN,0,A2174,,16:44:00,인천공항2터미널,서울역
29948,공항철도,,디지털미디어시티,END,DOWN,0,A2174,,16:44:00,인천공항2터미널,서울역
29949,공항철도,,홍대입구,SAT,DOWN,0,A2174,,16:48:00,인천공항2터미널,서울역
29950,공항철도,,홍대입구,END,DOWN,0,A2174,,16:48:00,인천공항2터미널,서울역
29951,공항철도,,공덕,SAT,DOWN,0,A2174,,16:51:00,인천공항2터미널,서울역
29952,공항철도,,공덕,END,DOWN,0,A2174,,16:51:00,인천공항2터미널,서울역
29953,공항철도,,서울역,DAY,DOWN,0,A2175,,17:56:00,서울역,인천공항2터미널
29954,공항철도,,공덕,DAY,DOWN,0,A2175,,18:00:00,서울역,인천공항2터미널
29955,공항철도,,홍대입구,DAY,DOWN,0,A2175,,18:04:00,서울역,인천공항2터미널
29956,공항철도,,디지털미디어시티,DAY,DOWN,0,A2175,,18:09:00,서울역,인천공항2터미널
29957,공항철도,,마곡나루,DAY,DOWN,0,A2175,,18:17:00,서울역,인천공항2터미널
29958,공항철도,,김포공항,DAY,DOWN,0,A2175,,18:20:00,서울역,인천공항2터미널
29959,공항철도,,계양,DAY,DOWN,0,A2175,,18:26:00,서울역,인천공항2터미널
29960,공항철도,,검암,DAY,DOWN,0,A2175,,18:32:00,서울역,인천공항2터미널
29961,공항철도,,청라국제도시,DAY,DOWN,0,A2175,,18:37:00,서울역,인천공항2터미널
29962,공항철도,,영종,DAY,DOWN,0,A2175,,18:46:00,서울역,인천공항2터미널
29963,공항철도,,운서,DAY,DOWN,0,A2175,,18:50:00,서울역,인천공항2터미널
29964,공항철도,,공항화물청사,DAY,DOWN,0,A2175,,18:54:00,서울역,인천공항2터미널
29965,공항철도,,인천공항1터미널,DAY,DOWN,0,A2175,,18:58:00,서울역,인천공항2터미널
29966,공항철도,,서울역,SAT,DOWN,0,A2175,,16:46:00,서울역,인천공항2터미널
29967,공항철도,,서울역,END,DOWN,0,A2175,,16:46:00,서울역,인천공항2터미널
29968,공항철도,,공덕,SAT,DOWN,0,A2175,,16:50:00,서울역,인천공항2터미널
29969,공항철도,,공덕,END,DOWN,0,A2175,,16:50:00,서울역,인천공항2터미널
29970,공항철도,,홍대입구,SAT,DOWN,0,A2175,,16:54:00,서울역,인천공항2터미널
29971,공항철도,,홍대입구,END,DOWN,0,A2175,,16:54:00,서울역,인천공항2터미널
29972,공항철도,,디지털미디어시티,SAT,DOWN,0,A2175,,16:59:00,서울역,인천공항2터미널
29973,공항철도,,디지털미디어시티,END,DOWN,0,A2175,,16:59:00,서울역,인천공항2터미널
29974,공항철도,,마곡나루,SAT,DOWN,0,A2175,,17:07:00,서울역,인천공항2터미널
29975,공항철도,,마곡나루,END,DOWN,0,A2175,,17:07:00,서울역,인천공항2터미널
29976,공항철도,,김포공항,SAT,DOWN,0,A2175,,17:10:00,서울역,인천공항2터미널
29977,공항철도,,김포공항,END,DOWN,0,A2175,,17:10:00,서울역,인천공항2터미널
29978,공항철도,,계양,SAT,DOWN,0,A2175,,17:16:00,서울역,인천공항2터미널
29979,공항철도,,계양,END,DOWN,0,A2175,,17:16:00,서울역,인천공항2터미널
29980,공항철도,,검암,SAT,DOWN,0,A2175,,17:22:00,서울역,인천공항2터미널
29981,공항철도,,검암,END,DOWN,0,A2175,,17:22:00,서울역,인천공항2터미널
29982,공항철도,,청라국제도시,SAT,DOWN,0,A2175,,17:27:00,서울역,인천공항2터미널
29983,공항철도,,청라국제도시,END,DOWN,0,A2175,,17:27:00,서울역,인천공항2터미널
29984,공항철도,,영종,SAT,DOWN,0,A2175,,17:36:00,서울역,인천공항2터미널
29985,공항철도,,영종,END,DOWN,0,A2175,,17:36:00,서울역,인천공항2터미널
29986,공항철도,,운서,SAT,DOWN,0,A2175,,17:40:00,서울역,인천공항2터미널
29987,공항철도,,운서,END,DOWN,0,A2175,,17:40:00,서울역,인천공항2터미널
29988,공항철도,,공항화물청사,SAT,DOWN,0,A2175,,17:44:00,서울역,인천공항2터미널
29989,공항철도,,공항화물청사,END,DOWN,0,A2175,,17:44:00,서울역,인천공항2터미널
29990,공항철도,,인천공항1터미널,SAT,DOWN,0,A2175,,17:48:00,서울역,인천공항2터미널
29991,공항철도,,인천공항1터미널,END,DOWN,0,A2175,,17:48:00,서울역,인천공항2터미널
29992,공항철도,,인천공항2터미널,DAY,DOWN,0,A2176,,16:37:00,인천공항2터미널,서울역
29993,공항철도,,인천공항1터미널,DAY,DOWN,0,A2176,,16:43:00,인천공항2터미널,서울역
29994,공항철도,,공항화물청사,DAY,DOWN,0,A2176,,16:47:00,인천공항2터미널,서울역
29995,공항철도,,운서,DAY,DOWN,0,A2176,,16:51:00,인천공항2터미널,서울역
29996,공항철도,,영종,DAY,DOWN,0,A2176,,16:57:00,인천공항2터미널,서울역
29997,공항철도,,청라국제도시,DAY,DOWN,0,A2176,,17:05:00,인천공항2터미널,서울역
29998,공항철도,,검암,DAY,DOWN,0,A2176,,17:10:00,인천공항2터미널,서울역
29999,공항철도,,계양,DAY,DOWN,0,A2176,,17:16:00,인천공항2터미널,서울역
30000,공항철도,,김포공항,DAY,DOWN,0,A2176,,17:23:00,인천공항2터미널,서울역
30001,공항철도,,마곡나루,DAY,DOWN,0,A2176,,17:26:00,인천공항2터미널,서울역
30002,공항철도,,디지털미디어시티,DAY,DOWN,0,A2176,,17:33:00,인천공항2터미널,서울역
30003,공항철도,,홍대입구,DAY,DOWN,0,A2176,,17:37:00,인천공항2터미널,서울역
30004,공항철도,,공덕,DAY,DOWN,0,A2176,,17:41:00,인천공항2터미널,서울역
30005,공항철도,,인천공항2터미널,SAT,DOWN,0,A2176,,15:53:00,인천공항2터미널,서울역
30006,공항철도,,인천공항2터미널,END,DOWN,0,A2176,,15:53:00,인천공항2터미널,서울역
30007,공항철도,,인천공항1터미널,SAT,DOWN,0,A2176,,16:00:00,인천공항2터미널,서울역
30008,공항철도,,인천공항1터미널,END,DOWN,0,A2176,,16:00:00,인천공항2터미널,서울역
30009,공항철도,,공항화물청사,SAT,DOWN,0,A2176,,16:03:00,인천공항2터미널,서울역
30010,공항철도,,공항화물청사,END,DOWN,0,A2176,,16:03:00,인천공항2터미널,서울역
30011,공항철도,,운서,SAT,DOWN,0,A2176,,16:08:00,인천공항2터미널,서울역
30012,공항철도,,운서,END,DOWN,0,A2176,,16:08:00,인천공항2터미널,서울역
30013,공항철도,,영종,SAT,DOWN,0,A2176,,16:12:00,인천공항2터미널,서울역
30014,공항철도,,영종,END,DOWN,0,A2176,,16:12:00,인천공항2터미널,서울역
30015,공항철도,,청라국제도시,SAT,DOWN,0,A2176,,16:20:00,인천공항2터미널,서울역
30016,공항철도,,청라국제도시,END,DOWN,0,A2176,,16:20:00,인천공항2터미널,서울역
30017,공항철도,,검암,SAT,DOWN,0,A2176,,16:27:00,인천공항2터미널,서울역
30018,공항철도,,검암,END,DOWN,0,A2176,,16:27:00,인천공항2터미널,서울역
30019,공항철도,,계양,SAT,DOWN,0,A2176,,16:33:00,인천공항2터미널,서울역
30020,공항철도,,계양,END,DOWN,0,A2176,,16:33:00,인천공항2터미널,서울역
30021,공항철도,,김포공항,SAT,DOWN,0,A2176,,16:39:00,인천공항2터미널,서울역
30022,공항철도,,김포공항,END,DOWN,0,A2176,,16:39:00,인천공항2터미널,서울역
30023,공항철도,,마곡나루,SAT,DOWN,0,A2176,,16:42:00,인천공항2터미널,서울역
30024,공항철도,,마곡나루,END,DOWN,0,A2176,,16:42:00,인천공항2터미널,서울역
30025,공항철도,,디지털미디어시티,SAT,DOWN,0,A2176,,16:50:00,인천공항2터미널,서울역
30026,공항철도,,디지털미디어시티,END,DOWN,0,A2176,,16:50:00,인천공항2터미널,서울역
30027,공항철도,,홍대입구,SAT,DOWN,0,A2176,,16:54:00,인천공항2터미널,서울역
30028,공항철도,,홍대입구,END,DOWN,0,A2176,,16:54:00,인천공항2터미널,서울역
30029,공항철도,,공덕,SAT,DOWN,0,A2176,,16:57:00,인천공항2터미널,서울역
30030,공항철도,,공덕,END,DOWN,0,A2176,,16:57:00,인천공항2터미널,서울역
30031,공항철도,,서울역,DAY,DOWN,0,A2177,,18:05:00,서울역,인천공항2터미널
30032,공항철도,,공덕,DAY,DOWN,0,A2177,,18:10:00,서울역,인천공항2터미널
30033,공항철도,,홍대입구,DAY,DOWN,0,A2177,,18:13:00,서울역,인천공항2터미널
30034,공항철도,,디지털미디어시티,DAY,DOWN,0,A2177,,18:17:00,서울역,인천공항2터미널
30035,공항철도,,마곡나루,DAY,DOWN,0,A2177,,18:25:00,서울역,인천공항2터미널
30036,공항철도,,김포공항,DAY,DOWN,0,A2177,,18:28:00,서울역,인천공항2터미널
30037,공항철도,,계양,DAY,DOWN,0,A2177,,18:34:00,서울역,인천공항2터미널
30038,공항철도,,검암,DAY,DOWN,0,A2177,,18:40:00,서울역,인천공항2터미널
30039,공항철도,,청라국제도시,DAY,DOWN,0,A2177,,18:45:00,서울역,인천공항2터미널
30040,공항철도,,영종,DAY,DOWN,0,A2177,,18:54:00,서울역,인천공항2터미널
30041,공항철도,,운서,DAY,DOWN,0,A2177,,18:58:00,서울역,인천공항2터미널
30042,공항철도,,공항화물청사,DAY,DOWN,0,A2177,,19:02:00,서울역,인천공항2터미널
30043,공항철도,,인천공항1터미널,DAY,DOWN,0,A2177,,19:06:00,서울역,인천공항2터미널
30044,공항철도,,서울역,SAT,DOWN,0,A2177,,16:58:00,서울역,인천공항2터미널
30045,공항철도,,서울역,END,DOWN,0,A2177,,16:58:00,서울역,인천공항2터미널
30046,공항철도,,공덕,SAT,DOWN,0,A2177,,17:02:00,서울역,인천공항2터미널
30047,공항철도,,공덕,END,DOWN,0,A2177,,17:02:00,서울역,인천공항2터미널
30048,공항철도,,홍대입구,SAT,DOWN,0,A2177,,17:06:00,서울역,인천공항2터미널
30049,공항철도,,홍대입구,END,DOWN,0,A2177,,17:06:00,서울역,인천공항2터미널
30050,공항철도,,디지털미디어시티,SAT,DOWN,0,A2177,,17:10:00,서울역,인천공항2터미널
30051,공항철도,,디지털미디어시티,END,DOWN,0,A2177,,17:10:00,서울역,인천공항2터미널
30052,공항철도,,마곡나루,SAT,DOWN,0,A2177,,17:17:00,서울역,인천공항2터미널
30053,공항철도,,마곡나루,END,DOWN,0,A2177,,17:17:00,서울역,인천공항2터미널
30054,공항철도,,김포공항,SAT,DOWN,0,A2177,,17:20:00,서울역,인천공항2터미널
30055,공항철도,,김포공항,END,DOWN,0,A2177,,17:20:00,서울역,인천공항2터미널
30056,공항철도,,계양,SAT,DOWN,0,A2177,,17:27:00,서울역,인천공항2터미널
30057,공항철도,,계양,END,DOWN,0,A2177,,17:27:00,서울역,인천공항2터미널
30058,공항철도,,검암,SAT,DOWN,0,A2177,,17:33:00,서울역,인천공항2터미널
30059,공항철도,,검암,END,DOWN,0,A2177,,17:33:00,서울역,인천공항2터미널
30060,공항철도,,청라국제도시,SAT,DOWN,0,A2177,,17:38:00,서울역,인천공항2터미널
30061,공항철도,,청라국제도시,END,DOWN,0,A2177,,17:38:00,서울역,인천공항2터미널
30062,공항철도,,영종,SAT,DOWN,0,A2177,,17:46:00,서울역,인천공항2터미널
30063,공항철도,,영종,END,DOWN,0,A2177,,17:46:00,서울역,인천공항2터미널
30064,공항철도,,운서,SAT,DOWN,0,A2177,,17:50:00,서울역,인천공항2터미널
30065,공항철도,,운서,END,DOWN,0,A2177,,17:50:00,서울역,인천공항2터미널
30066,공항철도,,공항화물청사,SAT,DOWN,0,A2177,,17:55:00,서울역,인천공항2터미널
30067,공항철도,,공항화물청사,END,DOWN,0,A2177,,17:55:00,서울역,인천공항2터미널
30068,공항철도,,인천공항1터미널,SAT,DOWN,0,A2177,,17:59:00,서울역,인천공항2터미널
30069,공항철도,,인천공항1터미널,END,DOWN,0,A2177,,17:59:00,서울역,인천공항2터미널
30070,공항철도,,인천공항2터미널,DAY,DOWN,0,A2178,,16:44:00,인천공항2터미널,서울역
30071,공항철도,,인천공항1터미널,DAY,DOWN,0,A2178,,16:51:00,인천공항2터미널,서울역
30072,공항철도,,공항화물청사,DAY,DOWN,0,A2178,,16:54:00,인천공항2터미널,서울역
30073,공항철도,,운서,DAY,DOWN,0,A2178,,16:59:00,인천공항2터미널,서울역
30074,공항철도,,영종,DAY,DOWN,0,A2178,,17:03:00,인천공항2터미널,서울역
30075,공항철도,,청라국제도시,DAY,DOWN,0,A2178,,17:11:00,인천공항2터미널,서울역
30076,공항철도,,검암,DAY,DOWN,0,A2178,,17:16:00,인천공항2터미널,서울역
30077,공항철도,,계양,DAY,DOWN,0,A2178,,17:22:00,인천공항2터미널,서울역
30078,공항철도,,김포공항,DAY,DOWN,0,A2178,,17:29:00,인천공항2터미널,서울역
30079,공항철도,,마곡나루,DAY,DOWN,0,A2178,,17:32:00,인천공항2터미널,서울역
30080,공항철도,,디지털미디어시티,DAY,DOWN,0,A2178,,17:39:00,인천공항2터미널,서울역
30081,공항철도,,홍대입구,DAY,DOWN,0,A2178,,17:43:00,인천공항2터미널,서울역
30082,공항철도,,공덕,DAY,DOWN,0,A2178,,17:47:00,인천공항2터미널,서울역
30083,공항철도,,인천공항2터미널,SAT,DOWN,0,A2178,,16:04:00,인천공항2터미널,서울역
30084,공항철도,,인천공항2터미널,END,DOWN,0,A2178,,16:04:00,인천공항2터미널,서울역
30085,공항철도,,인천공항1터미널,SAT,DOWN,0,A2178,,16:10:00,인천공항2터미널,서울역
30086,공항철도,,인천공항1터미널,END,DOWN,0,A2178,,16:10:00,인천공항2터미널,서울역
30087,공항철도,,공항화물청사,SAT,DOWN,0,A2178,,16:14:00,인천공항2터미널,서울역
30088,공항철도,,공항화물청사,END,DOWN,0,A2178,,16:14:00,인천공항2터미널,서울역
30089,공항철도,,운서,SAT,DOWN,0,A2178,,16:18:00,인천공항2터미널,서울역
30090,공항철도,,운서,END,DOWN,0,A2178,,16:18:00,인천공항2터미널,서울역
30091,공항철도,,영종,SAT,DOWN,0,A2178,,16:22:00,인천공항2터미널,서울역
30092,공항철도,,영종,END,DOWN,0,A2178,,16:22:00,인천공항2터미널,서울역
30093,공항철도,,청라국제도시,SAT,DOWN,0,A2178,,16:31:00,인천공항2터미널,서울역
30094,공항철도,,청라국제도시,END,DOWN,0,A2178,,16:31:00,인천공항2터미널,서울역
30095,공항철도,,검암,SAT,DOWN,0,A2178,,16:36:00,인천공항2터미널,서울역
30096,공항철도,,검암,END,DOWN,0,A2178,,16:36:00,인천공항2터미널,서울역
30097,공항철도,,계양,SAT,DOWN,0,A2178,,16:42:00,인천공항2터미널,서울역
30098,공항철도,,계양,END,DOWN,0,A2178,,16:42:00,인천공항2터미널,서울역
30099,공항철도,,김포공항,SAT,DOWN,0,A2178,,16:48:00,인천공항2터미널,서울역
30100,공항철도,,김포공항,END,DOWN,0,A2178,,16:48:00,인천공항2터미널,서울역
30101,공항철도,,마곡나루,SAT,DOWN,0,A2178,,16:51:00,인천공항2터미널,서울역
30102,공항철도,,마곡나루,END,DOWN,0,A2178,,16:51:00,인천공항2터미널,서울역
30103,공항철도,,디지털미디어시티,SAT,DOWN,0,A2178,,16:59:00,인천공항2터미널,서울역
30104,공항철도,,디지털미디어시티,END,DOWN,0,A2178,,16:59:00,인천공항2터미널,서울역
30105,공항철도,,홍대입구,SAT,DOWN,0,A2178,,17:03:00,인천공항2터미널,서울역
30106,공항철도,,홍대입구,END,DOWN,0,A2178,,17:03:00,인천공항2터미널,서울역
30107,공항철도,,공덕,SAT,DOWN,0,A2178,,17:06:00,인천공항2터미널,서울역
30108,공항철도,,공덕,END,DOWN,0,A2178,,17:06:00,인천공항2터미널,서울역
30109,공항철도,,서울역,DAY,DOWN,0,A2179,,18:13:00,서울역,인천공항2터미널
30110,공항철도,,공덕,DAY,DOWN,0,A2179,,18:17:00,서울역,인천공항2터미널
30111,공항철도,,홍대입구,DAY,DOWN,0,A2179,,18:21:00,서울역,인천공항2터미널
30112,공항철도,,디지털미디어시티,DAY,DOWN,0,A2179,,18:25:00,서울역,인천공항2터미널
30113,공항철도,,마곡나루,DAY,DOWN,0,A2179,,18:32:00,서울역,인천공항2터미널
30114,공항철도,,김포공항,DAY,DOWN,0,A2179,,18:35:00,서울역,인천공항2터미널
30115,공항철도,,계양,DAY,DOWN,0,A2179,,18:42:00,서울역,인천공항2터미널
30116,공항철도,,검암,DAY,DOWN,0,A2179,,18:48:00,서울역,인천공항2터미널
30117,공항철도,,청라국제도시,DAY,DOWN,0,A2179,,18:53:00,서울역,인천공항2터미널
30118,공항철도,,영종,DAY,DOWN,0,A2179,,19:01:00,서울역,인천공항2터미널
30119,공항철도,,운서,DAY,DOWN,0,A2179,,19:05:00,서울역,인천공항2터미널
30120,공항철도,,공항화물청사,DAY,DOWN,0,A2179,,19:10:00,서울역,인천공항2터미널
30121,공항철도,,인천공항1터미널,DAY,DOWN,0,A2179,,19:14:00,서울역,인천공항2터미널
30122,공항철도,,서울역,SAT,DOWN,0,A2179,,17:06:00,서울역,인천공항2터미널
30123,공항철도,,서울역,END,DOWN,0,A2179,,17:06:00,서울역,인천공항2터미널
30124,공항철도,,공덕,SAT,DOWN,0,A2179,,17:10:00,서울역,인천공항2터미널
30125,공항철도,,공덕,END,DOWN,0,A2179,,17:10:00,서울역,인천공항2터미널
30126,공항철도,,홍대입구,SAT,DOWN,0,A2179,,17:14:00,서울역,인천공항2터미널
30127,공항철도,,홍대입구,END,DOWN,0,A2179,,17:14:00,서울역,인천공항2터미널
30128,공항철도,,디지털미디어시티,SAT,DOWN,0,A2179,,17:18:00,서울역,인천공항2터미널
30129,공항철도,,디지털미디어시티,END,DOWN,0,A2179,,17:18:00,서울역,인천공항2터미널
30130,공항철도,,마곡나루,SAT,DOWN,0,A2179,,17:25:00,서울역,인천공항2터미널
30131,공항철도,,마곡나루,END,DOWN,0,A2179,,17:25:00,서울역,인천공항2터미널
30132,공항철도,,김포공항,SAT,DOWN,0,A2179,,17:28:00,서울역,인천공항2터미널
30133,공항철도,,김포공항,END,DOWN,0,A2179,,17:28:00,서울역,인천공항2터미널
30134,공항철도,,계양,SAT,DOWN,0,A2179,,17:35:00,서울역,인천공항2터미널
30135,공항철도,,계양,END,DOWN,0,A2179,,17:35:00,서울역,인천공항2터미널
30136,공항철도,,검암,SAT,DOWN,0,A2179,,17:41:00,서울역,인천공항2터미널
30137,공항철도,,검암,END,DOWN,0,A2179,,17:41:00,서울역,인천공항2터미널
30138,공항철도,,청라국제도시,SAT,DOWN,0,A2179,,17:46:00,서울역,인천공항2터미널
30139,공항철도,,청라국제도시,END,DOWN,0,A2179,,17:46:00,서울역,인천공항2터미널
30140,공항철도,,영종,SAT,DOWN,0,A2179,,17:54:00,서울역,인천공항2터미널
30141,공항철도,,영종,END,DOWN,0,A2179,,17:54:00,서울역,인천공항2터미널
30142,공항철도,,운서,SAT,DOWN,0,A2179,,17:58:00,서울역,인천공항2터미널
30143,공항철도,,운서,END,DOWN,0,A2179,,17:58:00,서울역,인천공항2터미널
30144,공항철도,,공항화물청사,SAT,DOWN,0,A2179,,18:03:00,서울역,인천공항2터미널
30145,공항철도,,공항화물청사,END,DOWN,0,A2179,,18:03:00,서울역,인천공항2터미널
30146,공항철도,,인천공항1터미널,SAT,DOWN,0,A2179,,18:07:00,서울역,인천공항2터미널
30147,공항철도,,인천공항1터미널,END,DOWN,0,A2179,,18:07:00,서울역,인천공항2터미널
30148,공항철도,,인천공항2터미널,DAY,DOWN,0,A2180,,16:53:00,인천공항2터미널,서울역
30149,공항철도,,인천공항1터미널,DAY,DOWN,0,A2180,,17:00:00,인천공항2터미널,서울역
30150,공항철도,,공항화물청사,DAY,DOWN,0,A2180,,17:03:00,인천공항2터미널,서울역
30151,공항철도,,운서,DAY,DOWN,0,A2180,,17:08:00,인천공항2터미널,서울역
30152,공항철도,,영종,DAY,DOWN,0,A2180,,17:12:00,인천공항2터미널,서울역
30153,공항철도,,청라국제도시,DAY,DOWN,0,A2180,,17:20:00,인천공항2터미널,서울역
30154,공항철도,,검암,DAY,DOWN,0,A2180,,17:25:00,인천공항2터미널,서울역
30155,공항철도,,계양,DAY,DOWN,0,A2180,,17:31:00,인천공항2터미널,서울역
30156,공항철도,,김포공항,DAY,DOWN,0,A2180,,17:38:00,인천공항2터미널,서울역
30157,공항철도,,마곡나루,DAY,DOWN,0,A2180,,17:41:00,인천공항2터미널,서울역
30158,공항철도,,디지털미디어시티,DAY,DOWN,0,A2180,,17:48:00,인천공항2터미널,서울역
30159,공항철도,,홍대입구,DAY,DOWN,0,A2180,,17:52:00,인천공항2터미널,서울역
30160,공항철도,,공덕,DAY,DOWN,0,A2180,,17:56:00,인천공항2터미널,서울역
30161,공항철도,,인천공항2터미널,SAT,DOWN,0,A2180,,16:12:00,인천공항2터미널,서울역
30162,공항철도,,인천공항2터미널,END,DOWN,0,A2180,,16:12:00,인천공항2터미널,서울역
30163,공항철도,,인천공항1터미널,SAT,DOWN,0,A2180,,16:18:00,인천공항2터미널,서울역
30164,공항철도,,인천공항1터미널,END,DOWN,0,A2180,,16:18:00,인천공항2터미널,서울역
30165,공항철도,,공항화물청사,SAT,DOWN,0,A2180,,16:22:00,인천공항2터미널,서울역
30166,공항철도,,공항화물청사,END,DOWN,0,A2180,,16:22:00,인천공항2터미널,서울역
30167,공항철도,,운서,SAT,DOWN,0,A2180,,16:26:00,인천공항2터미널,서울역
30168,공항철도,,운서,END,DOWN,0,A2180,,16:26:00,인천공항2터미널,서울역
30169,공항철도,,영종,SAT,DOWN,0,A2180,,16:30:00,인천공항2터미널,서울역
30170,공항철도,,영종,END,DOWN,0,A2180,,16:30:00,인천공항2터미널,서울역
30171,공항철도,,청라국제도시,SAT,DOWN,0,A2180,,16:39:00,인천공항2터미널,서울역
30172,공항철도,,청라국제도시,END,DOWN,0,A2180,,16:39:00,인천공항2터미널,서울역
30173,공항철도,,검암,SAT,DOWN,0,A2180,,16:44:00,인천공항2터미널,서울역
30174,공항철도,,검암,END,DOWN,0,A2180,,16:44:00,인천공항2터미널,서울역
30175,공항철도,,계양,SAT,DOWN,0,A2180,,16:50:00,인천공항2터미널,서울역
30176,공항철도,,계양,END,DOWN,0,A2180,,16:50:00,인천공항2터미널,서울역
30177,공항철도,,김포공항,SAT,DOWN,0,A2180,,16:56:00,인천공항2터미널,서울역
30178,공항철도,,김포공항,END,DOWN,0,A2180,,16:56:00,인천공항2터미널,서울역
30179,공항철도,,마곡나루,SAT,DOWN,0,A2180,,16:59:00,인천공항2터미널,서울역
30180,공항철도,,마곡나루,END,DOWN,0,A2180,,16:59:00,인천공항2터미널,서울역
30181,공항철도,,디지털미디어시티,SAT,DOWN,0,A2180,,17:07:00,인천공항2터미널,서울역
30182,공항철도,,디지털미디어시티,END,DOWN,0,A2180,,17:07:00,인천공항2터미널,서울역
30183,공항철도,,홍대입구,SAT,DOWN,0,A2180,,17:11:00,인천공항2터미널,서울역
30184,공항철도,,홍대입구,END,DOWN,0,A2180,,17:11:00,인천공항2터미널,서울역
30185,공항철도,,공덕,SAT,DOWN,0,A2180,,17:14:00,인천공항2터미널,서울역
30186,공항철도,,공덕,END,DOWN,0,A2180,,17:14:00,인천공항2터미널,서울역
30187,공항철도,,서울역,DAY,DOWN,0,A2181,,18:18:00,서울역,인천공항2터미널
30188,공항철도,,공덕,DAY,DOWN,0,A2181,,18:22:00,서울역,인천공항2터미널
30189,공항철도,,홍대입구,DAY,DOWN,0,A2181,,18:26:00,서울역,인천공항2터미널
30190,공항철도,,디지털미디어시티,DAY,DOWN,0,A2181,,18:30:00,서울역,인천공항2터미널
30191,공항철도,,마곡나루,DAY,DOWN,0,A2181,,18:37:00,서울역,인천공항2터미널
30192,공항철도,,김포공항,DAY,DOWN,0,A2181,,18:40:00,서울역,인천공항2터미널
30193,공항철도,,계양,DAY,DOWN,0,A2181,,18:47:00,서울역,인천공항2터미널
30194,공항철도,,검암,DAY,DOWN,0,A2181,,18:53:00,서울역,인천공항2터미널
30195,공항철도,,청라국제도시,DAY,DOWN,0,A2181,,18:58:00,서울역,인천공항2터미널
30196,공항철도,,영종,DAY,DOWN,0,A2181,,19:06:00,서울역,인천공항2터미널
30197,공항철도,,운서,DAY,DOWN,0,A2181,,19:10:00,서울역,인천공항2터미널
30198,공항철도,,공항화물청사,DAY,DOWN,0,A2181,,19:15:00,서울역,인천공항2터미널
30199,공항철도,,인천공항1터미널,DAY,DOWN,0,A2181,,19:19:00,서울역,인천공항2터미널
30200,공항철도,,서울역,SAT,DOWN,0,A2181,,17:14:00,서울역,인천공항2터미널
30201,공항철도,,서울역,END,DOWN,0,A2181,,17:14:00,서울역,인천공항2터미널
30202,공항철도,,공덕,SAT,DOWN,0,A2181,,17:18:00,서울역,인천공항2터미널
30203,공항철도,,공덕,END,DOWN,0,A2181,,17:18:00,서울역,인천공항2터미널
30204,공항철도,,홍대입구,SAT,DOWN,0,A2181,,17:22:00,서울역,인천공항2터미널
30205,공항철도,,홍대입구,END,DOWN,0,A2181,,17:22:00,서울역,인천공항2터미널
30206,공항철도,,디지털미디어시티,SAT,DOWN,0,A2181,,17:26:00,서울역,인천공항2터미널
30207,공항철도,,디지털미디어시티,END,DOWN,0,A2181,,17:26:00,서울역,인천공항2터미널
30208,공항철도,,마곡나루,SAT,DOWN,0,A2181,,17:33:00,서울역,인천공항2터미널
30209,공항철도,,마곡나루,END,DOWN,0,A2181,,17:33:00,서울역,인천공항2터미널
30210,공항철도,,김포공항,SAT,DOWN,0,A2181,,17:36:00,서울역,인천공항2터미널
30211,공항철도,,김포공항,END,DOWN,0,A2181,,17:36:00,서울역,인천공항2터미널
30212,공항철도,,계양,SAT,DOWN,0,A2181,,17:43:00,서울역,인천공항2터미널
30213,공항철도,,계양,END,DOWN,0,A2181,,17:43:00,서울역,인천공항2터미널
30214,공항철도,,검암,SAT,DOWN,0,A2181,,17:50:00,서울역,인천공항2터미널
30215,공항철도,,검암,END,DOWN,0,A2181,,17:50:00,서울역,인천공항2터미널
30216,공항철도,,청라국제도시,SAT,DOWN,0,A2181,,17:55:00,서울역,인천공항2터미널
30217,공항철도,,청라국제도시,END,DOWN,0,A2181,,17:55:00,서울역,인천공항2터미널
30218,공항철도,,영종,SAT,DOWN,0,A2181,,18:04:00,서울역,인천공항2터미널
30219,공항철도,,영종,END,DOWN,0,A2181,,18:04:00,서울역,인천공항2터미널
30220,공항철도,,운서,SAT,DOWN,0,A2181,,18:08:00,서울역,인천공항2터미널
30221,공항철도,,운서,END,DOWN,0,A2181,,18:08:00,서울역,인천공항2터미널
30222,공항철도,,공항화물청사,SAT,DOWN,0,A2181,,18:12:00,서울역,인천공항2터미널
30223,공항철도,,공항화물청사,END,DOWN,0,A2181,,18:12:00,서울역,인천공항2터미널
30224,공항철도,,인천공항1터미널,SAT,DOWN,0,A2181,,18:16:00,서울역,인천공항2터미널
30225,공항철도,,인천공항1터미널,END,DOWN,0,A2181,,18:16:00,서울역,인천공항2터미널
30226,공항철도,,인천공항2터미널,DAY,DOWN,0,A2182,,16:57:00,인천공항2터미널,서울역
30227,공항철도,,인천공항1터미널,DAY,DOWN,0,A2182,,17:04:00,인천공항2터미널,서울역
30228,공항철도,,공항화물청사,DAY,DOWN,0,A2182,,17:07:00,인천공항2터미널,서울역
30229,공항철도,,운서,DAY,DOWN,0,A2182,,17:12:00,인천공항2터미널,서울역
30230,공항철도,,영종,DAY,DOWN,0,A2182,,17:16:00,인천공항2터미널,서울역
30231,공항철도,,청라국제도시,DAY,DOWN,0,A2182,,17:24:00,인천공항2터미널,서울역
30232,공항철도,,검암,DAY,DOWN,0,A2182,,17:29:00,인천공항2터미널,서울역
30233,공항철도,,계양,DAY,DOWN,0,A2182,,17:35:00,인천공항2터미널,서울역
30234,공항철도,,김포공항,DAY,DOWN,0,A2182,,17:42:00,인천공항2터미널,서울역
30235,공항철도,,마곡나루,DAY,DOWN,0,A2182,,17:45:00,인천공항2터미널,서울역
30236,공항철도,,디지털미디어시티,DAY,DOWN,0,A2182,,17:52:00,인천공항2터미널,서울역
30237,공항철도,,홍대입구,DAY,DOWN,0,A2182,,17:56:00,인천공항2터미널,서울역
30238,공항철도,,공덕,DAY,DOWN,0,A2182,,18:00:00,인천공항2터미널,서울역
30239,공항철도,,인천공항2터미널,SAT,DOWN,0,A2182,,16:19:00,인천공항2터미널,서울역
30240,공항철도,,인천공항2터미널,END,DOWN,0,A2182,,16:19:00,인천공항2터미널,서울역
30241,공항철도,,인천공항1터미널,SAT,DOWN,0,A2182,,16:26:00,인천공항2터미널,서울역
30242,공항철도,,인천공항1터미널,END,DOWN,0,A2182,,16:26:00,인천공항2터미널,서울역
30243,공항철도,,공항화물청사,SAT,DOWN,0,A2182,,16:29:00,인천공항2터미널,서울역
30244,공항철도,,공항화물청사,END,DOWN,0,A2182,,16:29:00,인천공항2터미널,서울역
30245,공항철도,,운서,SAT,DOWN,0,A2182,,16:34:00,인천공항2터미널,서울역
30246,공항철도,,운서,END,DOWN,0,A2182,,16:34:00,인천공항2터미널,서울역
30247,공항철도,,영종,SAT,DOWN,0,A2182,,16:38:00,인천공항2터미널,서울역
30248,공항철도,,영종,END,DOWN,0,A2182,,16:38:00,인천공항2터미널,서울역
30249,공항철도,,청라국제도시,SAT,DOWN,0,A2182,,16:46:00,인천공항2터미널,서울역
30250,공항철도,,청라국제도시,END,DOWN,0,A2182,,16:46:00,인천공항2터미널,서울역
30251,공항철도,,검암,SAT,DOWN,0,A2182,,16:51:00,인천공항2터미널,서울역
30252,공항철도,,검암,END,DOWN,0,A2182,,16:51:00,인천공항2터미널,서울역
30253,공항철도,,계양,SAT,DOWN,0,A2182,,16:57:00,인천공항2터미널,서울역
30254,공항철도,,계양,END,DOWN,0,A2182,,16:57:00,인천공항2터미널,서울역
30255,공항철도,,김포공항,SAT,DOWN,0,A2182,,17:04:00,인천공항2터미널,서울역
30256,공항철도,,김포공항,END,DOWN,0,A2182,,17:04:00,인천공항2터미널,서울역
30257,공항철도,,마곡나루,SAT,DOWN,0,A2182,,17:07:00,인천공항2터미널,서울역
30258,공항철도,,마곡나루,END,DOWN,0,A2182,,17:07:00,인천공항2터미널,서울역
30259,공항철도,,디지털미디어시티,SAT,DOWN,0,A2182,,17:14:00,인천공항2터미널,서울역
30260,공항철도,,디지털미디어시티,END,DOWN,0,A2182,,17:14:00,인천공항2터미널,서울역
30261,공항철도,,홍대입구,SAT,DOWN,0,A2182,,17:18:00,인천공항2터미널,서울역
30262,공항철도,,홍대입구,END,DOWN,0,A2182,,17:18:00,인천공항2터미널,서울역
30263,공항철도,,공덕,SAT,DOWN,0,A2182,,17:22:00,인천공항2터미널,서울역
30264,공항철도,,공덕,END,DOWN,0,A2182,,17:22:00,인천공항2터미널,서울역
30265,공항철도,,서울역,DAY,DOWN,0,A2183,,18:27:00,서울역,인천공항2터미널
30266,공항철도,,공덕,DAY,DOWN,0,A2183,,18:32:00,서울역,인천공항2터미널
30267,공항철도,,홍대입구,DAY,DOWN,0,A2183,,18:35:00,서울역,인천공항2터미널
30268,공항철도,,디지털미디어시티,DAY,DOWN,0,A2183,,18:39:00,서울역,인천공항2터미널
30269,공항철도,,마곡나루,DAY,DOWN,0,A2183,,18:47:00,서울역,인천공항2터미널
30270,공항철도,,김포공항,DAY,DOWN,0,A2183,,18:50:00,서울역,인천공항2터미널
30271,공항철도,,계양,DAY,DOWN,0,A2183,,18:56:00,서울역,인천공항2터미널
30272,공항철도,,검암,DAY,DOWN,0,A2183,,19:02:00,서울역,인천공항2터미널
30273,공항철도,,청라국제도시,DAY,DOWN,0,A2183,,19:07:00,서울역,인천공항2터미널
30274,공항철도,,영종,DAY,DOWN,0,A2183,,19:16:00,서울역,인천공항2터미널
30275,공항철도,,운서,DAY,DOWN,0,A2183,,19:20:00,서울역,인천공항2터미널
30276,공항철도,,공항화물청사,DAY,DOWN,0,A2183,,19:24:00,서울역,인천공항2터미널
30277,공항철도,,인천공항1터미널,DAY,DOWN,0,A2183,,19:28:00,서울역,인천공항2터미널
30278,공항철도,,서울역,SAT,DOWN,0,A2183,,17:20:00,서울역,인천공항2터미널
30279,공항철도,,서울역,END,DOWN,0,A2183,,17:20:00,서울역,인천공항2터미널
30280,공항철도,,공덕,SAT,DOWN,0,A2183,,17:25:00,서울역,인천공항2터미널
30281,공항철도,,공덕,END,DOWN,0,A2183,,17:25:00,서울역,인천공항2터미널
30282,공항철도,,홍대입구,SAT,DOWN,0,A2183,,17:28:00,서울역,인천공항2터미널
30283,공항철도,,홍대입구,END,DOWN,0,A2183,,17:28:00,서울역,인천공항2터미널
30284,공항철도,,디지털미디어시티,SAT,DOWN,0,A2183,,17:34:00,서울역,인천공항2터미널
30285,공항철도,,디지털미디어시티,END,DOWN,0,A2183,,17:34:00,서울역,인천공항2터미널
30286,공항철도,,마곡나루,SAT,DOWN,0,A2183,,17:41:00,서울역,인천공항2터미널
30287,공항철도,,마곡나루,END,DOWN,0,A2183,,17:41:00,서울역,인천공항2터미널
30288,공항철도,,김포공항,SAT,DOWN,0,A2183,,17:44:00,서울역,인천공항2터미널
30289,공항철도,,김포공항,END,DOWN,0,A2183,,17:44:00,서울역,인천공항2터미널
30290,공항철도,,계양,SAT,DOWN,0,A2183,,17:51:00,서울역,인천공항2터미널
30291,공항철도,,계양,END,DOWN,0,A2183,,17:51:00,서울역,인천공항2터미널
30292,공항철도,,검암,SAT,DOWN,0,A2183,,17:57:00,서울역,인천공항2터미널
30293,공항철도,,검암,END,DOWN,0,A2183,,17:57:00,서울역,인천공항2터미널
30294,공항철도,,청라국제도시,SAT,DOWN,0,A2183,,18:02:00,서울역,인천공항2터미널
30295,공항철도,,청라국제도시,END,DOWN,0,A2183,,18:02:00,서울역,인천공항2터미널
30296,공항철도,,영종,SAT,DOWN,0,A2183,,18:10:00,서울역,인천공항2터미널
30297,공항철도,,영종,END,DOWN,0,A2183,,18:10:00,서울역,인천공항2터미널
30298,공항철도,,운서,SAT,DOWN,0,A2183,,18:14:00,서울역,인천공항2터미널
30299,공항철도,,운서,END,DOWN,0,A2183,,18:14:00,서울역,인천공항2터미널
30300,공항철도,,공항화물청사,SAT,DOWN,0,A2183,,18:19:00,서울역,인천공항2터미널
30301,공항철도,,공항화물청사,END,DOWN,0,A2183,,18:19:00,서울역,인천공항2터미널
30302,공항철도,,인천공항1터미널,SAT,DOWN,0,A2183,,18:23:00,서울역,인천공항2터미널
30303,공항철도,,인천공항1터미널,END,DOWN,0,A2183,,18:23:00,서울역,인천공항2터미널
30304,공항철도,,인천공항2터미널,DAY,DOWN,0,A2184,,17:02:00,인천공항2터미널,서울역
30305,공항철도,,인천공항1터미널,DAY,DOWN,0,A2184,,17:09:00,인천공항2터미널,서울역
30306,공항철도,,공항화물청사,DAY,DOWN,0,A2184,,17:12:00,인천공항2터미널,서울역
30307,공항철도,,운서,DAY,DOWN,0,A2184,,17:17:00,인천공항2터미널,서울역
30308,공항철도,,영종,DAY,DOWN,0,A2184,,17:21:00,인천공항2터미널,서울역
30309,공항철도,,청라국제도시,DAY,DOWN,0,A2184,,17:29:00,인천공항2터미널,서울역
30310,공항철도,,검암,DAY,DOWN,0,A2184,,17:34:00,인천공항2터미널,서울역
30311,공항철도,,계양,DAY,DOWN,0,A2184,,17:40:00,인천공항2터미널,서울역
30312,공항철도,,김포공항,DAY,DOWN,0,A2184,,17:47:00,인천공항2터미널,서울역
30313,공항철도,,마곡나루,DAY,DOWN,0,A2184,,17:50:00,인천공항2터미널,서울역
30314,공항철도,,디지털미디어시티,DAY,DOWN,0,A2184,,17:57:00,인천공항2터미널,서울역
30315,공항철도,,홍대입구,DAY,DOWN,0,A2184,,18:01:00,인천공항2터미널,서울역
30316,공항철도,,공덕,DAY,DOWN,0,A2184,,18:05:00,인천공항2터미널,서울역
30317,공항철도,,인천공항2터미널,SAT,DOWN,0,A2184,,16:27:00,인천공항2터미널,서울역
30318,공항철도,,인천공항2터미널,END,DOWN,0,A2184,,16:27:00,인천공항2터미널,서울역
30319,공항철도,,인천공항1터미널,SAT,DOWN,0,A2184,,16:33:00,인천공항2터미널,서울역
30320,공항철도,,인천공항1터미널,END,DOWN,0,A2184,,16:33:00,인천공항2터미널,서울역
30321,공항철도,,공항화물청사,SAT,DOWN,0,A2184,,16:37:00,인천공항2터미널,서울역
30322,공항철도,,공항화물청사,END,DOWN,0,A2184,,16:37:00,인천공항2터미널,서울역
30323,공항철도,,운서,SAT,DOWN,0,A2184,,16:41:00,인천공항2터미널,서울역
30324,공항철도,,운서,END,DOWN,0,A2184,,16:41:00,인천공항2터미널,서울역
30325,공항철도,,영종,SAT,DOWN,0,A2184,,16:45:00,인천공항2터미널,서울역
30326,공항철도,,영종,END,DOWN,0,A2184,,16:45:00,인천공항2터미널,서울역
30327,공항철도,,청라국제도시,SAT,DOWN,0,A2184,,16:54:00,인천공항2터미널,서울역
30328,공항철도,,청라국제도시,END,DOWN,0,A2184,,16:54:00,인천공항2터미널,서울역
30329,공항철도,,검암,SAT,DOWN,0,A2184,,16:59:00,인천공항2터미널,서울역
30330,공항철도,,검암,END,DOWN,0,A2184,,16:59:00,인천공항2터미널,서울역
30331,공항철도,,계양,SAT,DOWN,0,A2184,,17:05:00,인천공항2터미널,서울역
30332,공항철도,,계양,END,DOWN,0,A2184,,17:05:00,인천공항2터미널,서울역
30333,공항철도,,김포공항,SAT,DOWN,0,A2184,,17:11:00,인천공항2터미널,서울역
30334,공항철도,,김포공항,END,DOWN,0,A2184,,17:11:00,인천공항2터미널,서울역
30335,공항철도,,마곡나루,SAT,DOWN,0,A2184,,17:14:00,인천공항2터미널,서울역
30336,공항철도,,마곡나루,END,DOWN,0,A2184,,17:14:00,인천공항2터미널,서울역
30337,공항철도,,디지털미디어시티,SAT,DOWN,0,A2184,,17:23:00,인천공항2터미널,서울역
30338,공항철도,,디지털미디어시티,END,DOWN,0,A2184,,17:23:00,인천공항2터미널,서울역
30339,공항철도,,홍대입구,SAT,DOWN,0,A2184,,17:27:00,인천공항2터미널,서울역
30340,공항철도,,홍대입구,END,DOWN,0,A2184,,17:27:00,인천공항2터미널,서울역
30341,공항철도,,공덕,SAT,DOWN,0,A2184,,17:31:00,인천공항2터미널,서울역
30342,공항철도,,공덕,END,DOWN,0,A2184,,17:31:00,인천공항2터미널,서울역
30343,공항철도,,서울역,DAY,DOWN,0,A2185,,18:36:00,서울역,인천공항2터미널
30344,공항철도,,공덕,DAY,DOWN,0,A2185,,18:41:00,서울역,인천공항2터미널
30345,공항철도,,홍대입구,DAY,DOWN,0,A2185,,18:44:00,서울역,인천공항2터미널
30346,공항철도,,디지털미디어시티,DAY,DOWN,0,A2185,,18:48:00,서울역,인천공항2터미널
30347,공항철도,,마곡나루,DAY,DOWN,0,A2185,,18:56:00,서울역,인천공항2터미널
30348,공항철도,,김포공항,DAY,DOWN,0,A2185,,18:59:00,서울역,인천공항2터미널
30349,공항철도,,계양,DAY,DOWN,0,A2185,,19:05:00,서울역,인천공항2터미널
30350,공항철도,,검암,DAY,DOWN,0,A2185,,19:11:00,서울역,인천공항2터미널
30351,공항철도,,청라국제도시,DAY,DOWN,0,A2185,,19:16:00,서울역,인천공항2터미널
30352,공항철도,,영종,DAY,DOWN,0,A2185,,19:25:00,서울역,인천공항2터미널
30353,공항철도,,운서,DAY,DOWN,0,A2185,,19:29:00,서울역,인천공항2터미널
30354,공항철도,,공항화물청사,DAY,DOWN,0,A2185,,19:33:00,서울역,인천공항2터미널
30355,공항철도,,인천공항1터미널,DAY,DOWN,0,A2185,,19:37:00,서울역,인천공항2터미널
30356,공항철도,,서울역,SAT,DOWN,0,A2185,,17:28:00,서울역,인천공항2터미널
30357,공항철도,,서울역,END,DOWN,0,A2185,,17:28:00,서울역,인천공항2터미널
30358,공항철도,,공덕,SAT,DOWN,0,A2185,,17:33:00,서울역,인천공항2터미널
30359,공항철도,,공덕,END,DOWN,0,A2185,,17:33:00,서울역,인천공항2터미널
30360,공항철도,,홍대입구,SAT,DOWN,0,A2185,,17:36:00,서울역,인천공항2터미널
30361,공항철도,,홍대입구,END,DOWN,0,A2185,,17:36:00,서울역,인천공항2터미널
30362,공항철도,,디지털미디어시티,SAT,DOWN,0,A2185,,17:40:00,서울역,인천공항2터미널
30363,공항철도,,디지털미디어시티,END,DOWN,0,A2185,,17:40:00,서울역,인천공항2터미널
30364,공항철도,,마곡나루,SAT,DOWN,0,A2185,,17:48:00,서울역,인천공항2터미널
30365,공항철도,,마곡나루,END,DOWN,0,A2185,,17:48:00,서울역,인천공항2터미널
30366,공항철도,,김포공항,SAT,DOWN,0,A2185,,17:51:00,서울역,인천공항2터미널
30367,공항철도,,김포공항,END,DOWN,0,A2185,,17:51:00,서울역,인천공항2터미널
30368,공항철도,,계양,SAT,DOWN,0,A2185,,17:57:00,서울역,인천공항2터미널
30369,공항철도,,계양,END,DOWN,0,A2185,,17:57:00,서울역,인천공항2터미널
30370,공항철도,,검암,SAT,DOWN,0,A2185,,18:03:00,서울역,인천공항2터미널
30371,공항철도,,검암,END,DOWN,0,A2185,,18:03:00,서울역,인천공항2터미널
30372,공항철도,,청라국제도시,SAT,DOWN,0,A2185,,18:08:00,서울역,인천공항2터미널
30373,공항철도,,청라국제도시,END,DOWN,0,A2185,,18:08:00,서울역,인천공항2터미널
30374,공항철도,,영종,SAT,DOWN,0,A2185,,18:17:00,서울역,인천공항2터미널
30375,공항철도,,영종,END,DOWN,0,A2185,,18:17:00,서울역,인천공항2터미널
30376,공항철도,,운서,SAT,DOWN,0,A2185,,18:21:00,서울역,인천공항2터미널
30377,공항철도,,운서,END,DOWN,0,A2185,,18:21:00,서울역,인천공항2터미널
30378,공항철도,,공항화물청사,SAT,DOWN,0,A2185,,18:25:00,서울역,인천공항2터미널
30379,공항철도,,공항화물청사,END,DOWN,0,A2185,,18:25:00,서울역,인천공항2터미널
30380,공항철도,,인천공항1터미널,SAT,DOWN,0,A2185,,18:29:00,서울역,인천공항2터미널
30381,공항철도,,인천공항1터미널,END,DOWN,0,A2185,,18:29:00,서울역,인천공항2터미널
30382,공항철도,,인천공항2터미널,DAY,DOWN,0,A2186,,17:13:00,인천공항2터미널,서울역
30383,공항철도,,인천공항1터미널,DAY,DOWN,0,A2186,,17:19:00,인천공항2터미널,서울역
30384,공항철도,,공항화물청사,DAY,DOWN,0,A2186,,17:23:00,인천공항2터미널,서울역
30385,공항철도,,운서,DAY,DOWN,0,A2186,,17:27:00,인천공항2터미널,서울역
30386,공항철도,,영종,DAY,DOWN,0,A2186,,17:31:00,인천공항2터미널,서울역
30387,공항철도,,청라국제도시,DAY,DOWN,0,A2186,,17:40:00,인천공항2터미널,서울역
30388,공항철도,,검암,DAY,DOWN,0,A2186,,17:46:00,인천공항2터미널,서울역
30389,공항철도,,계양,DAY,DOWN,0,A2186,,17:52:00,인천공항2터미널,서울역
30390,공항철도,,김포공항,DAY,DOWN,0,A2186,,17:59:00,인천공항2터미널,서울역
30391,공항철도,,마곡나루,DAY,DOWN,0,A2186,,18:02:00,인천공항2터미널,서울역
30392,공항철도,,디지털미디어시티,DAY,DOWN,0,A2186,,18:09:00,인천공항2터미널,서울역
30393,공항철도,,홍대입구,DAY,DOWN,0,A2186,,18:13:00,인천공항2터미널,서울역
30394,공항철도,,공덕,DAY,DOWN,0,A2186,,18:17:00,인천공항2터미널,서울역
30395,공항철도,,인천공항2터미널,SAT,DOWN,0,A2186,,16:33:00,인천공항2터미널,서울역
30396,공항철도,,인천공항2터미널,END,DOWN,0,A2186,,16:33:00,인천공항2터미널,서울역
30397,공항철도,,인천공항1터미널,SAT,DOWN,0,A2186,,16:40:00,인천공항2터미널,서울역
30398,공항철도,,인천공항1터미널,END,DOWN,0,A2186,,16:40:00,인천공항2터미널,서울역
30399,공항철도,,공항화물청사,SAT,DOWN,0,A2186,,16:43:00,인천공항2터미널,서울역
30400,공항철도,,공항화물청사,END,DOWN,0,A2186,,16:43:00,인천공항2터미널,서울역
30401,공항철도,,운서,SAT,DOWN,0,A2186,,16:48:00,인천공항2터미널,서울역
30402,공항철도,,운서,END,DOWN,0,A2186,,16:48:00,인천공항2터미널,서울역
30403,공항철도,,영종,SAT,DOWN,0,A2186,,16:52:00,인천공항2터미널,서울역
30404,공항철도,,영종,END,DOWN,0,A2186,,16:52:00,인천공항2터미널,서울역
30405,공항철도,,청라국제도시,SAT,DOWN,0,A2186,,17:00:00,인천공항2터미널,서울역
30406,공항철도,,청라국제도시,END,DOWN,0,A2186,,17:00:00,인천공항2터미널,서울역
30407,공항철도,,검암,SAT,DOWN,0,A2186,,17:07:00,인천공항2터미널,서울역
30408,공항철도,,검암,END,DOWN,0,A2186,,17:07:00,인천공항2터미널,서울역
30409,공항철도,,계양,SAT,DOWN,0,A2186,,17:13:00,인천공항2터미널,서울역
30410,공항철도,,계양,END,DOWN,0,A2186,,17:13:00,인천공항2터미널,서울역
30411,공항철도,,김포공항,SAT,DOWN,0,A2186,,17:19:00,인천공항2터미널,서울역
30412,공항철도,,김포공항,END,DOWN,0,A2186,,17:19:00,인천공항2터미널,서울역
30413,공항철도,,마곡나루,SAT,DOWN,0,A2186,,17:22:00,인천공항2터미널,서울역
30414,공항철도,,마곡나루,END,DOWN,0,A2186,,17:22:00,인천공항2터미널,서울역
30415,공항철도,,디지털미디어시티,SAT,DOWN,0,A2186,,17:30:00,인천공항2터미널,서울역
30416,공항철도,,디지털미디어시티,END,DOWN,0,A2186,,17:30:00,인천공항2터미널,서울역
30417,공항철도,,홍대입구,SAT,DOWN,0,A2186,,17:34:00,인천공항2터미널,서울역
30418,공항철도,,홍대입구,END,DOWN,0,A2186,,17:34:00,인천공항2터미널,서울역
30419,공항철도,,공덕,SAT,DOWN,0,A2186,,17:37:00,인천공항2터미널,서울역
30420,공항철도,,공덕,END,DOWN,0,A2186,,17:37:00,인천공항2터미널,서울역
30421,공항철도,,서울역,DAY,DOWN,0,A2187,,18:44:00,서울역,인천공항2터미널
30422,공항철도,,공덕,DAY,DOWN,0,A2187,,18:48:00,서울역,인천공항2터미널
30423,공항철도,,홍대입구,DAY,DOWN,0,A2187,,18:52:00,서울역,인천공항2터미널
30424,공항철도,,디지털미디어시티,DAY,DOWN,0,A2187,,18:56:00,서울역,인천공항2터미널
30425,공항철도,,마곡나루,DAY,DOWN,0,A2187,,19:03:00,서울역,인천공항2터미널
30426,공항철도,,김포공항,DAY,DOWN,0,A2187,,19:06:00,서울역,인천공항2터미널
30427,공항철도,,계양,DAY,DOWN,0,A2187,,19:13:00,서울역,인천공항2터미널
30428,공항철도,,검암,DAY,DOWN,0,A2187,,19:20:00,서울역,인천공항2터미널
30429,공항철도,,청라국제도시,DAY,DOWN,0,A2187,,19:25:00,서울역,인천공항2터미널
30430,공항철도,,영종,DAY,DOWN,0,A2187,,19:34:00,서울역,인천공항2터미널
30431,공항철도,,운서,DAY,DOWN,0,A2187,,19:38:00,서울역,인천공항2터미널
30432,공항철도,,공항화물청사,DAY,DOWN,0,A2187,,19:42:00,서울역,인천공항2터미널
30433,공항철도,,인천공항1터미널,DAY,DOWN,0,A2187,,19:46:00,서울역,인천공항2터미널
30434,공항철도,,서울역,SAT,DOWN,0,A2187,,17:34:00,서울역,인천공항2터미널
30435,공항철도,,서울역,END,DOWN,0,A2187,,17:34:00,서울역,인천공항2터미널
30436,공항철도,,공덕,SAT,DOWN,0,A2187,,17:38:00,서울역,인천공항2터미널
30437,공항철도,,공덕,END,DOWN,0,A2187,,17:38:00,서울역,인천공항2터미널
30438,공항철도,,홍대입구,SAT,DOWN,0,A2187,,17:42:00,서울역,인천공항2터미널
30439,공항철도,,홍대입구,END,DOWN,0,A2187,,17:42:00,서울역,인천공항2터미널
30440,공항철도,,디지털미디어시티,SAT,DOWN,0,A2187,,17:46:00,서울역,인천공항2터미널
30441,공항철도,,디지털미디어시티,END,DOWN,0,A2187,,17:46:00,서울역,인천공항2터미널
30442,공항철도,,마곡나루,SAT,DOWN,0,A2187,,17:53:00,서울역,인천공항2터미널
30443,공항철도,,마곡나루,END,DOWN,0,A2187,,17:53:00,서울역,인천공항2터미널
30444,공항철도,,김포공항,SAT,DOWN,0,A2187,,17:56:00,서울역,인천공항2터미널
30445,공항철도,,김포공항,END,DOWN,0,A2187,,17:56:00,서울역,인천공항2터미널
30446,공항철도,,계양,SAT,DOWN,0,A2187,,18:03:00,서울역,인천공항2터미널
30447,공항철도,,계양,END,DOWN,0,A2187,,18:03:00,서울역,인천공항2터미널
30448,공항철도,,검암,SAT,DOWN,0,A2187,,18:09:00,서울역,인천공항2터미널
30449,공항철도,,검암,END,DOWN,0,A2187,,18:09:00,서울역,인천공항2터미널
30450,공항철도,,청라국제도시,SAT,DOWN,0,A2187,,18:14:00,서울역,인천공항2터미널
30451,공항철도,,청라국제도시,END,DOWN,0,A2187,,18:14:00,서울역,인천공항2터미널
30452,공항철도,,영종,SAT,DOWN,0,A2187,,18:22:00,서울역,인천공항2터미널
30453,공항철도,,영종,END,DOWN,0,A2187,,18:22:00,서울역,인천공항2터미널
30454,공항철도,,운서,SAT,DOWN,0,A2187,,18:26:00,서울역,인천공항2터미널
30455,공항철도,,운서,END,DOWN,0,A2187,,18:26:00,서울역,인천공항2터미널
30456,공항철도,,공항화물청사,SAT,DOWN,0,A2187,,18:31:00,서울역,인천공항2터미널
30457,공항철도,,공항화물청사,END,DOWN,0,A2187,,18:31:00,서울역,인천공항2터미널
30458,공항철도,,인천공항1터미널,SAT,DOWN,0,A2187,,18:35:00,서울역,인천공항2터미널
30459,공항철도,,인천공항1터미널,END,DOWN,0,A2187,,18:35:00,서울역,인천공항2터미널
30460,공항철도,,인천공항2터미널,DAY,DOWN,0,A2188,,17:17:00,인천공항2터미널,서울역
30461,공항철도,,인천공항1터미널,DAY,DOWN,0,A2188,,17:23:00,인천공항2터미널,서울역
30462,공항철도,,공항화물청사,DAY,DOWN,0,A2188,,17:27:00,인천공항2터미널,서울역
30463,공항철도,,운서,DAY,DOWN,0,A2188,,17:31:00,인천공항2터미널,서울역
30464,공항철도,,영종,DAY,DOWN,0,A2188,,17:37:00,인천공항2터미널,서울역
30465,공항철도,,청라국제도시,DAY,DOWN,0,A2188,,17:45:00,인천공항2터미널,서울역
30466,공항철도,,검암,DAY,DOWN,0,A2188,,17:50:00,인천공항2터미널,서울역
30467,공항철도,,계양,DAY,DOWN,0,A2188,,17:56:00,인천공항2터미널,서울역
30468,공항철도,,김포공항,DAY,DOWN,0,A2188,,18:03:00,인천공항2터미널,서울역
30469,공항철도,,마곡나루,DAY,DOWN,0,A2188,,18:06:00,인천공항2터미널,서울역
30470,공항철도,,디지털미디어시티,DAY,DOWN,0,A2188,,18:13:00,인천공항2터미널,서울역
30471,공항철도,,홍대입구,DAY,DOWN,0,A2188,,18:17:00,인천공항2터미널,서울역
30472,공항철도,,공덕,DAY,DOWN,0,A2188,,18:21:00,인천공항2터미널,서울역
30473,공항철도,,인천공항2터미널,SAT,DOWN,0,A2188,,16:43:00,인천공항2터미널,서울역
30474,공항철도,,인천공항2터미널,END,DOWN,0,A2188,,16:43:00,인천공항2터미널,서울역
30475,공항철도,,인천공항1터미널,SAT,DOWN,0,A2188,,16:50:00,인천공항2터미널,서울역
30476,공항철도,,인천공항1터미널,END,DOWN,0,A2188,,16:50:00,인천공항2터미널,서울역
30477,공항철도,,공항화물청사,SAT,DOWN,0,A2188,,16:53:00,인천공항2터미널,서울역
30478,공항철도,,공항화물청사,END,DOWN,0,A2188,,16:53:00,인천공항2터미널,서울역
30479,공항철도,,운서,SAT,DOWN,0,A2188,,16:58:00,인천공항2터미널,서울역
30480,공항철도,,운서,END,DOWN,0,A2188,,16:58:00,인천공항2터미널,서울역
30481,공항철도,,영종,SAT,DOWN,0,A2188,,17:02:00,인천공항2터미널,서울역
30482,공항철도,,영종,END,DOWN,0,A2188,,17:02:00,인천공항2터미널,서울역
30483,공항철도,,청라국제도시,SAT,DOWN,0,A2188,,17:10:00,인천공항2터미널,서울역
30484,공항철도,,청라국제도시,END,DOWN,0,A2188,,17:10:00,인천공항2터미널,서울역
30485,공항철도,,검암,SAT,DOWN,0,A2188,,17:15:00,인천공항2터미널,서울역
30486,공항철도,,검암,END,DOWN,0,A2188,,17:15:00,인천공항2터미널,서울역
30487,공항철도,,계양,SAT,DOWN,0,A2188,,17:21:00,인천공항2터미널,서울역
30488,공항철도,,계양,END,DOWN,0,A2188,,17:21:00,인천공항2터미널,서울역
30489,공항철도,,김포공항,SAT,DOWN,0,A2188,,17:28:00,인천공항2터미널,서울역
30490,공항철도,,김포공항,END,DOWN,0,A2188,,17:28:00,인천공항2터미널,서울역
30491,공항철도,,마곡나루,SAT,DOWN,0,A2188,,17:31:00,인천공항2터미널,서울역
30492,공항철도,,마곡나루,END,DOWN,0,A2188,,17:31:00,인천공항2터미널,서울역
30493,공항철도,,디지털미디어시티,SAT,DOWN,0,A2188,,17:38:00,인천공항2터미널,서울역
30494,공항철도,,디지털미디어시티,END,DOWN,0,A2188,,17:38:00,인천공항2터미널,서울역
30495,공항철도,,홍대입구,SAT,DOWN,0,A2188,,17:42:00,인천공항2터미널,서울역
30496,공항철도,,홍대입구,END,DOWN,0,A2188,,17:42:00,인천공항2터미널,서울역
30497,공항철도,,공덕,SAT,DOWN,0,A2188,,17:46:00,인천공항2터미널,서울역
30498,공항철도,,공덕,END,DOWN,0,A2188,,17:46:00,인천공항2터미널,서울역
30499,공항철도,,서울역,DAY,DOWN,0,A2189,,18:51:00,서울역,인천공항2터미널
30500,공항철도,,공덕,DAY,DOWN,0,A2189,,18:55:00,서울역,인천공항2터미널
30501,공항철도,,홍대입구,DAY,DOWN,0,A2189,,18:59:00,서울역,인천공항2터미널
30502,공항철도,,디지털미디어시티,DAY,DOWN,0,A2189,,19:04:00,서울역,인천공항2터미널
30503,공항철도,,마곡나루,DAY,DOWN,0,A2189,,19:12:00,서울역,인천공항2터미널
30504,공항철도,,김포공항,DAY,DOWN,0,A2189,,19:15:00,서울역,인천공항2터미널
30505,공항철도,,계양,DAY,DOWN,0,A2189,,19:21:00,서울역,인천공항2터미널
30506,공항철도,,검암,DAY,DOWN,0,A2189,,19:27:00,서울역,인천공항2터미널
30507,공항철도,,청라국제도시,DAY,DOWN,0,A2189,,19:32:00,서울역,인천공항2터미널
30508,공항철도,,영종,DAY,DOWN,0,A2189,,19:41:00,서울역,인천공항2터미널
30509,공항철도,,운서,DAY,DOWN,0,A2189,,19:45:00,서울역,인천공항2터미널
30510,공항철도,,공항화물청사,DAY,DOWN,0,A2189,,19:49:00,서울역,인천공항2터미널
30511,공항철도,,인천공항1터미널,DAY,DOWN,0,A2189,,19:53:00,서울역,인천공항2터미널
30512,공항철도,,서울역,SAT,DOWN,0,A2189,,17:40:00,서울역,인천공항2터미널
30513,공항철도,,서울역,END,DOWN,0,A2189,,17:40:00,서울역,인천공항2터미널
30514,공항철도,,공덕,SAT,DOWN,0,A2189,,17:44:00,서울역,인천공항2터미널
30515,공항철도,,공덕,END,DOWN,0,A2189,,17:44:00,서울역,인천공항2터미널
30516,공항철도,,홍대입구,SAT,DOWN,0,A2189,,17:48:00,서울역,인천공항2터미널
30517,공항철도,,홍대입구,END,DOWN,0,A2189,,17:48:00,서울역,인천공항2터미널
30518,공항철도,,디지털미디어시티,SAT,DOWN,0,A2189,,17:52:00,서울역,인천공항2터미널
30519,공항철도,,디지털미디어시티,END,DOWN,0,A2189,,17:52:00,서울역,인천공항2터미널
30520,공항철도,,마곡나루,SAT,DOWN,0,A2189,,17:59:00,서울역,인천공항2터미널
30521,공항철도,,마곡나루,END,DOWN,0,A2189,,17:59:00,서울역,인천공항2터미널
30522,공항철도,,김포공항,SAT,DOWN,0,A2189,,18:02:00,서울역,인천공항2터미널
30523,공항철도,,김포공항,END,DOWN,0,A2189,,18:02:00,서울역,인천공항2터미널
30524,공항철도,,계양,SAT,DOWN,0,A2189,,18:09:00,서울역,인천공항2터미널
30525,공항철도,,계양,END,DOWN,0,A2189,,18:09:00,서울역,인천공항2터미널
30526,공항철도,,검암,SAT,DOWN,0,A2189,,18:15:00,서울역,인천공항2터미널
30527,공항철도,,검암,END,DOWN,0,A2189,,18:15:00,서울역,인천공항2터미널
30528,공항철도,,청라국제도시,SAT,DOWN,0,A2189,,18:20:00,서울역,인천공항2터미널
30529,공항철도,,청라국제도시,END,DOWN,0,A2189,,18:20:00,서울역,인천공항2터미널
30530,공항철도,,영종,SAT,DOWN,0,A2189,,18:28:00,서울역,인천공항2터미널
30531,공항철도,,영종,END,DOWN,0,A2189,,18:28:00,서울역,인천공항2터미널
30532,공항철도,,운서,SAT,DOWN,0,A2189,,18:32:00,서울역,인천공항2터미널
30533,공항철도,,운서,END,DOWN,0,A2189,,18:32:00,서울역,인천공항2터미널
30534,공항철도,,공항화물청사,SAT,DOWN,0,A2189,,18:37:00,서울역,인천공항2터미널
30535,공항철도,,공항화물청사,END,DOWN,0,A2189,,18:37:00,서울역,인천공항2터미널
30536,공항철도,,인천공항1터미널,SAT,DOWN,0,A2189,,18:41:00,서울역,인천공항2터미널
30537,공항철도,,인천공항1터미널,END,DOWN,0,A2189,,18:41:00,서울역,인천공항2터미널
30538,공항철도,,인천공항2터미널,DAY,DOWN,0,A2190,,17:23:00,인천공항2터미널,서울역
30539,공항철도,,인천공항1터미널,DAY,DOWN,0,A2190,,17:30:00,인천공항2터미널,서울역
30540,공항철도,,공항화물청사,DAY,DOWN,0,A2190,,17:33:00,인천공항2터미널,서울역
30541,공항철도,,운서,DAY,DOWN,0,A2190,,17:38:00,인천공항2터미널,서울역
30542,공항철도,,영종,DAY,DOWN,0,A2190,,17:42:00,인천공항2터미널,서울역
30543,공항철도,,청라국제도시,DAY,DOWN,0,A2190,,17:50:00,인천공항2터미널,서울역
30544,공항철도,,검암,DAY,DOWN,0,A2190,,17:55:00,인천공항2터미널,서울역
30545,공항철도,,계양,DAY,DOWN,0,A2190,,18:01:00,인천공항2터미널,서울역
30546,공항철도,,김포공항,DAY,DOWN,0,A2190,,18:08:00,인천공항2터미널,서울역
30547,공항철도,,마곡나루,DAY,DOWN,0,A2190,,18:11:00,인천공항2터미널,서울역
30548,공항철도,,디지털미디어시티,DAY,DOWN,0,A2190,,18:18:00,인천공항2터미널,서울역
30549,공항철도,,홍대입구,DAY,DOWN,0,A2190,,18:22:00,인천공항2터미널,서울역
30550,공항철도,,공덕,DAY,DOWN,0,A2190,,18:26:00,인천공항2터미널,서울역
30551,공항철도,,인천공항2터미널,SAT,DOWN,0,A2190,,16:50:00,인천공항2터미널,서울역
30552,공항철도,,인천공항2터미널,END,DOWN,0,A2190,,16:50:00,인천공항2터미널,서울역
30553,공항철도,,인천공항1터미널,SAT,DOWN,0,A2190,,16:57:00,인천공항2터미널,서울역
30554,공항철도,,인천공항1터미널,END,DOWN,0,A2190,,16:57:00,인천공항2터미널,서울역
30555,공항철도,,공항화물청사,SAT,DOWN,0,A2190,,17:00:00,인천공항2터미널,서울역
30556,공항철도,,공항화물청사,END,DOWN,0,A2190,,17:00:00,인천공항2터미널,서울역
30557,공항철도,,운서,SAT,DOWN,0,A2190,,17:05:00,인천공항2터미널,서울역
30558,공항철도,,운서,END,DOWN,0,A2190,,17:05:00,인천공항2터미널,서울역
30559,공항철도,,영종,SAT,DOWN,0,A2190,,17:09:00,인천공항2터미널,서울역
30560,공항철도,,영종,END,DOWN,0,A2190,,17:09:00,인천공항2터미널,서울역
30561,공항철도,,청라국제도시,SAT,DOWN,0,A2190,,17:17:00,인천공항2터미널,서울역
30562,공항철도,,청라국제도시,END,DOWN,0,A2190,,17:17:00,인천공항2터미널,서울역
30563,공항철도,,검암,SAT,DOWN,0,A2190,,17:22:00,인천공항2터미널,서울역
30564,공항철도,,검암,END,DOWN,0,A2190,,17:22:00,인천공항2터미널,서울역
30565,공항철도,,계양,SAT,DOWN,0,A2190,,17:28:00,인천공항2터미널,서울역
30566,공항철도,,계양,END,DOWN,0,A2190,,17:28:00,인천공항2터미널,서울역
30567,공항철도,,김포공항,SAT,DOWN,0,A2190,,17:35:00,인천공항2터미널,서울역
30568,공항철도,,김포공항,END,DOWN,0,A2190,,17:35:00,인천공항2터미널,서울역
30569,공항철도,,마곡나루,SAT,DOWN,0,A2190,,17:38:00,인천공항2터미널,서울역
30570,공항철도,,마곡나루,END,DOWN,0,A2190,,17:38:00,인천공항2터미널,서울역
30571,공항철도,,디지털미디어시티,SAT,DOWN,0,A2190,,17:45:00,인천공항2터미널,서울역
30572,공항철도,,디지털미디어시티,END,DOWN,0,A2190,,17:45:00,인천공항2터미널,서울역
30573,공항철도,,홍대입구,SAT,DOWN,0,A2190,,17:49:00,인천공항2터미널,서울역
30574,공항철도,,홍대입구,END,DOWN,0,A2190,,17:49:00,인천공항2터미널,서울역
30575,공항철도,,공덕,SAT,DOWN,0,A2190,,17:53:00,인천공항2터미널,서울역
30576,공항철도,,공덕,END,DOWN,0,A2190,,17:53:00,인천공항2터미널,서울역
30577,공항철도,,서울역,DAY,DOWN,0,A2191,,19:01:00,서울역,인천공항2터미널
30578,공항철도,,공덕,DAY,DOWN,0,A2191,,19:06:00,서울역,인천공항2터미널
30579,공항철도,,홍대입구,DAY,DOWN,0,A2191,,19:09:00,서울역,인천공항2터미널
30580,공항철도,,디지털미디어시티,DAY,DOWN,0,A2191,,19:13:00,서울역,인천공항2터미널
30581,공항철도,,마곡나루,DAY,DOWN,0,A2191,,19:21:00,서울역,인천공항2터미널
30582,공항철도,,김포공항,DAY,DOWN,0,A2191,,19:24:00,서울역,인천공항2터미널
30583,공항철도,,계양,DAY,DOWN,0,A2191,,19:30:00,서울역,인천공항2터미널
30584,공항철도,,검암,DAY,DOWN,0,A2191,,19:36:00,서울역,인천공항2터미널
30585,공항철도,,청라국제도시,DAY,DOWN,0,A2191,,19:41:00,서울역,인천공항2터미널
30586,공항철도,,영종,DAY,DOWN,0,A2191,,19:50:00,서울역,인천공항2터미널
30587,공항철도,,운서,DAY,DOWN,0,A2191,,19:54:00,서울역,인천공항2터미널
30588,공항철도,,공항화물청사,DAY,DOWN,0,A2191,,19:58:00,서울역,인천공항2터미널
30589,공항철도,,인천공항1터미널,DAY,DOWN,0,A2191,,20:02:00,서울역,인천공항2터미널
30590,공항철도,,서울역,SAT,DOWN,0,A2191,,17:46:00,서울역,인천공항2터미널
30591,공항철도,,서울역,END,DOWN,0,A2191,,17:46:00,서울역,인천공항2터미널
30592,공항철도,,공덕,SAT,DOWN,0,A2191,,17:50:00,서울역,인천공항2터미널
30593,공항철도,,공덕,END,DOWN,0,A2191,,17:50:00,서울역,인천공항2터미널
30594,공항철도,,홍대입구,SAT,DOWN,0,A2191,,17:54:00,서울역,인천공항2터미널
30595,공항철도,,홍대입구,END,DOWN,0,A2191,,17:54:00,서울역,인천공항2터미널
30596,공항철도,,디지털미디어시티,SAT,DOWN,0,A2191,,17:58:00,서울역,인천공항2터미널
30597,공항철도,,디지털미디어시티,END,DOWN,0,A2191,,17:58:00,서울역,인천공항2터미널
30598,공항철도,,마곡나루,SAT,DOWN,0,A2191,,18:05:00,서울역,인천공항2터미널
30599,공항철도,,마곡나루,END,DOWN,0,A2191,,18:05:00,서울역,인천공항2터미널
30600,공항철도,,김포공항,SAT,DOWN,0,A2191,,18:08:00,서울역,인천공항2터미널
30601,공항철도,,김포공항,END,DOWN,0,A2191,,18:08:00,서울역,인천공항2터미널
30602,공항철도,,계양,SAT,DOWN,0,A2191,,18:15:00,서울역,인천공항2터미널
30603,공항철도,,계양,END,DOWN,0,A2191,,18:15:00,서울역,인천공항2터미널
30604,공항철도,,검암,SAT,DOWN,0,A2191,,18:21:00,서울역,인천공항2터미널
30605,공항철도,,검암,END,DOWN,0,A2191,,18:21:00,서울역,인천공항2터미널
30606,공항철도,,청라국제도시,SAT,DOWN,0,A2191,,18:26:00,서울역,인천공항2터미널
30607,공항철도,,청라국제도시,END,DOWN,0,A2191,,18:26:00,서울역,인천공항2터미널
30608,공항철도,,영종,SAT,DOWN,0,A2191,,18:36:00,서울역,인천공항2터미널
30609,공항철도,,영종,END,DOWN,0,A2191,,18:36:00,서울역,인천공항2터미널
30610,공항철도,,운서,SAT,DOWN,0,A2191,,18:40:00,서울역,인천공항2터미널
30611,공항철도,,운서,END,DOWN,0,A2191,,18:40:00,서울역,인천공항2터미널
30612,공항철도,,공항화물청사,SAT,DOWN,0,A2191,,18:44:00,서울역,인천공항2터미널
30613,공항철도,,공항화물청사,END,DOWN,0,A2191,,18:44:00,서울역,인천공항2터미널
30614,공항철도,,인천공항1터미널,SAT,DOWN,0,A2191,,18:48:00,서울역,인천공항2터미널
30615,공항철도,,인천공항1터미널,END,DOWN,0,A2191,,18:48:00,서울역,인천공항2터미널
30616,공항철도,,인천공항2터미널,DAY,DOWN,0,A2192,,17:31:00,인천공항2터미널,서울역
30617,공항철도,,인천공항1터미널,DAY,DOWN,0,A2192,,17:38:00,인천공항2터미널,서울역
30618,공항철도,,공항화물청사,DAY,DOWN,0,A2192,,17:41:00,인천공항2터미널,서울역
30619,공항철도,,운서,DAY,DOWN,0,A2192,,17:46:00,인천공항2터미널,서울역
30620,공항철도,,영종,DAY,DOWN,0,A2192,,17:50:00,인천공항2터미널,서울역
30621,공항철도,,청라국제도시,DAY,DOWN,0,A2192,,17:58:00,인천공항2터미널,서울역
30622,공항철도,,검암,DAY,DOWN,0,A2192,,18:03:00,인천공항2터미널,서울역
30623,공항철도,,계양,DAY,DOWN,0,A2192,,18:09:00,인천공항2터미널,서울역
30624,공항철도,,김포공항,DAY,DOWN,0,A2192,,18:16:00,인천공항2터미널,서울역
30625,공항철도,,마곡나루,DAY,DOWN,0,A2192,,18:19:00,인천공항2터미널,서울역
30626,공항철도,,디지털미디어시티,DAY,DOWN,0,A2192,,18:26:00,인천공항2터미널,서울역
30627,공항철도,,홍대입구,DAY,DOWN,0,A2192,,18:30:00,인천공항2터미널,서울역
30628,공항철도,,공덕,DAY,DOWN,0,A2192,,18:34:00,인천공항2터미널,서울역
30629,공항철도,,인천공항2터미널,SAT,DOWN,0,A2192,,16:57:00,인천공항2터미널,서울역
30630,공항철도,,인천공항2터미널,END,DOWN,0,A2192,,16:57:00,인천공항2터미널,서울역
30631,공항철도,,인천공항1터미널,SAT,DOWN,0,A2192,,17:04:00,인천공항2터미널,서울역
30632,공항철도,,인천공항1터미널,END,DOWN,0,A2192,,17:04:00,인천공항2터미널,서울역
30633,공항철도,,공항화물청사,SAT,DOWN,0,A2192,,17:07:00,인천공항2터미널,서울역
30634,공항철도,,공항화물청사,END,DOWN,0,A2192,,17:07:00,인천공항2터미널,서울역
30635,공항철도,,운서,SAT,DOWN,0,A2192,,17:12:00,인천공항2터미널,서울역
30636,공항철도,,운서,END,DOWN,0,A2192,,17:12:00,인천공항2터미널,서울역
30637,공항철도,,영종,SAT,DOWN,0,A2192,,17:16:00,인천공항2터미널,서울역
30638,공항철도,,영종,END,DOWN,0,A2192,,17:16:00,인천공항2터미널,서울역
30639,공항철도,,청라국제도시,SAT,DOWN,0,A2192,,17:24:00,인천공항2터미널,서울역
30640,공항철도,,청라국제도시,END,DOWN,0,A2192,,17:24:00,인천공항2터미널,서울역
30641,공항철도,,검암,SAT,DOWN,0,A2192,,17:29:00,인천공항2터미널,서울역
30642,공항철도,,검암,END,DOWN,0,A2192,,17:29:00,인천공항2터미널,서울역
30643,공항철도,,계양,SAT,DOWN,0,A2192,,17:35:00,인천공항2터미널,서울역
30644,공항철도,,계양,END,DOWN,0,A2192,,17:35:00,인천공항2터미널,서울역
30645,공항철도,,김포공항,SAT,DOWN,0,A2192,,17:42:00,인천공항2터미널,서울역
30646,공항철도,,김포공항,END,DOWN,0,A2192,,17:42:00,인천공항2터미널,서울역
30647,공항철도,,마곡나루,SAT,DOWN,0,A2192,,17:45:00,인천공항2터미널,서울역
30648,공항철도,,마곡나루,END,DOWN,0,A2192,,17:45:00,인천공항2터미널,서울역
30649,공항철도,,디지털미디어시티,SAT,DOWN,0,A2192,,17:52:00,인천공항2터미널,서울역
30650,공항철도,,디지털미디어시티,END,DOWN,0,A2192,,17:52:00,인천공항2터미널,서울역
30651,공항철도,,홍대입구,SAT,DOWN,0,A2192,,17:56:00,인천공항2터미널,서울역
30652,공항철도,,홍대입구,END,DOWN,0,A2192,,17:56:00,인천공항2터미널,서울역
30653,공항철도,,공덕,SAT,DOWN,0,A2192,,18:00:00,인천공항2터미널,서울역
30654,공항철도,,공덕,END,DOWN,0,A2192,,18:00:00,인천공항2터미널,서울역
30655,공항철도,,서울역,DAY,DOWN,0,A2193,,19:06:00,서울역,인천공항2터미널
30656,공항철도,,공덕,DAY,DOWN,0,A2193,,19:10:00,서울역,인천공항2터미널
30657,공항철도,,홍대입구,DAY,DOWN,0,A2193,,19:14:00,서울역,인천공항2터미널
30658,공항철도,,디지털미디어시티,DAY,DOWN,0,A2193,,19:18:00,서울역,인천공항2터미널
30659,공항철도,,마곡나루,DAY,DOWN,0,A2193,,19:25:00,서울역,인천공항2터미널
30660,공항철도,,김포공항,DAY,DOWN,0,A2193,,19:28:00,서울역,인천공항2터미널
30661,공항철도,,계양,DAY,DOWN,0,A2193,,19:35:00,서울역,인천공항2터미널
30662,공항철도,,검암,DAY,DOWN,0,A2193,,19:41:00,서울역,인천공항2터미널
30663,공항철도,,청라국제도시,DAY,DOWN,0,A2193,,19:46:00,서울역,인천공항2터미널
30664,공항철도,,영종,DAY,DOWN,0,A2193,,19:54:00,서울역,인천공항2터미널
30665,공항철도,,운서,DAY,DOWN,0,A2193,,19:58:00,서울역,인천공항2터미널
30666,공항철도,,공항화물청사,DAY,DOWN,0,A2193,,20:03:00,서울역,인천공항2터미널
30667,공항철도,,인천공항1터미널,DAY,DOWN,0,A2193,,20:07:00,서울역,인천공항2터미널
30668,공항철도,,서울역,SAT,DOWN,0,A2193,,17:56:00,서울역,인천공항2터미널
30669,공항철도,,서울역,END,DOWN,0,A2193,,17:56:00,서울역,인천공항2터미널
30670,공항철도,,공덕,SAT,DOWN,0,A2193,,18:00:00,서울역,인천공항2터미널
30671,공항철도,,공덕,END,DOWN,0,A2193,,18:00:00,서울역,인천공항2터미널
30672,공항철도,,홍대입구,SAT,DOWN,0,A2193,,18:04:00,서울역,인천공항2터미널
30673,공항철도,,홍대입구,END,DOWN,0,A2193,,18:04:00,서울역,인천공항2터미널
30674,공항철도,,디지털미디어시티,SAT,DOWN,0,A2193,,18:09:00,서울역,인천공항2터미널
30675,공항철도,,디지털미디어시티,END,DOWN,0,A2193,,18:09:00,서울역,인천공항2터미널
30676,공항철도,,마곡나루,SAT,DOWN,0,A2193,,18:17:00,서울역,인천공항2터미널
30677,공항철도,,마곡나루,END,DOWN,0,A2193,,18:17:00,서울역,인천공항2터미널
30678,공항철도,,김포공항,SAT,DOWN,0,A2193,,18:20:00,서울역,인천공항2터미널
30679,공항철도,,김포공항,END,DOWN,0,A2193,,18:20:00,서울역,인천공항2터미널
30680,공항철도,,계양,SAT,DOWN,0,A2193,,18:26:00,서울역,인천공항2터미널
30681,공항철도,,계양,END,DOWN,0,A2193,,18:26:00,서울역,인천공항2터미널
30682,공항철도,,검암,SAT,DOWN,0,A2193,,18:32:00,서울역,인천공항2터미널
30683,공항철도,,검암,END,DOWN,0,A2193,,18:32:00,서울역,인천공항2터미널
30684,공항철도,,청라국제도시,SAT,DOWN,0,A2193,,18:37:00,서울역,인천공항2터미널
30685,공항철도,,청라국제도시,END,DOWN,0,A2193,,18:37:00,서울역,인천공항2터미널
30686,공항철도,,영종,SAT,DOWN,0,A2193,,18:46:00,서울역,인천공항2터미널
30687,공항철도,,영종,END,DOWN,0,A2193,,18:46:00,서울역,인천공항2터미널
30688,공항철도,,운서,SAT,DOWN,0,A2193,,18:50:00,서울역,인천공항2터미널
30689,공항철도,,운서,END,DOWN,0,A2193,,18:50:00,서울역,인천공항2터미널
30690,공항철도,,공항화물청사,SAT,DOWN,0,A2193,,18:54:00,서울역,인천공항2터미널
30691,공항철도,,공항화물청사,END,DOWN,0,A2193,,18:54:00,서울역,인천공항2터미널
30692,공항철도,,인천공항1터미널,SAT,DOWN,0,A2193,,18:58:00,서울역,인천공항2터미널
30693,공항철도,,인천공항1터미널,END,DOWN,0,A2193,,18:58:00,서울역,인천공항2터미널
30694,공항철도,,인천공항2터미널,DAY,DOWN,0,A2194,,17:42:00,인천공항2터미널,서울역
30695,공항철도,,인천공항1터미널,DAY,DOWN,0,A2194,,17:48:00,인천공항2터미널,서울역
30696,공항철도,,공항화물청사,DAY,DOWN,0,A2194,,17:52:00,인천공항2터미널,서울역
30697,공항철도,,운서,DAY,DOWN,0,A2194,,17:56:00,인천공항2터미널,서울역
30698,공항철도,,영종,DAY,DOWN,0,A2194,,18:00:00,인천공항2터미널,서울역
30699,공항철도,,청라국제도시,DAY,DOWN,0,A2194,,18:09:00,인천공항2터미널,서울역
30700,공항철도,,검암,DAY,DOWN,0,A2194,,18:14:00,인천공항2터미널,서울역
30701,공항철도,,계양,DAY,DOWN,0,A2194,,18:20:00,인천공항2터미널,서울역
30702,공항철도,,김포공항,DAY,DOWN,0,A2194,,18:26:00,인천공항2터미널,서울역
30703,공항철도,,마곡나루,DAY,DOWN,0,A2194,,18:29:00,인천공항2터미널,서울역
30704,공항철도,,디지털미디어시티,DAY,DOWN,0,A2194,,18:37:00,인천공항2터미널,서울역
30705,공항철도,,홍대입구,DAY,DOWN,0,A2194,,18:41:00,인천공항2터미널,서울역
30706,공항철도,,공덕,DAY,DOWN,0,A2194,,18:44:00,인천공항2터미널,서울역
30707,공항철도,,인천공항2터미널,SAT,DOWN,0,A2194,,17:07:00,인천공항2터미널,서울역
30708,공항철도,,인천공항2터미널,END,DOWN,0,A2194,,17:07:00,인천공항2터미널,서울역
30709,공항철도,,인천공항1터미널,SAT,DOWN,0,A2194,,17:13:00,인천공항2터미널,서울역
30710,공항철도,,인천공항1터미널,END,DOWN,0,A2194,,17:13:00,인천공항2터미널,서울역
30711,공항철도,,공항화물청사,SAT,DOWN,0,A2194,,17:17:00,인천공항2터미널,서울역
30712,공항철도,,공항화물청사,END,DOWN,0,A2194,,17:17:00,인천공항2터미널,서울역
30713,공항철도,,운서,SAT,DOWN,0,A2194,,17:21:00,인천공항2터미널,서울역
30714,공항철도,,운서,END,DOWN,0,A2194,,17:21:00,인천공항2터미널,서울역
30715,공항철도,,영종,SAT,DOWN,0,A2194,,17:25:00,인천공항2터미널,서울역
30716,공항철도,,영종,END,DOWN,0,A2194,,17:25:00,인천공항2터미널,서울역
30717,공항철도,,청라국제도시,SAT,DOWN,0,A2194,,17:34:00,인천공항2터미널,서울역
30718,공항철도,,청라국제도시,END,DOWN,0,A2194,,17:34:00,인천공항2터미널,서울역
30719,공항철도,,검암,SAT,DOWN,0,A2194,,17:39:00,인천공항2터미널,서울역
30720,공항철도,,검암,END,DOWN,0,A2194,,17:39:00,인천공항2터미널,서울역
30721,공항철도,,계양,SAT,DOWN,0,A2194,,17:45:00,인천공항2터미널,서울역
30722,공항철도,,계양,END,DOWN,0,A2194,,17:45:00,인천공항2터미널,서울역
30723,공항철도,,김포공항,SAT,DOWN,0,A2194,,17:51:00,인천공항2터미널,서울역
30724,공항철도,,김포공항,END,DOWN,0,A2194,,17:51:00,인천공항2터미널,서울역
30725,공항철도,,마곡나루,SAT,DOWN,0,A2194,,17:54:00,인천공항2터미널,서울역
30726,공항철도,,마곡나루,END,DOWN,0,A2194,,17:54:00,인천공항2터미널,서울역
30727,공항철도,,디지털미디어시티,SAT,DOWN,0,A2194,,18:03:00,인천공항2터미널,서울역
30728,공항철도,,디지털미디어시티,END,DOWN,0,A2194,,18:03:00,인천공항2터미널,서울역
30729,공항철도,,홍대입구,SAT,DOWN,0,A2194,,18:07:00,인천공항2터미널,서울역
30730,공항철도,,홍대입구,END,DOWN,0,A2194,,18:07:00,인천공항2터미널,서울역
30731,공항철도,,공덕,SAT,DOWN,0,A2194,,18:11:00,인천공항2터미널,서울역
30732,공항철도,,공덕,END,DOWN,0,A2194,,18:11:00,인천공항2터미널,서울역
30733,공항철도,,서울역,DAY,DOWN,0,A2195,,19:11:00,서울역,인천공항2터미널
30734,공항철도,,공덕,DAY,DOWN,0,A2195,,19:16:00,서울역,인천공항2터미널
30735,공항철도,,홍대입구,DAY,DOWN,0,A2195,,19:19:00,서울역,인천공항2터미널
30736,공항철도,,디지털미디어시티,DAY,DOWN,0,A2195,,19:23:00,서울역,인천공항2터미널
30737,공항철도,,마곡나루,DAY,DOWN,0,A2195,,19:31:00,서울역,인천공항2터미널
30738,공항철도,,김포공항,DAY,DOWN,0,A2195,,19:34:00,서울역,인천공항2터미널
30739,공항철도,,계양,DAY,DOWN,0,A2195,,19:40:00,서울역,인천공항2터미널
30740,공항철도,,검암,DAY,DOWN,0,A2195,,19:46:00,서울역,인천공항2터미널
30741,공항철도,,청라국제도시,DAY,DOWN,0,A2195,,19:51:00,서울역,인천공항2터미널
30742,공항철도,,영종,DAY,DOWN,0,A2195,,20:00:00,서울역,인천공항2터미널
30743,공항철도,,운서,DAY,DOWN,0,A2195,,20:04:00,서울역,인천공항2터미널
30744,공항철도,,공항화물청사,DAY,DOWN,0,A2195,,20:08:00,서울역,인천공항2터미널
30745,공항철도,,인천공항1터미널,DAY,DOWN,0,A2195,,20:12:00,서울역,인천공항2터미널
30746,공항철도,,서울역,SAT,DOWN,0,A2195,,18:05:00,서울역,인천공항2터미널
30747,공항철도,,서울역,END,DOWN,0,A2195,,18:05:00,서울역,인천공항2터미널
30748,공항철도,,공덕,SAT,DOWN,0,A2195,,18:09:00,서울역,인천공항2터미널
30749,공항철도,,공덕,END,DOWN,0,A2195,,18:09:00,서울역,인천공항2터미널
30750,공항철도,,홍대입구,SAT,DOWN,0,A2195,,18:13:00,서울역,인천공항2터미널
30751,공항철도,,홍대입구,END,DOWN,0,A2195,,18:13:00,서울역,인천공항2터미널
30752,공항철도,,디지털미디어시티,SAT,DOWN,0,A2195,,18:17:00,서울역,인천공항2터미널
30753,공항철도,,디지털미디어시티,END,DOWN,0,A2195,,18:17:00,서울역,인천공항2터미널
30754,공항철도,,마곡나루,SAT,DOWN,0,A2195,,18:24:00,서울역,인천공항2터미널
30755,공항철도,,마곡나루,END,DOWN,0,A2195,,18:24:00,서울역,인천공항2터미널
30756,공항철도,,김포공항,SAT,DOWN,0,A2195,,18:27:00,서울역,인천공항2터미널
30757,공항철도,,김포공항,END,DOWN,0,A2195,,18:27:00,서울역,인천공항2터미널
30758,공항철도,,계양,SAT,DOWN,0,A2195,,18:34:00,서울역,인천공항2터미널
30759,공항철도,,계양,END,DOWN,0,A2195,,18:34:00,서울역,인천공항2터미널
30760,공항철도,,검암,SAT,DOWN,0,A2195,,18:40:00,서울역,인천공항2터미널
30761,공항철도,,검암,END,DOWN,0,A2195,,18:40:00,서울역,인천공항2터미널
30762,공항철도,,청라국제도시,SAT,DOWN,0,A2195,,18:45:00,서울역,인천공항2터미널
30763,공항철도,,청라국제도시,END,DOWN,0,A2195,,18:45:00,서울역,인천공항2터미널
30764,공항철도,,영종,SAT,DOWN,0,A2195,,18:53:00,서울역,인천공항2터미널
30765,공항철도,,영종,END,DOWN,0,A2195,,18:53:00,서울역,인천공항2터미널
30766,공항철도,,운서,SAT,DOWN,0,A2195,,18:57:00,서울역,인천공항2터미널
30767,공항철도,,운서,END,DOWN,0,A2195,,18:57:00,서울역,인천공항2터미널
30768,공항철도,,공항화물청사,SAT,DOWN,0,A2195,,19:02:00,서울역,인천공항2터미널
30769,공항철도,,공항화물청사,END,DOWN,0,A2195,,19:02:00,서울역,인천공항2터미널
30770,공항철도,,인천공항1터미널,SAT,DOWN,0,A2195,,19:06:00,서울역,인천공항2터미널
30771,공항철도,,인천공항1터미널,END,DOWN,0,A2195,,19:06:00,서울역,인천공항2터미널
30772,공항철도,,인천공항2터미널,DAY,DOWN,0,A2196,,17:47:00,인천공항2터미널,서울역
30773,공항철도,,인천공항1터미널,DAY,DOWN,0,A2196,,17:54:00,인천공항2터미널,서울역
30774,공항철도,,공항화물청사,DAY,DOWN,0,A2196,,17:57:00,인천공항2터미널,서울역
30775,공항철도,,운서,DAY,DOWN,0,A2196,,18:02:00,인천공항2터미널,서울역
30776,공항철도,,영종,DAY,DOWN,0,A2196,,18:06:00,인천공항2터미널,서울역
30777,공항철도,,청라국제도시,DAY,DOWN,0,A2196,,18:14:00,인천공항2터미널,서울역
30778,공항철도,,검암,DAY,DOWN,0,A2196,,18:19:00,인천공항2터미널,서울역
30779,공항철도,,계양,DAY,DOWN,0,A2196,,18:25:00,인천공항2터미널,서울역
30780,공항철도,,김포공항,DAY,DOWN,0,A2196,,18:32:00,인천공항2터미널,서울역
30781,공항철도,,마곡나루,DAY,DOWN,0,A2196,,18:35:00,인천공항2터미널,서울역
30782,공항철도,,디지털미디어시티,DAY,DOWN,0,A2196,,18:42:00,인천공항2터미널,서울역
30783,공항철도,,홍대입구,DAY,DOWN,0,A2196,,18:46:00,인천공항2터미널,서울역
30784,공항철도,,공덕,DAY,DOWN,0,A2196,,18:50:00,인천공항2터미널,서울역
30785,공항철도,,인천공항2터미널,SAT,DOWN,0,A2196,,17:13:00,인천공항2터미널,서울역
30786,공항철도,,인천공항2터미널,END,DOWN,0,A2196,,17:13:00,인천공항2터미널,서울역
30787,공항철도,,인천공항1터미널,SAT,DOWN,0,A2196,,17:20:00,인천공항2터미널,서울역
30788,공항철도,,인천공항1터미널,END,DOWN,0,A2196,,17:20:00,인천공항2터미널,서울역
30789,공항철도,,공항화물청사,SAT,DOWN,0,A2196,,17:23:00,인천공항2터미널,서울역
30790,공항철도,,공항화물청사,END,DOWN,0,A2196,,17:23:00,인천공항2터미널,서울역
30791,공항철도,,운서,SAT,DOWN,0,A2196,,17:28:00,인천공항2터미널,서울역
30792,공항철도,,운서,END,DOWN,0,A2196,,17:28:00,인천공항2터미널,서울역
30793,공항철도,,영종,SAT,DOWN,0,A2196,,17:32:00,인천공항2터미널,서울역
30794,공항철도,,영종,END,DOWN,0,A2196,,17:32:00,인천공항2터미널,서울역
30795,공항철도,,청라국제도시,SAT,DOWN,0,A2196,,17:40:00,인천공항2터미널,서울역
30796,공항철도,,청라국제도시,END,DOWN,0,A2196,,17:40:00,인천공항2터미널,서울역
30797,공항철도,,검암,SAT,DOWN,0,A2196,,17:47:00,인천공항2터미널,서울역
30798,공항철도,,검암,END,DOWN,0,A2196,,17:47:00,인천공항2터미널,서울역
30799,공항철도,,계양,SAT,DOWN,0,A2196,,17:53:00,인천공항2터미널,서울역
30800,공항철도,,계양,END,DOWN,0,A2196,,17:53:00,인천공항2터미널,서울역
30801,공항철도,,김포공항,SAT,DOWN,0,A2196,,17:59:00,인천공항2터미널,서울역
30802,공항철도,,김포공항,END,DOWN,0,A2196,,17:59:00,인천공항2터미널,서울역
30803,공항철도,,마곡나루,SAT,DOWN,0,A2196,,18:02:00,인천공항2터미널,서울역
30804,공항철도,,마곡나루,END,DOWN,0,A2196,,18:02:00,인천공항2터미널,서울역
30805,공항철도,,디지털미디어시티,SAT,DOWN,0,A2196,,18:10:00,인천공항2터미널,서울역
30806,공항철도,,디지털미디어시티,END,DOWN,0,A2196,,18:10:00,인천공항2터미널,서울역
30807,공항철도,,홍대입구,SAT,DOWN,0,A2196,,18:14:00,인천공항2터미널,서울역
30808,공항철도,,홍대입구,END,DOWN,0,A2196,,18:14:00,인천공항2터미널,서울역
30809,공항철도,,공덕,SAT,DOWN,0,A2196,,18:17:00,인천공항2터미널,서울역
30810,공항철도,,공덕,END,DOWN,0,A2196,,18:17:00,인천공항2터미널,서울역
30811,공항철도,,서울역,DAY,DOWN,0,A2197,,19:17:00,서울역,인천공항2터미널
30812,공항철도,,공덕,DAY,DOWN,0,A2197,,19:21:00,서울역,인천공항2터미널
30813,공항철도,,홍대입구,DAY,DOWN,0,A2197,,19:25:00,서울역,인천공항2터미널
30814,공항철도,,디지털미디어시티,DAY,DOWN,0,A2197,,19:29:00,서울역,인천공항2터미널
30815,공항철도,,마곡나루,DAY,DOWN,0,A2197,,19:36:00,서울역,인천공항2터미널
30816,공항철도,,김포공항,DAY,DOWN,0,A2197,,19:39:00,서울역,인천공항2터미널
30817,공항철도,,계양,DAY,DOWN,0,A2197,,19:46:00,서울역,인천공항2터미널
30818,공항철도,,검암,DAY,DOWN,0,A2197,,19:52:00,서울역,인천공항2터미널
30819,공항철도,,청라국제도시,DAY,DOWN,0,A2197,,19:57:00,서울역,인천공항2터미널
30820,공항철도,,영종,DAY,DOWN,0,A2197,,20:05:00,서울역,인천공항2터미널
30821,공항철도,,운서,DAY,DOWN,0,A2197,,20:09:00,서울역,인천공항2터미널
30822,공항철도,,공항화물청사,DAY,DOWN,0,A2197,,20:14:00,서울역,인천공항2터미널
30823,공항철도,,인천공항1터미널,DAY,DOWN,0,A2197,,20:18:00,서울역,인천공항2터미널
30824,공항철도,,서울역,SAT,DOWN,0,A2197,,18:12:00,서울역,인천공항2터미널
30825,공항철도,,서울역,END,DOWN,0,A2197,,18:12:00,서울역,인천공항2터미널
30826,공항철도,,공덕,SAT,DOWN,0,A2197,,18:16:00,서울역,인천공항2터미널
30827,공항철도,,공덕,END,DOWN,0,A2197,,18:16:00,서울역,인천공항2터미널
30828,공항철도,,홍대입구,SAT,DOWN,0,A2197,,18:20:00,서울역,인천공항2터미널
30829,공항철도,,홍대입구,END,DOWN,0,A2197,,18:20:00,서울역,인천공항2터미널
30830,공항철도,,디지털미디어시티,SAT,DOWN,0,A2197,,18:24:00,서울역,인천공항2터미널
30831,공항철도,,디지털미디어시티,END,DOWN,0,A2197,,18:24:00,서울역,인천공항2터미널
30832,공항철도,,마곡나루,SAT,DOWN,0,A2197,,18:31:00,서울역,인천공항2터미널
30833,공항철도,,마곡나루,END,DOWN,0,A2197,,18:31:00,서울역,인천공항2터미널
30834,공항철도,,김포공항,SAT,DOWN,0,A2197,,18:34:00,서울역,인천공항2터미널
30835,공항철도,,김포공항,END,DOWN,0,A2197,,18:34:00,서울역,인천공항2터미널
30836,공항철도,,계양,SAT,DOWN,0,A2197,,18:41:00,서울역,인천공항2터미널
30837,공항철도,,계양,END,DOWN,0,A2197,,18:41:00,서울역,인천공항2터미널
30838,공항철도,,검암,SAT,DOWN,0,A2197,,18:47:00,서울역,인천공항2터미널
30839,공항철도,,검암,END,DOWN,0,A2197,,18:47:00,서울역,인천공항2터미널
30840,공항철도,,청라국제도시,SAT,DOWN,0,A2197,,18:52:00,서울역,인천공항2터미널
30841,공항철도,,청라국제도시,END,DOWN,0,A2197,,18:52:00,서울역,인천공항2터미널
30842,공항철도,,영종,SAT,DOWN,0,A2197,,19:00:00,서울역,인천공항2터미널
30843,공항철도,,영종,END,DOWN,0,A2197,,19:00:00,서울역,인천공항2터미널
30844,공항철도,,운서,SAT,DOWN,0,A2197,,19:04:00,서울역,인천공항2터미널
30845,공항철도,,운서,END,DOWN,0,A2197,,19:04:00,서울역,인천공항2터미널
30846,공항철도,,공항화물청사,SAT,DOWN,0,A2197,,19:09:00,서울역,인천공항2터미널
30847,공항철도,,공항화물청사,END,DOWN,0,A2197,,19:09:00,서울역,인천공항2터미널
30848,공항철도,,인천공항1터미널,SAT,DOWN,0,A2197,,19:13:00,서울역,인천공항2터미널
30849,공항철도,,인천공항1터미널,END,DOWN,0,A2197,,19:13:00,서울역,인천공항2터미널
30850,공항철도,,인천공항2터미널,DAY,DOWN,0,A2198,,17:52:00,인천공항2터미널,서울역
30851,공항철도,,인천공항1터미널,DAY,DOWN,0,A2198,,17:59:00,인천공항2터미널,서울역
30852,공항철도,,공항화물청사,DAY,DOWN,0,A2198,,18:02:00,인천공항2터미널,서울역
30853,공항철도,,운서,DAY,DOWN,0,A2198,,18:07:00,인천공항2터미널,서울역
30854,공항철도,,영종,DAY,DOWN,0,A2198,,18:11:00,인천공항2터미널,서울역
30855,공항철도,,청라국제도시,DAY,DOWN,0,A2198,,18:19:00,인천공항2터미널,서울역
30856,공항철도,,검암,DAY,DOWN,0,A2198,,18:24:00,인천공항2터미널,서울역
30857,공항철도,,계양,DAY,DOWN,0,A2198,,18:30:00,인천공항2터미널,서울역
30858,공항철도,,김포공항,DAY,DOWN,0,A2198,,18:37:00,인천공항2터미널,서울역
30859,공항철도,,마곡나루,DAY,DOWN,0,A2198,,18:40:00,인천공항2터미널,서울역
30860,공항철도,,디지털미디어시티,DAY,DOWN,0,A2198,,18:47:00,인천공항2터미널,서울역
30861,공항철도,,홍대입구,DAY,DOWN,0,A2198,,18:51:00,인천공항2터미널,서울역
30862,공항철도,,공덕,DAY,DOWN,0,A2198,,18:55:00,인천공항2터미널,서울역
30863,공항철도,,인천공항2터미널,SAT,DOWN,0,A2198,,17:23:00,인천공항2터미널,서울역
30864,공항철도,,인천공항2터미널,END,DOWN,0,A2198,,17:23:00,인천공항2터미널,서울역
30865,공항철도,,인천공항1터미널,SAT,DOWN,0,A2198,,17:30:00,인천공항2터미널,서울역
30866,공항철도,,인천공항1터미널,END,DOWN,0,A2198,,17:30:00,인천공항2터미널,서울역
30867,공항철도,,공항화물청사,SAT,DOWN,0,A2198,,17:33:00,인천공항2터미널,서울역
30868,공항철도,,공항화물청사,END,DOWN,0,A2198,,17:33:00,인천공항2터미널,서울역
30869,공항철도,,운서,SAT,DOWN,0,A2198,,17:38:00,인천공항2터미널,서울역
30870,공항철도,,운서,END,DOWN,0,A2198,,17:38:00,인천공항2터미널,서울역
30871,공항철도,,영종,SAT,DOWN,0,A2198,,17:42:00,인천공항2터미널,서울역
30872,공항철도,,영종,END,DOWN,0,A2198,,17:42:00,인천공항2터미널,서울역
30873,공항철도,,청라국제도시,SAT,DOWN,0,A2198,,17:50:00,인천공항2터미널,서울역
30874,공항철도,,청라국제도시,END,DOWN,0,A2198,,17:50:00,인천공항2터미널,서울역
30875,공항철도,,검암,SAT,DOWN,0,A2198,,17:55:00,인천공항2터미널,서울역
30876,공항철도,,검암,END,DOWN,0,A2198,,17:55:00,인천공항2터미널,서울역
30877,공항철도,,계양,SAT,DOWN,0,A2198,,18:01:00,인천공항2터미널,서울역
30878,공항철도,,계양,END,DOWN,0,A2198,,18:01:00,인천공항2터미널,서울역
30879,공항철도,,김포공항,SAT,DOWN,0,A2198,,18:08:00,인천공항2터미널,서울역
30880,공항철도,,김포공항,END,DOWN,0,A2198,,18:08:00,인천공항2터미널,서울역
30881,공항철도,,마곡나루,SAT,DOWN,0,A2198,,18:11:00,인천공항2터미널,서울역
30882,공항철도,,마곡나루,END,DOWN,0,A2198,,18:11:00,인천공항2터미널,서울역
30883,공항철도,,디지털미디어시티,SAT,DOWN,0,A2198,,18:18:00,인천공항2터미널,서울역
30884,공항철도,,디지털미디어시티,END,DOWN,0,A2198,,18:18:00,인천공항2터미널,서울역
30885,공항철도,,홍대입구,SAT,DOWN,0,A2198,,18:22:00,인천공항2터미널,서울역
30886,공항철도,,홍대입구,END,DOWN,0,A2198,,18:22:00,인천공항2터미널,서울역
30887,공항철도,,공덕,SAT,DOWN,0,A2198,,18:26:00,인천공항2터미널,서울역
30888,공항철도,,공덕,END,DOWN,0,A2198,,18:26:00,인천공항2터미널,서울역
30889,공항철도,,서울역,DAY,DOWN,0,A2199,,19:21:00,서울역,인천공항2터미널
30890,공항철도,,공덕,DAY,DOWN,0,A2199,,19:26:00,서울역,인천공항2터미널
30891,공항철도,,홍대입구,DAY,DOWN,0,A2199,,19:29:00,서울역,인천공항2터미널
30892,공항철도,,디지털미디어시티,DAY,DOWN,0,A2199,,19:33:00,서울역,인천공항2터미널
30893,공항철도,,마곡나루,DAY,DOWN,0,A2199,,19:41:00,서울역,인천공항2터미널
30894,공항철도,,김포공항,DAY,DOWN,0,A2199,,19:44:00,서울역,인천공항2터미널
30895,공항철도,,계양,DAY,DOWN,0,A2199,,19:50:00,서울역,인천공항2터미널
30896,공항철도,,검암,DAY,DOWN,0,A2199,,19:56:00,서울역,인천공항2터미널
30897,공항철도,,청라국제도시,DAY,DOWN,0,A2199,,20:01:00,서울역,인천공항2터미널
30898,공항철도,,영종,DAY,DOWN,0,A2199,,20:11:00,서울역,인천공항2터미널
30899,공항철도,,운서,DAY,DOWN,0,A2199,,20:15:00,서울역,인천공항2터미널
30900,공항철도,,공항화물청사,DAY,DOWN,0,A2199,,20:20:00,서울역,인천공항2터미널
30901,공항철도,,인천공항1터미널,DAY,DOWN,0,A2199,,20:24:00,서울역,인천공항2터미널
30902,공항철도,,서울역,SAT,DOWN,0,A2199,,18:20:00,서울역,인천공항2터미널
30903,공항철도,,서울역,END,DOWN,0,A2199,,18:20:00,서울역,인천공항2터미널
30904,공항철도,,공덕,SAT,DOWN,0,A2199,,18:24:00,서울역,인천공항2터미널
30905,공항철도,,공덕,END,DOWN,0,A2199,,18:24:00,서울역,인천공항2터미널
30906,공항철도,,홍대입구,SAT,DOWN,0,A2199,,18:28:00,서울역,인천공항2터미널
30907,공항철도,,홍대입구,END,DOWN,0,A2199,,18:28:00,서울역,인천공항2터미널
30908,공항철도,,디지털미디어시티,SAT,DOWN,0,A2199,,18:32:00,서울역,인천공항2터미널
30909,공항철도,,디지털미디어시티,END,DOWN,0,A2199,,18:32:00,서울역,인천공항2터미널
30910,공항철도,,마곡나루,SAT,DOWN,0,A2199,,18:39:00,서울역,인천공항2터미널
30911,공항철도,,마곡나루,END,DOWN,0,A2199,,18:39:00,서울역,인천공항2터미널
30912,공항철도,,김포공항,SAT,DOWN,0,A2199,,18:42:00,서울역,인천공항2터미널
30913,공항철도,,김포공항,END,DOWN,0,A2199,,18:42:00,서울역,인천공항2터미널
30914,공항철도,,계양,SAT,DOWN,0,A2199,,18:49:00,서울역,인천공항2터미널
30915,공항철도,,계양,END,DOWN,0,A2199,,18:49:00,서울역,인천공항2터미널
30916,공항철도,,검암,SAT,DOWN,0,A2199,,18:55:00,서울역,인천공항2터미널
30917,공항철도,,검암,END,DOWN,0,A2199,,18:55:00,서울역,인천공항2터미널
30918,공항철도,,청라국제도시,SAT,DOWN,0,A2199,,19:00:00,서울역,인천공항2터미널
30919,공항철도,,청라국제도시,END,DOWN,0,A2199,,19:00:00,서울역,인천공항2터미널
30920,공항철도,,영종,SAT,DOWN,0,A2199,,19:08:00,서울역,인천공항2터미널
30921,공항철도,,영종,END,DOWN,0,A2199,,19:08:00,서울역,인천공항2터미널
30922,공항철도,,운서,SAT,DOWN,0,A2199,,19:12:00,서울역,인천공항2터미널
30923,공항철도,,운서,END,DOWN,0,A2199,,19:12:00,서울역,인천공항2터미널
30924,공항철도,,공항화물청사,SAT,DOWN,0,A2199,,19:17:00,서울역,인천공항2터미널
30925,공항철도,,공항화물청사,END,DOWN,0,A2199,,19:17:00,서울역,인천공항2터미널
30926,공항철도,,인천공항1터미널,SAT,DOWN,0,A2199,,19:21:00,서울역,인천공항2터미널
30927,공항철도,,인천공항1터미널,END,DOWN,0,A2199,,19:21:00,서울역,인천공항2터미널
30928,공항철도,,인천공항2터미널,DAY,DOWN,0,A2200,,18:03:00,인천공항2터미널,서울역
30929,공항철도,,인천공항1터미널,DAY,DOWN,0,A2200,,18:09:00,인천공항2터미널,서울역
30930,공항철도,,공항화물청사,DAY,DOWN,0,A2200,,18:13:00,인천공항2터미널,서울역
30931,공항철도,,운서,DAY,DOWN,0,A2200,,18:17:00,인천공항2터미널,서울역
30932,공항철도,,영종,DAY,DOWN,0,A2200,,18:21:00,인천공항2터미널,서울역
30933,공항철도,,청라국제도시,DAY,DOWN,0,A2200,,18:30:00,인천공항2터미널,서울역
30934,공항철도,,검암,DAY,DOWN,0,A2200,,18:36:00,인천공항2터미널,서울역
30935,공항철도,,계양,DAY,DOWN,0,A2200,,18:42:00,인천공항2터미널,서울역
30936,공항철도,,김포공항,DAY,DOWN,0,A2200,,18:49:00,인천공항2터미널,서울역
30937,공항철도,,마곡나루,DAY,DOWN,0,A2200,,18:52:00,인천공항2터미널,서울역
30938,공항철도,,디지털미디어시티,DAY,DOWN,0,A2200,,18:59:00,인천공항2터미널,서울역
30939,공항철도,,홍대입구,DAY,DOWN,0,A2200,,19:03:00,인천공항2터미널,서울역
30940,공항철도,,공덕,DAY,DOWN,0,A2200,,19:07:00,인천공항2터미널,서울역
30941,공항철도,,인천공항2터미널,SAT,DOWN,0,A2200,,17:31:00,인천공항2터미널,서울역
30942,공항철도,,인천공항2터미널,END,DOWN,0,A2200,,17:31:00,인천공항2터미널,서울역
30943,공항철도,,인천공항1터미널,SAT,DOWN,0,A2200,,17:37:00,인천공항2터미널,서울역
30944,공항철도,,인천공항1터미널,END,DOWN,0,A2200,,17:37:00,인천공항2터미널,서울역
30945,공항철도,,공항화물청사,SAT,DOWN,0,A2200,,17:41:00,인천공항2터미널,서울역
30946,공항철도,,공항화물청사,END,DOWN,0,A2200,,17:41:00,인천공항2터미널,서울역
30947,공항철도,,운서,SAT,DOWN,0,A2200,,17:45:00,인천공항2터미널,서울역
30948,공항철도,,운서,END,DOWN,0,A2200,,17:45:00,인천공항2터미널,서울역
30949,공항철도,,영종,SAT,DOWN,0,A2200,,17:49:00,인천공항2터미널,서울역
30950,공항철도,,영종,END,DOWN,0,A2200,,17:49:00,인천공항2터미널,서울역
30951,공항철도,,청라국제도시,SAT,DOWN,0,A2200,,17:58:00,인천공항2터미널,서울역
30952,공항철도,,청라국제도시,END,DOWN,0,A2200,,17:58:00,인천공항2터미널,서울역
30953,공항철도,,검암,SAT,DOWN,0,A2200,,18:03:00,인천공항2터미널,서울역
30954,공항철도,,검암,END,DOWN,0,A2200,,18:03:00,인천공항2터미널,서울역
30955,공항철도,,계양,SAT,DOWN,0,A2200,,18:09:00,인천공항2터미널,서울역
30956,공항철도,,계양,END,DOWN,0,A2200,,18:09:00,인천공항2터미널,서울역
30957,공항철도,,김포공항,SAT,DOWN,0,A2200,,18:15:00,인천공항2터미널,서울역
30958,공항철도,,김포공항,END,DOWN,0,A2200,,18:15:00,인천공항2터미널,서울역
30959,공항철도,,마곡나루,SAT,DOWN,0,A2200,,18:18:00,인천공항2터미널,서울역
30960,공항철도,,마곡나루,END,DOWN,0,A2200,,18:18:00,인천공항2터미널,서울역
30961,공항철도,,디지털미디어시티,SAT,DOWN,0,A2200,,18:26:00,인천공항2터미널,서울역
30962,공항철도,,디지털미디어시티,END,DOWN,0,A2200,,18:26:00,인천공항2터미널,서울역
30963,공항철도,,홍대입구,SAT,DOWN,0,A2200,,18:30:00,인천공항2터미널,서울역
30964,공항철도,,홍대입구,END,DOWN,0,A2200,,18:30:00,인천공항2터미널,서울역
30965,공항철도,,공덕,SAT,DOWN,0,A2200,,18:33:00,인천공항2터미널,서울역
30966,공항철도,,공덕,END,DOWN,0,A2200,,18:33:00,인천공항2터미널,서울역
30967,공항철도,,서울역,DAY,DOWN,0,A2201,,19:25:00,서울역,인천공항2터미널
30968,공항철도,,공덕,DAY,DOWN,0,A2201,,19:30:00,서울역,인천공항2터미널
30969,공항철도,,홍대입구,DAY,DOWN,0,A2201,,19:33:00,서울역,인천공항2터미널
30970,공항철도,,디지털미디어시티,DAY,DOWN,0,A2201,,19:37:00,서울역,인천공항2터미널
30971,공항철도,,마곡나루,DAY,DOWN,0,A2201,,19:45:00,서울역,인천공항2터미널
30972,공항철도,,김포공항,DAY,DOWN,0,A2201,,19:48:00,서울역,인천공항2터미널
30973,공항철도,,계양,DAY,DOWN,0,A2201,,19:54:00,서울역,인천공항2터미널
30974,공항철도,,검암,DAY,DOWN,0,A2201,,20:02:00,서울역,인천공항2터미널
30975,공항철도,,청라국제도시,DAY,DOWN,0,A2201,,20:07:00,서울역,인천공항2터미널
30976,공항철도,,영종,DAY,DOWN,0,A2201,,20:15:00,서울역,인천공항2터미널
30977,공항철도,,운서,DAY,DOWN,0,A2201,,20:19:00,서울역,인천공항2터미널
30978,공항철도,,공항화물청사,DAY,DOWN,0,A2201,,20:24:00,서울역,인천공항2터미널
30979,공항철도,,인천공항1터미널,DAY,DOWN,0,A2201,,20:28:00,서울역,인천공항2터미널
30980,공항철도,,서울역,SAT,DOWN,0,A2201,,18:27:00,서울역,인천공항2터미널
30981,공항철도,,서울역,END,DOWN,0,A2201,,18:27:00,서울역,인천공항2터미널
30982,공항철도,,공덕,SAT,DOWN,0,A2201,,18:32:00,서울역,인천공항2터미널
30983,공항철도,,공덕,END,DOWN,0,A2201,,18:32:00,서울역,인천공항2터미널
30984,공항철도,,홍대입구,SAT,DOWN,0,A2201,,18:35:00,서울역,인천공항2터미널
30985,공항철도,,홍대입구,END,DOWN,0,A2201,,18:35:00,서울역,인천공항2터미널
30986,공항철도,,디지털미디어시티,SAT,DOWN,0,A2201,,18:39:00,서울역,인천공항2터미널
30987,공항철도,,디지털미디어시티,END,DOWN,0,A2201,,18:39:00,서울역,인천공항2터미널
30988,공항철도,,마곡나루,SAT,DOWN,0,A2201,,18:47:00,서울역,인천공항2터미널
30989,공항철도,,마곡나루,END,DOWN,0,A2201,,18:47:00,서울역,인천공항2터미널
30990,공항철도,,김포공항,SAT,DOWN,0,A2201,,18:50:00,서울역,인천공항2터미널
30991,공항철도,,김포공항,END,DOWN,0,A2201,,18:50:00,서울역,인천공항2터미널
30992,공항철도,,계양,SAT,DOWN,0,A2201,,18:56:00,서울역,인천공항2터미널
30993,공항철도,,계양,END,DOWN,0,A2201,,18:56:00,서울역,인천공항2터미널
30994,공항철도,,검암,SAT,DOWN,0,A2201,,19:02:00,서울역,인천공항2터미널
30995,공항철도,,검암,END,DOWN,0,A2201,,19:02:00,서울역,인천공항2터미널
30996,공항철도,,청라국제도시,SAT,DOWN,0,A2201,,19:07:00,서울역,인천공항2터미널
30997,공항철도,,청라국제도시,END,DOWN,0,A2201,,19:07:00,서울역,인천공항2터미널
30998,공항철도,,영종,SAT,DOWN,0,A2201,,19:16:00,서울역,인천공항2터미널
30999,공항철도,,영종,END,DOWN,0,A2201,,19:16:00,서울역,인천공항2터미널
31000,공항철도,,운서,SAT,DOWN,0,A2201,,19:20:00,서울역,인천공항2터미널
31001,공항철도,,운서,END,DOWN,0,A2201,,19:20:00,서울역,인천공항2터미널
31002,공항철도,,공항화물청사,SAT,DOWN,0,A2201,,19:24:00,서울역,인천공항2터미널
31003,공항철도,,공항화물청사,END,DOWN,0,A2201,,19:24:00,서울역,인천공항2터미널
31004,공항철도,,인천공항1터미널,SAT,DOWN,0,A2201,,19:28:00,서울역,인천공항2터미널
31005,공항철도,,인천공항1터미널,END,DOWN,0,A2201,,19:28:00,서울역,인천공항2터미널
31006,공항철도,,인천공항2터미널,DAY,DOWN,0,A2202,,18:07:00,인천공항2터미널,서울역
31007,공항철도,,인천공항1터미널,DAY,DOWN,0,A2202,,18:13:00,인천공항2터미널,서울역
31008,공항철도,,공항화물청사,DAY,DOWN,0,A2202,,18:17:00,인천공항2터미널,서울역
31009,공항철도,,운서,DAY,DOWN,0,A2202,,18:21:00,인천공항2터미널,서울역
31010,공항철도,,영종,DAY,DOWN,0,A2202,,18:27:00,인천공항2터미널,서울역
31011,공항철도,,청라국제도시,DAY,DOWN,0,A2202,,18:35:00,인천공항2터미널,서울역
31012,공항철도,,검암,DAY,DOWN,0,A2202,,18:40:00,인천공항2터미널,서울역
31013,공항철도,,계양,DAY,DOWN,0,A2202,,18:46:00,인천공항2터미널,서울역
31014,공항철도,,김포공항,DAY,DOWN,0,A2202,,18:53:00,인천공항2터미널,서울역
31015,공항철도,,마곡나루,DAY,DOWN,0,A2202,,18:56:00,인천공항2터미널,서울역
31016,공항철도,,디지털미디어시티,DAY,DOWN,0,A2202,,19:03:00,인천공항2터미널,서울역
31017,공항철도,,홍대입구,DAY,DOWN,0,A2202,,19:07:00,인천공항2터미널,서울역
31018,공항철도,,공덕,DAY,DOWN,0,A2202,,19:11:00,인천공항2터미널,서울역
31019,공항철도,,인천공항2터미널,SAT,DOWN,0,A2202,,17:38:00,인천공항2터미널,서울역
31020,공항철도,,인천공항2터미널,END,DOWN,0,A2202,,17:38:00,인천공항2터미널,서울역
31021,공항철도,,인천공항1터미널,SAT,DOWN,0,A2202,,17:44:00,인천공항2터미널,서울역
31022,공항철도,,인천공항1터미널,END,DOWN,0,A2202,,17:44:00,인천공항2터미널,서울역
31023,공항철도,,공항화물청사,SAT,DOWN,0,A2202,,17:48:00,인천공항2터미널,서울역
31024,공항철도,,공항화물청사,END,DOWN,0,A2202,,17:48:00,인천공항2터미널,서울역
31025,공항철도,,운서,SAT,DOWN,0,A2202,,17:52:00,인천공항2터미널,서울역
31026,공항철도,,운서,END,DOWN,0,A2202,,17:52:00,인천공항2터미널,서울역
31027,공항철도,,영종,SAT,DOWN,0,A2202,,17:56:00,인천공항2터미널,서울역
31028,공항철도,,영종,END,DOWN,0,A2202,,17:56:00,인천공항2터미널,서울역
31029,공항철도,,청라국제도시,SAT,DOWN,0,A2202,,18:05:00,인천공항2터미널,서울역
31030,공항철도,,청라국제도시,END,DOWN,0,A2202,,18:05:00,인천공항2터미널,서울역
31031,공항철도,,검암,SAT,DOWN,0,A2202,,18:10:00,인천공항2터미널,서울역
31032,공항철도,,검암,END,DOWN,0,A2202,,18:10:00,인천공항2터미널,서울역
31033,공항철도,,계양,SAT,DOWN,0,A2202,,18:16:00,인천공항2터미널,서울역
31034,공항철도,,계양,END,DOWN,0,A2202,,18:16:00,인천공항2터미널,서울역
31035,공항철도,,김포공항,SAT,DOWN,0,A2202,,18:22:00,인천공항2터미널,서울역
31036,공항철도,,김포공항,END,DOWN,0,A2202,,18:22:00,인천공항2터미널,서울역
31037,공항철도,,마곡나루,SAT,DOWN,0,A2202,,18:25:00,인천공항2터미널,서울역
31038,공항철도,,마곡나루,END,DOWN,0,A2202,,18:25:00,인천공항2터미널,서울역
31039,공항철도,,디지털미디어시티,SAT,DOWN,0,A2202,,18:33:00,인천공항2터미널,서울역
31040,공항철도,,디지털미디어시티,END,DOWN,0,A2202,,18:33:00,인천공항2터미널,서울역
31041,공항철도,,홍대입구,SAT,DOWN,0,A2202,,18:37:00,인천공항2터미널,서울역
31042,공항철도,,홍대입구,END,DOWN,0,A2202,,18:37:00,인천공항2터미널,서울역
31043,공항철도,,공덕,SAT,DOWN,0,A2202,,18:40:00,인천공항2터미널,서울역
31044,공항철도,,공덕,END,DOWN,0,A2202,,18:40:00,인천공항2터미널,서울역
31045,공항철도,,서울역,DAY,DOWN,0,A2203,,19:32:00,서울역,인천공항2터미널
31046,공항철도,,공덕,DAY,DOWN,0,A2203,,19:36:00,서울역,인천공항2터미널
31047,공항철도,,홍대입구,DAY,DOWN,0,A2203,,19:40:00,서울역,인천공항2터미널
31048,공항철도,,디지털미디어시티,DAY,DOWN,0,A2203,,19:45:00,서울역,인천공항2터미널
31049,공항철도,,마곡나루,DAY,DOWN,0,A2203,,19:53:00,서울역,인천공항2터미널
31050,공항철도,,김포공항,DAY,DOWN,0,A2203,,19:56:00,서울역,인천공항2터미널
31051,공항철도,,계양,DAY,DOWN,0,A2203,,20:02:00,서울역,인천공항2터미널
31052,공항철도,,검암,DAY,DOWN,0,A2203,,20:08:00,서울역,인천공항2터미널
31053,공항철도,,청라국제도시,DAY,DOWN,0,A2203,,20:13:00,서울역,인천공항2터미널
31054,공항철도,,영종,DAY,DOWN,0,A2203,,20:22:00,서울역,인천공항2터미널
31055,공항철도,,운서,DAY,DOWN,0,A2203,,20:26:00,서울역,인천공항2터미널
31056,공항철도,,공항화물청사,DAY,DOWN,0,A2203,,20:30:00,서울역,인천공항2터미널
31057,공항철도,,인천공항1터미널,DAY,DOWN,0,A2203,,20:34:00,서울역,인천공항2터미널
31058,공항철도,,서울역,SAT,DOWN,0,A2203,,18:36:00,서울역,인천공항2터미널
31059,공항철도,,서울역,END,DOWN,0,A2203,,18:36:00,서울역,인천공항2터미널
31060,공항철도,,공덕,SAT,DOWN,0,A2203,,18:41:00,서울역,인천공항2터미널
31061,공항철도,,공덕,END,DOWN,0,A2203,,18:41:00,서울역,인천공항2터미널
31062,공항철도,,홍대입구,SAT,DOWN,0,A2203,,18:44:00,서울역,인천공항2터미널
31063,공항철도,,홍대입구,END,DOWN,0,A2203,,18:44:00,서울역,인천공항2터미널
31064,공항철도,,디지털미디어시티,SAT,DOWN,0,A2203,,18:48:00,서울역,인천공항2터미널
31065,공항철도,,디지털미디어시티,END,DOWN,0,A2203,,18:48:00,서울역,인천공항2터미널
31066,공항철도,,마곡나루,SAT,DOWN,0,A2203,,18:56:00,서울역,인천공항2터미널
31067,공항철도,,마곡나루,END,DOWN,0,A2203,,18:56:00,서울역,인천공항2터미널
31068,공항철도,,김포공항,SAT,DOWN,0,A2203,,18:59:00,서울역,인천공항2터미널
31069,공항철도,,김포공항,END,DOWN,0,A2203,,18:59:00,서울역,인천공항2터미널
31070,공항철도,,계양,SAT,DOWN,0,A2203,,19:05:00,서울역,인천공항2터미널
31071,공항철도,,계양,END,DOWN,0,A2203,,19:05:00,서울역,인천공항2터미널
31072,공항철도,,검암,SAT,DOWN,0,A2203,,19:11:00,서울역,인천공항2터미널
31073,공항철도,,검암,END,DOWN,0,A2203,,19:11:00,서울역,인천공항2터미널
31074,공항철도,,청라국제도시,SAT,DOWN,0,A2203,,19:16:00,서울역,인천공항2터미널
31075,공항철도,,청라국제도시,END,DOWN,0,A2203,,19:16:00,서울역,인천공항2터미널
31076,공항철도,,영종,SAT,DOWN,0,A2203,,19:25:00,서울역,인천공항2터미널
31077,공항철도,,영종,END,DOWN,0,A2203,,19:25:00,서울역,인천공항2터미널
31078,공항철도,,운서,SAT,DOWN,0,A2203,,19:29:00,서울역,인천공항2터미널
31079,공항철도,,운서,END,DOWN,0,A2203,,19:29:00,서울역,인천공항2터미널
31080,공항철도,,공항화물청사,SAT,DOWN,0,A2203,,19:33:00,서울역,인천공항2터미널
31081,공항철도,,공항화물청사,END,DOWN,0,A2203,,19:33:00,서울역,인천공항2터미널
31082,공항철도,,인천공항1터미널,SAT,DOWN,0,A2203,,19:37:00,서울역,인천공항2터미널
31083,공항철도,,인천공항1터미널,END,DOWN,0,A2203,,19:37:00,서울역,인천공항2터미널
31084,공항철도,,인천공항2터미널,DAY,DOWN,0,A2204,,18:17:00,인천공항2터미널,서울역
31085,공항철도,,인천공항1터미널,DAY,DOWN,0,A2204,,18:24:00,인천공항2터미널,서울역
31086,공항철도,,공항화물청사,DAY,DOWN,0,A2204,,18:27:00,인천공항2터미널,서울역
31087,공항철도,,운서,DAY,DOWN,0,A2204,,18:32:00,인천공항2터미널,서울역
31088,공항철도,,영종,DAY,DOWN,0,A2204,,18:36:00,인천공항2터미널,서울역
31089,공항철도,,청라국제도시,DAY,DOWN,0,A2204,,18:44:00,인천공항2터미널,서울역
31090,공항철도,,검암,DAY,DOWN,0,A2204,,18:49:00,인천공항2터미널,서울역
31091,공항철도,,계양,DAY,DOWN,0,A2204,,18:55:00,인천공항2터미널,서울역
31092,공항철도,,김포공항,DAY,DOWN,0,A2204,,19:02:00,인천공항2터미널,서울역
31093,공항철도,,마곡나루,DAY,DOWN,0,A2204,,19:05:00,인천공항2터미널,서울역
31094,공항철도,,디지털미디어시티,DAY,DOWN,0,A2204,,19:12:00,인천공항2터미널,서울역
31095,공항철도,,홍대입구,DAY,DOWN,0,A2204,,19:16:00,인천공항2터미널,서울역
31096,공항철도,,공덕,DAY,DOWN,0,A2204,,19:20:00,인천공항2터미널,서울역
31097,공항철도,,인천공항2터미널,SAT,DOWN,0,A2204,,17:44:00,인천공항2터미널,서울역
31098,공항철도,,인천공항2터미널,END,DOWN,0,A2204,,17:44:00,인천공항2터미널,서울역
31099,공항철도,,인천공항1터미널,SAT,DOWN,0,A2204,,17:51:00,인천공항2터미널,서울역
31100,공항철도,,인천공항1터미널,END,DOWN,0,A2204,,17:51:00,인천공항2터미널,서울역
31101,공항철도,,공항화물청사,SAT,DOWN,0,A2204,,17:54:00,인천공항2터미널,서울역
31102,공항철도,,공항화물청사,END,DOWN,0,A2204,,17:54:00,인천공항2터미널,서울역
31103,공항철도,,운서,SAT,DOWN,0,A2204,,17:59:00,인천공항2터미널,서울역
31104,공항철도,,운서,END,DOWN,0,A2204,,17:59:00,인천공항2터미널,서울역
31105,공항철도,,영종,SAT,DOWN,0,A2204,,18:03:00,인천공항2터미널,서울역
31106,공항철도,,영종,END,DOWN,0,A2204,,18:03:00,인천공항2터미널,서울역
31107,공항철도,,청라국제도시,SAT,DOWN,0,A2204,,18:11:00,인천공항2터미널,서울역
31108,공항철도,,청라국제도시,END,DOWN,0,A2204,,18:11:00,인천공항2터미널,서울역
31109,공항철도,,검암,SAT,DOWN,0,A2204,,18:16:00,인천공항2터미널,서울역
31110,공항철도,,검암,END,DOWN,0,A2204,,18:16:00,인천공항2터미널,서울역
31111,공항철도,,계양,SAT,DOWN,0,A2204,,18:22:00,인천공항2터미널,서울역
31112,공항철도,,계양,END,DOWN,0,A2204,,18:22:00,인천공항2터미널,서울역
31113,공항철도,,김포공항,SAT,DOWN,0,A2204,,18:29:00,인천공항2터미널,서울역
31114,공항철도,,김포공항,END,DOWN,0,A2204,,18:29:00,인천공항2터미널,서울역
31115,공항철도,,마곡나루,SAT,DOWN,0,A2204,,18:32:00,인천공항2터미널,서울역
31116,공항철도,,마곡나루,END,DOWN,0,A2204,,18:32:00,인천공항2터미널,서울역
31117,공항철도,,디지털미디어시티,SAT,DOWN,0,A2204,,18:39:00,인천공항2터미널,서울역
31118,공항철도,,디지털미디어시티,END,DOWN,0,A2204,,18:39:00,인천공항2터미널,서울역
31119,공항철도,,홍대입구,SAT,DOWN,0,A2204,,18:43:00,인천공항2터미널,서울역
31120,공항철도,,홍대입구,END,DOWN,0,A2204,,18:43:00,인천공항2터미널,서울역
31121,공항철도,,공덕,SAT,DOWN,0,A2204,,18:47:00,인천공항2터미널,서울역
31122,공항철도,,공덕,END,DOWN,0,A2204,,18:47:00,인천공항2터미널,서울역
31123,공항철도,,서울역,DAY,DOWN,0,A2205,,19:38:00,서울역,인천공항2터미널
31124,공항철도,,공덕,DAY,DOWN,0,A2205,,19:42:00,서울역,인천공항2터미널
31125,공항철도,,홍대입구,DAY,DOWN,0,A2205,,19:46:00,서울역,인천공항2터미널
31126,공항철도,,디지털미디어시티,DAY,DOWN,0,A2205,,19:50:00,서울역,인천공항2터미널
31127,공항철도,,마곡나루,DAY,DOWN,0,A2205,,19:57:00,서울역,인천공항2터미널
31128,공항철도,,김포공항,DAY,DOWN,0,A2205,,20:00:00,서울역,인천공항2터미널
31129,공항철도,,계양,DAY,DOWN,0,A2205,,20:07:00,서울역,인천공항2터미널
31130,공항철도,,검암,DAY,DOWN,0,A2205,,20:13:00,서울역,인천공항2터미널
31131,공항철도,,청라국제도시,DAY,DOWN,0,A2205,,20:18:00,서울역,인천공항2터미널
31132,공항철도,,영종,DAY,DOWN,0,A2205,,20:26:00,서울역,인천공항2터미널
31133,공항철도,,운서,DAY,DOWN,0,A2205,,20:30:00,서울역,인천공항2터미널
31134,공항철도,,공항화물청사,DAY,DOWN,0,A2205,,20:35:00,서울역,인천공항2터미널
31135,공항철도,,인천공항1터미널,DAY,DOWN,0,A2205,,20:39:00,서울역,인천공항2터미널
31136,공항철도,,서울역,SAT,DOWN,0,A2205,,18:44:00,서울역,인천공항2터미널
31137,공항철도,,서울역,END,DOWN,0,A2205,,18:44:00,서울역,인천공항2터미널
31138,공항철도,,공덕,SAT,DOWN,0,A2205,,18:48:00,서울역,인천공항2터미널
31139,공항철도,,공덕,END,DOWN,0,A2205,,18:48:00,서울역,인천공항2터미널
31140,공항철도,,홍대입구,SAT,DOWN,0,A2205,,18:52:00,서울역,인천공항2터미널
31141,공항철도,,홍대입구,END,DOWN,0,A2205,,18:52:00,서울역,인천공항2터미널
31142,공항철도,,디지털미디어시티,SAT,DOWN,0,A2205,,18:56:00,서울역,인천공항2터미널
31143,공항철도,,디지털미디어시티,END,DOWN,0,A2205,,18:56:00,서울역,인천공항2터미널
31144,공항철도,,마곡나루,SAT,DOWN,0,A2205,,19:03:00,서울역,인천공항2터미널
31145,공항철도,,마곡나루,END,DOWN,0,A2205,,19:03:00,서울역,인천공항2터미널
31146,공항철도,,김포공항,SAT,DOWN,0,A2205,,19:06:00,서울역,인천공항2터미널
31147,공항철도,,김포공항,END,DOWN,0,A2205,,19:06:00,서울역,인천공항2터미널
31148,공항철도,,계양,SAT,DOWN,0,A2205,,19:13:00,서울역,인천공항2터미널
31149,공항철도,,계양,END,DOWN,0,A2205,,19:13:00,서울역,인천공항2터미널
31150,공항철도,,검암,SAT,DOWN,0,A2205,,19:20:00,서울역,인천공항2터미널
31151,공항철도,,검암,END,DOWN,0,A2205,,19:20:00,서울역,인천공항2터미널
31152,공항철도,,청라국제도시,SAT,DOWN,0,A2205,,19:25:00,서울역,인천공항2터미널
31153,공항철도,,청라국제도시,END,DOWN,0,A2205,,19:25:00,서울역,인천공항2터미널
31154,공항철도,,영종,SAT,DOWN,0,A2205,,19:34:00,서울역,인천공항2터미널
31155,공항철도,,영종,END,DOWN,0,A2205,,19:34:00,서울역,인천공항2터미널
31156,공항철도,,운서,SAT,DOWN,0,A2205,,19:38:00,서울역,인천공항2터미널
31157,공항철도,,운서,END,DOWN,0,A2205,,19:38:00,서울역,인천공항2터미널
31158,공항철도,,공항화물청사,SAT,DOWN,0,A2205,,19:42:00,서울역,인천공항2터미널
31159,공항철도,,공항화물청사,END,DOWN,0,A2205,,19:42:00,서울역,인천공항2터미널
31160,공항철도,,인천공항1터미널,SAT,DOWN,0,A2205,,19:46:00,서울역,인천공항2터미널
31161,공항철도,,인천공항1터미널,END,DOWN,0,A2205,,19:46:00,서울역,인천공항2터미널
31162,공항철도,,인천공항2터미널,DAY,DOWN,0,A2206,,18:28:00,인천공항2터미널,서울역
31163,공항철도,,인천공항1터미널,DAY,DOWN,0,A2206,,18:34:00,인천공항2터미널,서울역
31164,공항철도,,공항화물청사,DAY,DOWN,0,A2206,,18:38:00,인천공항2터미널,서울역
31165,공항철도,,운서,DAY,DOWN,0,A2206,,18:42:00,인천공항2터미널,서울역
31166,공항철도,,영종,DAY,DOWN,0,A2206,,18:46:00,인천공항2터미널,서울역
31167,공항철도,,청라국제도시,DAY,DOWN,0,A2206,,18:55:00,인천공항2터미널,서울역
31168,공항철도,,검암,DAY,DOWN,0,A2206,,19:01:00,인천공항2터미널,서울역
31169,공항철도,,계양,DAY,DOWN,0,A2206,,19:07:00,인천공항2터미널,서울역
31170,공항철도,,김포공항,DAY,DOWN,0,A2206,,19:14:00,인천공항2터미널,서울역
31171,공항철도,,마곡나루,DAY,DOWN,0,A2206,,19:17:00,인천공항2터미널,서울역
31172,공항철도,,디지털미디어시티,DAY,DOWN,0,A2206,,19:24:00,인천공항2터미널,서울역
31173,공항철도,,홍대입구,DAY,DOWN,0,A2206,,19:28:00,인천공항2터미널,서울역
31174,공항철도,,공덕,DAY,DOWN,0,A2206,,19:32:00,인천공항2터미널,서울역
31175,공항철도,,인천공항2터미널,SAT,DOWN,0,A2206,,17:50:00,인천공항2터미널,서울역
31176,공항철도,,인천공항2터미널,END,DOWN,0,A2206,,17:50:00,인천공항2터미널,서울역
31177,공항철도,,인천공항1터미널,SAT,DOWN,0,A2206,,17:57:00,인천공항2터미널,서울역
31178,공항철도,,인천공항1터미널,END,DOWN,0,A2206,,17:57:00,인천공항2터미널,서울역
31179,공항철도,,공항화물청사,SAT,DOWN,0,A2206,,18:00:00,인천공항2터미널,서울역
31180,공항철도,,공항화물청사,END,DOWN,0,A2206,,18:00:00,인천공항2터미널,서울역
31181,공항철도,,운서,SAT,DOWN,0,A2206,,18:05:00,인천공항2터미널,서울역
31182,공항철도,,운서,END,DOWN,0,A2206,,18:05:00,인천공항2터미널,서울역
31183,공항철도,,영종,SAT,DOWN,0,A2206,,18:09:00,인천공항2터미널,서울역
31184,공항철도,,영종,END,DOWN,0,A2206,,18:09:00,인천공항2터미널,서울역
31185,공항철도,,청라국제도시,SAT,DOWN,0,A2206,,18:17:00,인천공항2터미널,서울역
31186,공항철도,,청라국제도시,END,DOWN,0,A2206,,18:17:00,인천공항2터미널,서울역
31187,공항철도,,검암,SAT,DOWN,0,A2206,,18:22:00,인천공항2터미널,서울역
31188,공항철도,,검암,END,DOWN,0,A2206,,18:22:00,인천공항2터미널,서울역
31189,공항철도,,계양,SAT,DOWN,0,A2206,,18:28:00,인천공항2터미널,서울역
31190,공항철도,,계양,END,DOWN,0,A2206,,18:28:00,인천공항2터미널,서울역
31191,공항철도,,김포공항,SAT,DOWN,0,A2206,,18:35:00,인천공항2터미널,서울역
31192,공항철도,,김포공항,END,DOWN,0,A2206,,18:35:00,인천공항2터미널,서울역
31193,공항철도,,마곡나루,SAT,DOWN,0,A2206,,18:38:00,인천공항2터미널,서울역
31194,공항철도,,마곡나루,END,DOWN,0,A2206,,18:38:00,인천공항2터미널,서울역
31195,공항철도,,디지털미디어시티,SAT,DOWN,0,A2206,,18:45:00,인천공항2터미널,서울역
31196,공항철도,,디지털미디어시티,END,DOWN,0,A2206,,18:45:00,인천공항2터미널,서울역
31197,공항철도,,홍대입구,SAT,DOWN,0,A2206,,18:49:00,인천공항2터미널,서울역
31198,공항철도,,홍대입구,END,DOWN,0,A2206,,18:49:00,인천공항2터미널,서울역
31199,공항철도,,공덕,SAT,DOWN,0,A2206,,18:53:00,인천공항2터미널,서울역
31200,공항철도,,공덕,END,DOWN,0,A2206,,18:53:00,인천공항2터미널,서울역
31201,공항철도,,서울역,DAY,DOWN,0,A2207,,19:42:00,서울역,인천공항2터미널
31202,공항철도,,공덕,DAY,DOWN,0,A2207,,19:47:00,서울역,인천공항2터미널
31203,공항철도,,홍대입구,DAY,DOWN,0,A2207,,19:50:00,서울역,인천공항2터미널
31204,공항철도,,디지털미디어시티,DAY,DOWN,0,A2207,,19:54:00,서울역,인천공항2터미널
31205,공항철도,,마곡나루,DAY,DOWN,0,A2207,,20:02:00,서울역,인천공항2터미널
31206,공항철도,,김포공항,DAY,DOWN,0,A2207,,20:05:00,서울역,인천공항2터미널
31207,공항철도,,계양,DAY,DOWN,0,A2207,,20:11:00,서울역,인천공항2터미널
31208,공항철도,,검암,DAY,DOWN,0,A2207,,20:17:00,서울역,인천공항2터미널
31209,공항철도,,청라국제도시,DAY,DOWN,0,A2207,,20:22:00,서울역,인천공항2터미널
31210,공항철도,,영종,DAY,DOWN,0,A2207,,20:31:00,서울역,인천공항2터미널
31211,공항철도,,운서,DAY,DOWN,0,A2207,,20:35:00,서울역,인천공항2터미널
31212,공항철도,,공항화물청사,DAY,DOWN,0,A2207,,20:39:00,서울역,인천공항2터미널
31213,공항철도,,인천공항1터미널,DAY,DOWN,0,A2207,,20:43:00,서울역,인천공항2터미널
31214,공항철도,,서울역,SAT,DOWN,0,A2207,,18:51:00,서울역,인천공항2터미널
31215,공항철도,,서울역,END,DOWN,0,A2207,,18:51:00,서울역,인천공항2터미널
31216,공항철도,,공덕,SAT,DOWN,0,A2207,,18:55:00,서울역,인천공항2터미널
31217,공항철도,,공덕,END,DOWN,0,A2207,,18:55:00,서울역,인천공항2터미널
31218,공항철도,,홍대입구,SAT,DOWN,0,A2207,,18:59:00,서울역,인천공항2터미널
31219,공항철도,,홍대입구,END,DOWN,0,A2207,,18:59:00,서울역,인천공항2터미널
31220,공항철도,,디지털미디어시티,SAT,DOWN,0,A2207,,19:04:00,서울역,인천공항2터미널
31221,공항철도,,디지털미디어시티,END,DOWN,0,A2207,,19:04:00,서울역,인천공항2터미널
31222,공항철도,,마곡나루,SAT,DOWN,0,A2207,,19:12:00,서울역,인천공항2터미널
31223,공항철도,,마곡나루,END,DOWN,0,A2207,,19:12:00,서울역,인천공항2터미널
31224,공항철도,,김포공항,SAT,DOWN,0,A2207,,19:15:00,서울역,인천공항2터미널
31225,공항철도,,김포공항,END,DOWN,0,A2207,,19:15:00,서울역,인천공항2터미널
31226,공항철도,,계양,SAT,DOWN,0,A2207,,19:21:00,서울역,인천공항2터미널
31227,공항철도,,계양,END,DOWN,0,A2207,,19:21:00,서울역,인천공항2터미널
31228,공항철도,,검암,SAT,DOWN,0,A2207,,19:27:00,서울역,인천공항2터미널
31229,공항철도,,검암,END,DOWN,0,A2207,,19:27:00,서울역,인천공항2터미널
31230,공항철도,,청라국제도시,SAT,DOWN,0,A2207,,19:32:00,서울역,인천공항2터미널
31231,공항철도,,청라국제도시,END,DOWN,0,A2207,,19:32:00,서울역,인천공항2터미널
31232,공항철도,,영종,SAT,DOWN,0,A2207,,19:41:00,서울역,인천공항2터미널
31233,공항철도,,영종,END,DOWN,0,A2207,,19:41:00,서울역,인천공항2터미널
31234,공항철도,,운서,SAT,DOWN,0,A2207,,19:45:00,서울역,인천공항2터미널
31235,공항철도,,운서,END,DOWN,0,A2207,,19:45:00,서울역,인천공항2터미널
31236,공항철도,,공항화물청사,SAT,DOWN,0,A2207,,19:49:00,서울역,인천공항2터미널
31237,공항철도,,공항화물청사,END,DOWN,0,A2207,,19:49:00,서울역,인천공항2터미널
31238,공항철도,,인천공항1터미널,SAT,DOWN,0,A2207,,19:53:00,서울역,인천공항2터미널
31239,공항철도,,인천공항1터미널,END,DOWN,0,A2207,,19:53:00,서울역,인천공항2터미널
31240,공항철도,,인천공항2터미널,DAY,DOWN,0,A2208,,18:38:00,인천공항2터미널,서울역
31241,공항철도,,인천공항1터미널,DAY,DOWN,0,A2208,,18:45:00,인천공항2터미널,서울역
31242,공항철도,,공항화물청사,DAY,DOWN,0,A2208,,18:48:00,인천공항2터미널,서울역
31243,공항철도,,운서,DAY,DOWN,0,A2208,,18:53:00,인천공항2터미널,서울역
31244,공항철도,,영종,DAY,DOWN,0,A2208,,18:57:00,인천공항2터미널,서울역
31245,공항철도,,청라국제도시,DAY,DOWN,0,A2208,,19:05:00,인천공항2터미널,서울역
31246,공항철도,,검암,DAY,DOWN,0,A2208,,19:10:00,인천공항2터미널,서울역
31247,공항철도,,계양,DAY,DOWN,0,A2208,,19:16:00,인천공항2터미널,서울역
31248,공항철도,,김포공항,DAY,DOWN,0,A2208,,19:23:00,인천공항2터미널,서울역
31249,공항철도,,마곡나루,DAY,DOWN,0,A2208,,19:26:00,인천공항2터미널,서울역
31250,공항철도,,디지털미디어시티,DAY,DOWN,0,A2208,,19:33:00,인천공항2터미널,서울역
31251,공항철도,,홍대입구,DAY,DOWN,0,A2208,,19:37:00,인천공항2터미널,서울역
31252,공항철도,,공덕,DAY,DOWN,0,A2208,,19:41:00,인천공항2터미널,서울역
31253,공항철도,,인천공항2터미널,SAT,DOWN,0,A2208,,17:57:00,인천공항2터미널,서울역
31254,공항철도,,인천공항2터미널,END,DOWN,0,A2208,,17:57:00,인천공항2터미널,서울역
31255,공항철도,,인천공항1터미널,SAT,DOWN,0,A2208,,18:04:00,인천공항2터미널,서울역
31256,공항철도,,인천공항1터미널,END,DOWN,0,A2208,,18:04:00,인천공항2터미널,서울역
31257,공항철도,,공항화물청사,SAT,DOWN,0,A2208,,18:07:00,인천공항2터미널,서울역
31258,공항철도,,공항화물청사,END,DOWN,0,A2208,,18:07:00,인천공항2터미널,서울역
31259,공항철도,,운서,SAT,DOWN,0,A2208,,18:12:00,인천공항2터미널,서울역
31260,공항철도,,운서,END,DOWN,0,A2208,,18:12:00,인천공항2터미널,서울역
31261,공항철도,,영종,SAT,DOWN,0,A2208,,18:16:00,인천공항2터미널,서울역
31262,공항철도,,영종,END,DOWN,0,A2208,,18:16:00,인천공항2터미널,서울역
31263,공항철도,,청라국제도시,SAT,DOWN,0,A2208,,18:24:00,인천공항2터미널,서울역
31264,공항철도,,청라국제도시,END,DOWN,0,A2208,,18:24:00,인천공항2터미널,서울역
31265,공항철도,,검암,SAT,DOWN,0,A2208,,18:29:00,인천공항2터미널,서울역
31266,공항철도,,검암,END,DOWN,0,A2208,,18:29:00,인천공항2터미널,서울역
31267,공항철도,,계양,SAT,DOWN,0,A2208,,18:35:00,인천공항2터미널,서울역
31268,공항철도,,계양,END,DOWN,0,A2208,,18:35:00,인천공항2터미널,서울역
31269,공항철도,,김포공항,SAT,DOWN,0,A2208,,18:42:00,인천공항2터미널,서울역
31270,공항철도,,김포공항,END,DOWN,0,A2208,,18:42:00,인천공항2터미널,서울역
31271,공항철도,,마곡나루,SAT,DOWN,0,A2208,,18:45:00,인천공항2터미널,서울역
31272,공항철도,,마곡나루,END,DOWN,0,A2208,,18:45:00,인천공항2터미널,서울역
31273,공항철도,,디지털미디어시티,SAT,DOWN,0,A2208,,18:54:00,인천공항2터미널,서울역
31274,공항철도,,디지털미디어시티,END,DOWN,0,A2208,,18:54:00,인천공항2터미널,서울역
31275,공항철도,,홍대입구,SAT,DOWN,0,A2208,,18:58:00,인천공항2터미널,서울역
31276,공항철도,,홍대입구,END,DOWN,0,A2208,,18:58:00,인천공항2터미널,서울역
31277,공항철도,,공덕,SAT,DOWN,0,A2208,,19:01:00,인천공항2터미널,서울역
31278,공항철도,,공덕,END,DOWN,0,A2208,,19:01:00,인천공항2터미널,서울역
31279,공항철도,,서울역,DAY,DOWN,0,A2209,,19:47:00,서울역,인천공항2터미널
31280,공항철도,,공덕,DAY,DOWN,0,A2209,,19:51:00,서울역,인천공항2터미널
31281,공항철도,,홍대입구,DAY,DOWN,0,A2209,,19:55:00,서울역,인천공항2터미널
31282,공항철도,,디지털미디어시티,DAY,DOWN,0,A2209,,19:59:00,서울역,인천공항2터미널
31283,공항철도,,마곡나루,DAY,DOWN,0,A2209,,20:06:00,서울역,인천공항2터미널
31284,공항철도,,김포공항,DAY,DOWN,0,A2209,,20:09:00,서울역,인천공항2터미널
31285,공항철도,,계양,DAY,DOWN,0,A2209,,20:16:00,서울역,인천공항2터미널
31286,공항철도,,검암,DAY,DOWN,0,A2209,,20:22:00,서울역,인천공항2터미널
31287,공항철도,,청라국제도시,DAY,DOWN,0,A2209,,20:27:00,서울역,인천공항2터미널
31288,공항철도,,영종,DAY,DOWN,0,A2209,,20:35:00,서울역,인천공항2터미널
31289,공항철도,,운서,DAY,DOWN,0,A2209,,20:39:00,서울역,인천공항2터미널
31290,공항철도,,공항화물청사,DAY,DOWN,0,A2209,,20:44:00,서울역,인천공항2터미널
31291,공항철도,,인천공항1터미널,DAY,DOWN,0,A2209,,20:48:00,서울역,인천공항2터미널
31292,공항철도,,서울역,SAT,DOWN,0,A2209,,19:00:00,서울역,인천공항2터미널
31293,공항철도,,서울역,END,DOWN,0,A2209,,19:00:00,서울역,인천공항2터미널
31294,공항철도,,공덕,SAT,DOWN,0,A2209,,19:04:00,서울역,인천공항2터미널
31295,공항철도,,공덕,END,DOWN,0,A2209,,19:04:00,서울역,인천공항2터미널
31296,공항철도,,홍대입구,SAT,DOWN,0,A2209,,19:08:00,서울역,인천공항2터미널
31297,공항철도,,홍대입구,END,DOWN,0,A2209,,19:08:00,서울역,인천공항2터미널
31298,공항철도,,디지털미디어시티,SAT,DOWN,0,A2209,,19:12:00,서울역,인천공항2터미널
31299,공항철도,,디지털미디어시티,END,DOWN,0,A2209,,19:12:00,서울역,인천공항2터미널
31300,공항철도,,마곡나루,SAT,DOWN,0,A2209,,19:19:00,서울역,인천공항2터미널
31301,공항철도,,마곡나루,END,DOWN,0,A2209,,19:19:00,서울역,인천공항2터미널
31302,공항철도,,김포공항,SAT,DOWN,0,A2209,,19:22:00,서울역,인천공항2터미널
31303,공항철도,,김포공항,END,DOWN,0,A2209,,19:22:00,서울역,인천공항2터미널
31304,공항철도,,계양,SAT,DOWN,0,A2209,,19:29:00,서울역,인천공항2터미널
31305,공항철도,,계양,END,DOWN,0,A2209,,19:29:00,서울역,인천공항2터미널
31306,공항철도,,검암,SAT,DOWN,0,A2209,,19:35:00,서울역,인천공항2터미널
31307,공항철도,,검암,END,DOWN,0,A2209,,19:35:00,서울역,인천공항2터미널
31308,공항철도,,청라국제도시,SAT,DOWN,0,A2209,,19:40:00,서울역,인천공항2터미널
31309,공항철도,,청라국제도시,END,DOWN,0,A2209,,19:40:00,서울역,인천공항2터미널
31310,공항철도,,영종,SAT,DOWN,0,A2209,,19:48:00,서울역,인천공항2터미널
31311,공항철도,,영종,END,DOWN,0,A2209,,19:48:00,서울역,인천공항2터미널
31312,공항철도,,운서,SAT,DOWN,0,A2209,,19:52:00,서울역,인천공항2터미널
31313,공항철도,,운서,END,DOWN,0,A2209,,19:52:00,서울역,인천공항2터미널
31314,공항철도,,공항화물청사,SAT,DOWN,0,A2209,,19:57:00,서울역,인천공항2터미널
31315,공항철도,,공항화물청사,END,DOWN,0,A2209,,19:57:00,서울역,인천공항2터미널
31316,공항철도,,인천공항1터미널,SAT,DOWN,0,A2209,,20:01:00,서울역,인천공항2터미널
31317,공항철도,,인천공항1터미널,END,DOWN,0,A2209,,20:01:00,서울역,인천공항2터미널
31318,공항철도,,인천공항2터미널,DAY,DOWN,0,A2210,,18:46:00,인천공항2터미널,서울역
31319,공항철도,,인천공항1터미널,DAY,DOWN,0,A2210,,18:53:00,인천공항2터미널,서울역
31320,공항철도,,공항화물청사,DAY,DOWN,0,A2210,,18:56:00,인천공항2터미널,서울역
31321,공항철도,,운서,DAY,DOWN,0,A2210,,19:01:00,인천공항2터미널,서울역
31322,공항철도,,영종,DAY,DOWN,0,A2210,,19:05:00,인천공항2터미널,서울역
31323,공항철도,,청라국제도시,DAY,DOWN,0,A2210,,19:13:00,인천공항2터미널,서울역
31324,공항철도,,검암,DAY,DOWN,0,A2210,,19:18:00,인천공항2터미널,서울역
31325,공항철도,,계양,DAY,DOWN,0,A2210,,19:24:00,인천공항2터미널,서울역
31326,공항철도,,김포공항,DAY,DOWN,0,A2210,,19:31:00,인천공항2터미널,서울역
31327,공항철도,,마곡나루,DAY,DOWN,0,A2210,,19:34:00,인천공항2터미널,서울역
31328,공항철도,,디지털미디어시티,DAY,DOWN,0,A2210,,19:41:00,인천공항2터미널,서울역
31329,공항철도,,홍대입구,DAY,DOWN,0,A2210,,19:45:00,인천공항2터미널,서울역
31330,공항철도,,공덕,DAY,DOWN,0,A2210,,19:49:00,인천공항2터미널,서울역
31331,공항철도,,인천공항2터미널,SAT,DOWN,0,A2210,,18:07:00,인천공항2터미널,서울역
31332,공항철도,,인천공항2터미널,END,DOWN,0,A2210,,18:07:00,인천공항2터미널,서울역
31333,공항철도,,인천공항1터미널,SAT,DOWN,0,A2210,,18:13:00,인천공항2터미널,서울역
31334,공항철도,,인천공항1터미널,END,DOWN,0,A2210,,18:13:00,인천공항2터미널,서울역
31335,공항철도,,공항화물청사,SAT,DOWN,0,A2210,,18:17:00,인천공항2터미널,서울역
31336,공항철도,,공항화물청사,END,DOWN,0,A2210,,18:17:00,인천공항2터미널,서울역
31337,공항철도,,운서,SAT,DOWN,0,A2210,,18:21:00,인천공항2터미널,서울역
31338,공항철도,,운서,END,DOWN,0,A2210,,18:21:00,인천공항2터미널,서울역
31339,공항철도,,영종,SAT,DOWN,0,A2210,,18:27:00,인천공항2터미널,서울역
31340,공항철도,,영종,END,DOWN,0,A2210,,18:27:00,인천공항2터미널,서울역
31341,공항철도,,청라국제도시,SAT,DOWN,0,A2210,,18:35:00,인천공항2터미널,서울역
31342,공항철도,,청라국제도시,END,DOWN,0,A2210,,18:35:00,인천공항2터미널,서울역
31343,공항철도,,검암,SAT,DOWN,0,A2210,,18:40:00,인천공항2터미널,서울역
31344,공항철도,,검암,END,DOWN,0,A2210,,18:40:00,인천공항2터미널,서울역
31345,공항철도,,계양,SAT,DOWN,0,A2210,,18:46:00,인천공항2터미널,서울역
31346,공항철도,,계양,END,DOWN,0,A2210,,18:46:00,인천공항2터미널,서울역
31347,공항철도,,김포공항,SAT,DOWN,0,A2210,,18:53:00,인천공항2터미널,서울역
31348,공항철도,,김포공항,END,DOWN,0,A2210,,18:53:00,인천공항2터미널,서울역
31349,공항철도,,마곡나루,SAT,DOWN,0,A2210,,18:56:00,인천공항2터미널,서울역
31350,공항철도,,마곡나루,END,DOWN,0,A2210,,18:56:00,인천공항2터미널,서울역
31351,공항철도,,디지털미디어시티,SAT,DOWN,0,A2210,,19:03:00,인천공항2터미널,서울역
31352,공항철도,,디지털미디어시티,END,DOWN,0,A2210,,19:03:00,인천공항2터미널,서울역
31353,공항철도,,홍대입구,SAT,DOWN,0,A2210,,19:07:00,인천공항2터미널,서울역
31354,공항철도,,홍대입구,END,DOWN,0,A2210,,19:07:00,인천공항2터미널,서울역
31355,공항철도,,공덕,SAT,DOWN,0,A2210,,19:11:00,인천공항2터미널,서울역
31356,공항철도,,공덕,END,DOWN,0,A2210,,19:11:00,인천공항2터미널,서울역
31357,공항철도,,서울역,DAY,DOWN,0,A2211,,19:55:00,서울역,인천공항2터미널
31358,공항철도,,공덕,DAY,DOWN,0,A2211,,20:00:00,서울역,인천공항2터미널
31359,공항철도,,홍대입구,DAY,DOWN,0,A2211,,20:03:00,서울역,인천공항2터미널
31360,공항철도,,디지털미디어시티,DAY,DOWN,0,A2211,,20:07:00,서울역,인천공항2터미널
31361,공항철도,,마곡나루,DAY,DOWN,0,A2211,,20:15:00,서울역,인천공항2터미널
31362,공항철도,,김포공항,DAY,DOWN,0,A2211,,20:18:00,서울역,인천공항2터미널
31363,공항철도,,계양,DAY,DOWN,0,A2211,,20:24:00,서울역,인천공항2터미널
31364,공항철도,,검암,DAY,DOWN,0,A2211,,20:30:00,서울역,인천공항2터미널
31365,공항철도,,청라국제도시,DAY,DOWN,0,A2211,,20:35:00,서울역,인천공항2터미널
31366,공항철도,,영종,DAY,DOWN,0,A2211,,20:45:00,서울역,인천공항2터미널
31367,공항철도,,운서,DAY,DOWN,0,A2211,,20:49:00,서울역,인천공항2터미널
31368,공항철도,,공항화물청사,DAY,DOWN,0,A2211,,20:54:00,서울역,인천공항2터미널
31369,공항철도,,인천공항1터미널,DAY,DOWN,0,A2211,,20:58:00,서울역,인천공항2터미널
31370,공항철도,,서울역,SAT,DOWN,0,A2211,,19:06:00,서울역,인천공항2터미널
31371,공항철도,,서울역,END,DOWN,0,A2211,,19:06:00,서울역,인천공항2터미널
31372,공항철도,,공덕,SAT,DOWN,0,A2211,,19:11:00,서울역,인천공항2터미널
31373,공항철도,,공덕,END,DOWN,0,A2211,,19:11:00,서울역,인천공항2터미널
31374,공항철도,,홍대입구,SAT,DOWN,0,A2211,,19:14:00,서울역,인천공항2터미널
31375,공항철도,,홍대입구,END,DOWN,0,A2211,,19:14:00,서울역,인천공항2터미널
31376,공항철도,,디지털미디어시티,SAT,DOWN,0,A2211,,19:18:00,서울역,인천공항2터미널
31377,공항철도,,디지털미디어시티,END,DOWN,0,A2211,,19:18:00,서울역,인천공항2터미널
31378,공항철도,,마곡나루,SAT,DOWN,0,A2211,,19:26:00,서울역,인천공항2터미널
31379,공항철도,,마곡나루,END,DOWN,0,A2211,,19:26:00,서울역,인천공항2터미널
31380,공항철도,,김포공항,SAT,DOWN,0,A2211,,19:29:00,서울역,인천공항2터미널
31381,공항철도,,김포공항,END,DOWN,0,A2211,,19:29:00,서울역,인천공항2터미널
31382,공항철도,,계양,SAT,DOWN,0,A2211,,19:35:00,서울역,인천공항2터미널
31383,공항철도,,계양,END,DOWN,0,A2211,,19:35:00,서울역,인천공항2터미널
31384,공항철도,,검암,SAT,DOWN,0,A2211,,19:41:00,서울역,인천공항2터미널
31385,공항철도,,검암,END,DOWN,0,A2211,,19:41:00,서울역,인천공항2터미널
31386,공항철도,,청라국제도시,SAT,DOWN,0,A2211,,19:46:00,서울역,인천공항2터미널
31387,공항철도,,청라국제도시,END,DOWN,0,A2211,,19:46:00,서울역,인천공항2터미널
31388,공항철도,,영종,SAT,DOWN,0,A2211,,19:55:00,서울역,인천공항2터미널
31389,공항철도,,영종,END,DOWN,0,A2211,,19:55:00,서울역,인천공항2터미널
31390,공항철도,,운서,SAT,DOWN,0,A2211,,19:59:00,서울역,인천공항2터미널
31391,공항철도,,운서,END,DOWN,0,A2211,,19:59:00,서울역,인천공항2터미널
31392,공항철도,,공항화물청사,SAT,DOWN,0,A2211,,20:03:00,서울역,인천공항2터미널
31393,공항철도,,공항화물청사,END,DOWN,0,A2211,,20:03:00,서울역,인천공항2터미널
31394,공항철도,,인천공항1터미널,SAT,DOWN,0,A2211,,20:07:00,서울역,인천공항2터미널
31395,공항철도,,인천공항1터미널,END,DOWN,0,A2211,,20:07:00,서울역,인천공항2터미널
31396,공항철도,,인천공항2터미널,DAY,DOWN,0,A2212,,18:56:00,인천공항2터미널,서울역
31397,공항철도,,인천공항1터미널,DAY,DOWN,0,A2212,,19:02:00,인천공항2터미널,서울역
31398,공항철도,,공항화물청사,DAY,DOWN,0,A2212,,19:06:00,인천공항2터미널,서울역
31399,공항철도,,운서,DAY,DOWN,0,A2212,,19:10:00,인천공항2터미널,서울역
31400,공항철도,,영종,DAY,DOWN,0,A2212,,19:14:00,인천공항2터미널,서울역
31401,공항철도,,청라국제도시,DAY,DOWN,0,A2212,,19:23:00,인천공항2터미널,서울역
31402,공항철도,,검암,DAY,DOWN,0,A2212,,19:28:00,인천공항2터미널,서울역
31403,공항철도,,계양,DAY,DOWN,0,A2212,,19:34:00,인천공항2터미널,서울역
31404,공항철도,,김포공항,DAY,DOWN,0,A2212,,19:40:00,인천공항2터미널,서울역
31405,공항철도,,마곡나루,DAY,DOWN,0,A2212,,19:43:00,인천공항2터미널,서울역
31406,공항철도,,디지털미디어시티,DAY,DOWN,0,A2212,,19:51:00,인천공항2터미널,서울역
31407,공항철도,,홍대입구,DAY,DOWN,0,A2212,,19:55:00,인천공항2터미널,서울역
31408,공항철도,,공덕,DAY,DOWN,0,A2212,,19:58:00,인천공항2터미널,서울역
31409,공항철도,,인천공항2터미널,SAT,DOWN,0,A2212,,18:15:00,인천공항2터미널,서울역
31410,공항철도,,인천공항2터미널,END,DOWN,0,A2212,,18:15:00,인천공항2터미널,서울역
31411,공항철도,,인천공항1터미널,SAT,DOWN,0,A2212,,18:22:00,인천공항2터미널,서울역
31412,공항철도,,인천공항1터미널,END,DOWN,0,A2212,,18:22:00,인천공항2터미널,서울역
31413,공항철도,,공항화물청사,SAT,DOWN,0,A2212,,18:25:00,인천공항2터미널,서울역
31414,공항철도,,공항화물청사,END,DOWN,0,A2212,,18:25:00,인천공항2터미널,서울역
31415,공항철도,,운서,SAT,DOWN,0,A2212,,18:30:00,인천공항2터미널,서울역
31416,공항철도,,운서,END,DOWN,0,A2212,,18:30:00,인천공항2터미널,서울역
31417,공항철도,,영종,SAT,DOWN,0,A2212,,18:34:00,인천공항2터미널,서울역
31418,공항철도,,영종,END,DOWN,0,A2212,,18:34:00,인천공항2터미널,서울역
31419,공항철도,,청라국제도시,SAT,DOWN,0,A2212,,18:42:00,인천공항2터미널,서울역
31420,공항철도,,청라국제도시,END,DOWN,0,A2212,,18:42:00,인천공항2터미널,서울역
31421,공항철도,,검암,SAT,DOWN,0,A2212,,18:47:00,인천공항2터미널,서울역
31422,공항철도,,검암,END,DOWN,0,A2212,,18:47:00,인천공항2터미널,서울역
31423,공항철도,,계양,SAT,DOWN,0,A2212,,18:53:00,인천공항2터미널,서울역
31424,공항철도,,계양,END,DOWN,0,A2212,,18:53:00,인천공항2터미널,서울역
31425,공항철도,,김포공항,SAT,DOWN,0,A2212,,19:00:00,인천공항2터미널,서울역
31426,공항철도,,김포공항,END,DOWN,0,A2212,,19:00:00,인천공항2터미널,서울역
31427,공항철도,,마곡나루,SAT,DOWN,0,A2212,,19:03:00,인천공항2터미널,서울역
31428,공항철도,,마곡나루,END,DOWN,0,A2212,,19:03:00,인천공항2터미널,서울역
31429,공항철도,,디지털미디어시티,SAT,DOWN,0,A2212,,19:10:00,인천공항2터미널,서울역
31430,공항철도,,디지털미디어시티,END,DOWN,0,A2212,,19:10:00,인천공항2터미널,서울역
31431,공항철도,,홍대입구,SAT,DOWN,0,A2212,,19:14:00,인천공항2터미널,서울역
31432,공항철도,,홍대입구,END,DOWN,0,A2212,,19:14:00,인천공항2터미널,서울역
31433,공항철도,,공덕,SAT,DOWN,0,A2212,,19:18:00,인천공항2터미널,서울역
31434,공항철도,,공덕,END,DOWN,0,A2212,,19:18:00,인천공항2터미널,서울역
31435,공항철도,,서울역,DAY,DOWN,0,A2213,,19:59:00,서울역,인천공항2터미널
31436,공항철도,,공덕,DAY,DOWN,0,A2213,,20:04:00,서울역,인천공항2터미널
31437,공항철도,,홍대입구,DAY,DOWN,0,A2213,,20:07:00,서울역,인천공항2터미널
31438,공항철도,,디지털미디어시티,DAY,DOWN,0,A2213,,20:11:00,서울역,인천공항2터미널
31439,공항철도,,마곡나루,DAY,DOWN,0,A2213,,20:19:00,서울역,인천공항2터미널
31440,공항철도,,김포공항,DAY,DOWN,0,A2213,,20:22:00,서울역,인천공항2터미널
31441,공항철도,,계양,DAY,DOWN,0,A2213,,20:28:00,서울역,인천공항2터미널
31442,공항철도,,검암,DAY,DOWN,0,A2213,,20:36:00,서울역,인천공항2터미널
31443,공항철도,,청라국제도시,DAY,DOWN,0,A2213,,20:41:00,서울역,인천공항2터미널
31444,공항철도,,영종,DAY,DOWN,0,A2213,,20:49:00,서울역,인천공항2터미널
31445,공항철도,,운서,DAY,DOWN,0,A2213,,20:53:00,서울역,인천공항2터미널
31446,공항철도,,공항화물청사,DAY,DOWN,0,A2213,,20:58:00,서울역,인천공항2터미널
31447,공항철도,,인천공항1터미널,DAY,DOWN,0,A2213,,21:02:00,서울역,인천공항2터미널
31448,공항철도,,서울역,SAT,DOWN,0,A2213,,19:13:00,서울역,인천공항2터미널
31449,공항철도,,서울역,END,DOWN,0,A2213,,19:13:00,서울역,인천공항2터미널
31450,공항철도,,공덕,SAT,DOWN,0,A2213,,19:17:00,서울역,인천공항2터미널
31451,공항철도,,공덕,END,DOWN,0,A2213,,19:17:00,서울역,인천공항2터미널
31452,공항철도,,홍대입구,SAT,DOWN,0,A2213,,19:21:00,서울역,인천공항2터미널
31453,공항철도,,홍대입구,END,DOWN,0,A2213,,19:21:00,서울역,인천공항2터미널
31454,공항철도,,디지털미디어시티,SAT,DOWN,0,A2213,,19:25:00,서울역,인천공항2터미널
31455,공항철도,,디지털미디어시티,END,DOWN,0,A2213,,19:25:00,서울역,인천공항2터미널
31456,공항철도,,마곡나루,SAT,DOWN,0,A2213,,19:32:00,서울역,인천공항2터미널
31457,공항철도,,마곡나루,END,DOWN,0,A2213,,19:32:00,서울역,인천공항2터미널
31458,공항철도,,김포공항,SAT,DOWN,0,A2213,,19:35:00,서울역,인천공항2터미널
31459,공항철도,,김포공항,END,DOWN,0,A2213,,19:35:00,서울역,인천공항2터미널
31460,공항철도,,계양,SAT,DOWN,0,A2213,,19:42:00,서울역,인천공항2터미널
31461,공항철도,,계양,END,DOWN,0,A2213,,19:42:00,서울역,인천공항2터미널
31462,공항철도,,검암,SAT,DOWN,0,A2213,,19:48:00,서울역,인천공항2터미널
31463,공항철도,,검암,END,DOWN,0,A2213,,19:48:00,서울역,인천공항2터미널
31464,공항철도,,청라국제도시,SAT,DOWN,0,A2213,,19:53:00,서울역,인천공항2터미널
31465,공항철도,,청라국제도시,END,DOWN,0,A2213,,19:53:00,서울역,인천공항2터미널
31466,공항철도,,영종,SAT,DOWN,0,A2213,,20:01:00,서울역,인천공항2터미널
31467,공항철도,,영종,END,DOWN,0,A2213,,20:01:00,서울역,인천공항2터미널
31468,공항철도,,운서,SAT,DOWN,0,A2213,,20:05:00,서울역,인천공항2터미널
31469,공항철도,,운서,END,DOWN,0,A2213,,20:05:00,서울역,인천공항2터미널
31470,공항철도,,공항화물청사,SAT,DOWN,0,A2213,,20:10:00,서울역,인천공항2터미널
31471,공항철도,,공항화물청사,END,DOWN,0,A2213,,20:10:00,서울역,인천공항2터미널
31472,공항철도,,인천공항1터미널,SAT,DOWN,0,A2213,,20:14:00,서울역,인천공항2터미널
31473,공항철도,,인천공항1터미널,END,DOWN,0,A2213,,20:14:00,서울역,인천공항2터미널
31474,공항철도,,인천공항2터미널,DAY,DOWN,0,A2214,,19:02:00,인천공항2터미널,서울역
31475,공항철도,,인천공항1터미널,DAY,DOWN,0,A2214,,19:09:00,인천공항2터미널,서울역
31476,공항철도,,공항화물청사,DAY,DOWN,0,A2214,,19:12:00,인천공항2터미널,서울역
31477,공항철도,,운서,DAY,DOWN,0,A2214,,19:17:00,인천공항2터미널,서울역
31478,공항철도,,영종,DAY,DOWN,0,A2214,,19:21:00,인천공항2터미널,서울역
31479,공항철도,,청라국제도시,DAY,DOWN,0,A2214,,19:29:00,인천공항2터미널,서울역
31480,공항철도,,검암,DAY,DOWN,0,A2214,,19:34:00,인천공항2터미널,서울역
31481,공항철도,,계양,DAY,DOWN,0,A2214,,19:40:00,인천공항2터미널,서울역
31482,공항철도,,김포공항,DAY,DOWN,0,A2214,,19:47:00,인천공항2터미널,서울역
31483,공항철도,,마곡나루,DAY,DOWN,0,A2214,,19:50:00,인천공항2터미널,서울역
31484,공항철도,,디지털미디어시티,DAY,DOWN,0,A2214,,19:59:00,인천공항2터미널,서울역
31485,공항철도,,홍대입구,DAY,DOWN,0,A2214,,20:03:00,인천공항2터미널,서울역
31486,공항철도,,공덕,DAY,DOWN,0,A2214,,20:06:00,인천공항2터미널,서울역
31487,공항철도,,인천공항2터미널,SAT,DOWN,0,A2214,,18:22:00,인천공항2터미널,서울역
31488,공항철도,,인천공항2터미널,END,DOWN,0,A2214,,18:22:00,인천공항2터미널,서울역
31489,공항철도,,인천공항1터미널,SAT,DOWN,0,A2214,,18:28:00,인천공항2터미널,서울역
31490,공항철도,,인천공항1터미널,END,DOWN,0,A2214,,18:28:00,인천공항2터미널,서울역
31491,공항철도,,공항화물청사,SAT,DOWN,0,A2214,,18:32:00,인천공항2터미널,서울역
31492,공항철도,,공항화물청사,END,DOWN,0,A2214,,18:32:00,인천공항2터미널,서울역
31493,공항철도,,운서,SAT,DOWN,0,A2214,,18:36:00,인천공항2터미널,서울역
31494,공항철도,,운서,END,DOWN,0,A2214,,18:36:00,인천공항2터미널,서울역
31495,공항철도,,영종,SAT,DOWN,0,A2214,,18:40:00,인천공항2터미널,서울역
31496,공항철도,,영종,END,DOWN,0,A2214,,18:40:00,인천공항2터미널,서울역
31497,공항철도,,청라국제도시,SAT,DOWN,0,A2214,,18:49:00,인천공항2터미널,서울역
31498,공항철도,,청라국제도시,END,DOWN,0,A2214,,18:49:00,인천공항2터미널,서울역
31499,공항철도,,검암,SAT,DOWN,0,A2214,,18:54:00,인천공항2터미널,서울역
31500,공항철도,,검암,END,DOWN,0,A2214,,18:54:00,인천공항2터미널,서울역
31501,공항철도,,계양,SAT,DOWN,0,A2214,,19:00:00,인천공항2터미널,서울역
31502,공항철도,,계양,END,DOWN,0,A2214,,19:00:00,인천공항2터미널,서울역
31503,공항철도,,김포공항,SAT,DOWN,0,A2214,,19:06:00,인천공항2터미널,서울역
31504,공항철도,,김포공항,END,DOWN,0,A2214,,19:06:00,인천공항2터미널,서울역
31505,공항철도,,마곡나루,SAT,DOWN,0,A2214,,19:09:00,인천공항2터미널,서울역
31506,공항철도,,마곡나루,END,DOWN,0,A2214,,19:09:00,인천공항2터미널,서울역
31507,공항철도,,디지털미디어시티,SAT,DOWN,0,A2214,,19:18:00,인천공항2터미널,서울역
31508,공항철도,,디지털미디어시티,END,DOWN,0,A2214,,19:18:00,인천공항2터미널,서울역
31509,공항철도,,홍대입구,SAT,DOWN,0,A2214,,19:22:00,인천공항2터미널,서울역
31510,공항철도,,홍대입구,END,DOWN,0,A2214,,19:22:00,인천공항2터미널,서울역
31511,공항철도,,공덕,SAT,DOWN,0,A2214,,19:26:00,인천공항2터미널,서울역
31512,공항철도,,공덕,END,DOWN,0,A2214,,19:26:00,인천공항2터미널,서울역
31513,공항철도,,서울역,DAY,DOWN,0,A2215,,20:06:00,서울역,인천공항2터미널
31514,공항철도,,공덕,DAY,DOWN,0,A2215,,20:10:00,서울역,인천공항2터미널
31515,공항철도,,홍대입구,DAY,DOWN,0,A2215,,20:14:00,서울역,인천공항2터미널
31516,공항철도,,디지털미디어시티,DAY,DOWN,0,A2215,,20:19:00,서울역,인천공항2터미널
31517,공항철도,,마곡나루,DAY,DOWN,0,A2215,,20:27:00,서울역,인천공항2터미널
31518,공항철도,,김포공항,DAY,DOWN,0,A2215,,20:30:00,서울역,인천공항2터미널
31519,공항철도,,계양,DAY,DOWN,0,A2215,,20:36:00,서울역,인천공항2터미널
31520,공항철도,,검암,DAY,DOWN,0,A2215,,20:42:00,서울역,인천공항2터미널
31521,공항철도,,청라국제도시,DAY,DOWN,0,A2215,,20:47:00,서울역,인천공항2터미널
31522,공항철도,,영종,DAY,DOWN,0,A2215,,20:56:00,서울역,인천공항2터미널
31523,공항철도,,운서,DAY,DOWN,0,A2215,,21:00:00,서울역,인천공항2터미널
31524,공항철도,,공항화물청사,DAY,DOWN,0,A2215,,21:04:00,서울역,인천공항2터미널
31525,공항철도,,인천공항1터미널,DAY,DOWN,0,A2215,,21:08:00,서울역,인천공항2터미널
31526,공항철도,,서울역,SAT,DOWN,0,A2215,,19:21:00,서울역,인천공항2터미널
31527,공항철도,,서울역,END,DOWN,0,A2215,,19:21:00,서울역,인천공항2터미널
31528,공항철도,,공덕,SAT,DOWN,0,A2215,,19:26:00,서울역,인천공항2터미널
31529,공항철도,,공덕,END,DOWN,0,A2215,,19:26:00,서울역,인천공항2터미널
31530,공항철도,,홍대입구,SAT,DOWN,0,A2215,,19:29:00,서울역,인천공항2터미널
31531,공항철도,,홍대입구,END,DOWN,0,A2215,,19:29:00,서울역,인천공항2터미널
31532,공항철도,,디지털미디어시티,SAT,DOWN,0,A2215,,19:33:00,서울역,인천공항2터미널
31533,공항철도,,디지털미디어시티,END,DOWN,0,A2215,,19:33:00,서울역,인천공항2터미널
31534,공항철도,,마곡나루,SAT,DOWN,0,A2215,,19:41:00,서울역,인천공항2터미널
31535,공항철도,,마곡나루,END,DOWN,0,A2215,,19:41:00,서울역,인천공항2터미널
31536,공항철도,,김포공항,SAT,DOWN,0,A2215,,19:44:00,서울역,인천공항2터미널
31537,공항철도,,김포공항,END,DOWN,0,A2215,,19:44:00,서울역,인천공항2터미널
31538,공항철도,,계양,SAT,DOWN,0,A2215,,19:50:00,서울역,인천공항2터미널
31539,공항철도,,계양,END,DOWN,0,A2215,,19:50:00,서울역,인천공항2터미널
31540,공항철도,,검암,SAT,DOWN,0,A2215,,19:56:00,서울역,인천공항2터미널
31541,공항철도,,검암,END,DOWN,0,A2215,,19:56:00,서울역,인천공항2터미널
31542,공항철도,,청라국제도시,SAT,DOWN,0,A2215,,20:01:00,서울역,인천공항2터미널
31543,공항철도,,청라국제도시,END,DOWN,0,A2215,,20:01:00,서울역,인천공항2터미널
31544,공항철도,,영종,SAT,DOWN,0,A2215,,20:11:00,서울역,인천공항2터미널
31545,공항철도,,영종,END,DOWN,0,A2215,,20:11:00,서울역,인천공항2터미널
31546,공항철도,,운서,SAT,DOWN,0,A2215,,20:15:00,서울역,인천공항2터미널
31547,공항철도,,운서,END,DOWN,0,A2215,,20:15:00,서울역,인천공항2터미널
31548,공항철도,,공항화물청사,SAT,DOWN,0,A2215,,20:20:00,서울역,인천공항2터미널
31549,공항철도,,공항화물청사,END,DOWN,0,A2215,,20:20:00,서울역,인천공항2터미널
31550,공항철도,,인천공항1터미널,SAT,DOWN,0,A2215,,20:24:00,서울역,인천공항2터미널
31551,공항철도,,인천공항1터미널,END,DOWN,0,A2215,,20:24:00,서울역,인천공항2터미널
31552,공항철도,,인천공항2터미널,DAY,DOWN,0,A2216,,19:12:00,인천공항2터미널,서울역
31553,공항철도,,인천공항1터미널,DAY,DOWN,0,A2216,,19:19:00,인천공항2터미널,서울역
31554,공항철도,,공항화물청사,DAY,DOWN,0,A2216,,19:22:00,인천공항2터미널,서울역
31555,공항철도,,운서,DAY,DOWN,0,A2216,,19:27:00,인천공항2터미널,서울역
31556,공항철도,,영종,DAY,DOWN,0,A2216,,19:32:00,인천공항2터미널,서울역
31557,공항철도,,청라국제도시,DAY,DOWN,0,A2216,,19:41:00,인천공항2터미널,서울역
31558,공항철도,,검암,DAY,DOWN,0,A2216,,19:46:00,인천공항2터미널,서울역
31559,공항철도,,계양,DAY,DOWN,0,A2216,,19:52:00,인천공항2터미널,서울역
31560,공항철도,,김포공항,DAY,DOWN,0,A2216,,19:58:00,인천공항2터미널,서울역
31561,공항철도,,마곡나루,DAY,DOWN,0,A2216,,20:01:00,인천공항2터미널,서울역
31562,공항철도,,디지털미디어시티,DAY,DOWN,0,A2216,,20:09:00,인천공항2터미널,서울역
31563,공항철도,,홍대입구,DAY,DOWN,0,A2216,,20:13:00,인천공항2터미널,서울역
31564,공항철도,,공덕,DAY,DOWN,0,A2216,,20:16:00,인천공항2터미널,서울역
31565,공항철도,,인천공항2터미널,SAT,DOWN,0,A2216,,18:28:00,인천공항2터미널,서울역
31566,공항철도,,인천공항2터미널,END,DOWN,0,A2216,,18:28:00,인천공항2터미널,서울역
31567,공항철도,,인천공항1터미널,SAT,DOWN,0,A2216,,18:35:00,인천공항2터미널,서울역
31568,공항철도,,인천공항1터미널,END,DOWN,0,A2216,,18:35:00,인천공항2터미널,서울역
31569,공항철도,,공항화물청사,SAT,DOWN,0,A2216,,18:38:00,인천공항2터미널,서울역
31570,공항철도,,공항화물청사,END,DOWN,0,A2216,,18:38:00,인천공항2터미널,서울역
31571,공항철도,,운서,SAT,DOWN,0,A2216,,18:43:00,인천공항2터미널,서울역
31572,공항철도,,운서,END,DOWN,0,A2216,,18:43:00,인천공항2터미널,서울역
31573,공항철도,,영종,SAT,DOWN,0,A2216,,18:47:00,인천공항2터미널,서울역
31574,공항철도,,영종,END,DOWN,0,A2216,,18:47:00,인천공항2터미널,서울역
31575,공항철도,,청라국제도시,SAT,DOWN,0,A2216,,18:55:00,인천공항2터미널,서울역
31576,공항철도,,청라국제도시,END,DOWN,0,A2216,,18:55:00,인천공항2터미널,서울역
31577,공항철도,,검암,SAT,DOWN,0,A2216,,19:02:00,인천공항2터미널,서울역
31578,공항철도,,검암,END,DOWN,0,A2216,,19:02:00,인천공항2터미널,서울역
31579,공항철도,,계양,SAT,DOWN,0,A2216,,19:08:00,인천공항2터미널,서울역
31580,공항철도,,계양,END,DOWN,0,A2216,,19:08:00,인천공항2터미널,서울역
31581,공항철도,,김포공항,SAT,DOWN,0,A2216,,19:14:00,인천공항2터미널,서울역
31582,공항철도,,김포공항,END,DOWN,0,A2216,,19:14:00,인천공항2터미널,서울역
31583,공항철도,,마곡나루,SAT,DOWN,0,A2216,,19:17:00,인천공항2터미널,서울역
31584,공항철도,,마곡나루,END,DOWN,0,A2216,,19:17:00,인천공항2터미널,서울역
31585,공항철도,,디지털미디어시티,SAT,DOWN,0,A2216,,19:25:00,인천공항2터미널,서울역
31586,공항철도,,디지털미디어시티,END,DOWN,0,A2216,,19:25:00,인천공항2터미널,서울역
31587,공항철도,,홍대입구,SAT,DOWN,0,A2216,,19:29:00,인천공항2터미널,서울역
31588,공항철도,,홍대입구,END,DOWN,0,A2216,,19:29:00,인천공항2터미널,서울역
31589,공항철도,,공덕,SAT,DOWN,0,A2216,,19:32:00,인천공항2터미널,서울역
31590,공항철도,,공덕,END,DOWN,0,A2216,,19:32:00,인천공항2터미널,서울역
31591,공항철도,,서울역,DAY,DOWN,0,A2217,,20:14:00,서울역,인천공항2터미널
31592,공항철도,,공덕,DAY,DOWN,0,A2217,,20:18:00,서울역,인천공항2터미널
31593,공항철도,,홍대입구,DAY,DOWN,0,A2217,,20:22:00,서울역,인천공항2터미널
31594,공항철도,,디지털미디어시티,DAY,DOWN,0,A2217,,20:26:00,서울역,인천공항2터미널
31595,공항철도,,마곡나루,DAY,DOWN,0,A2217,,20:33:00,서울역,인천공항2터미널
31596,공항철도,,김포공항,DAY,DOWN,0,A2217,,20:36:00,서울역,인천공항2터미널
31597,공항철도,,계양,DAY,DOWN,0,A2217,,20:43:00,서울역,인천공항2터미널
31598,공항철도,,검암,DAY,DOWN,0,A2217,,20:49:00,서울역,인천공항2터미널
31599,공항철도,,청라국제도시,DAY,DOWN,0,A2217,,20:54:00,서울역,인천공항2터미널
31600,공항철도,,영종,DAY,DOWN,0,A2217,,21:02:00,서울역,인천공항2터미널
31601,공항철도,,운서,DAY,DOWN,0,A2217,,21:06:00,서울역,인천공항2터미널
31602,공항철도,,공항화물청사,DAY,DOWN,0,A2217,,21:11:00,서울역,인천공항2터미널
31603,공항철도,,인천공항1터미널,DAY,DOWN,0,A2217,,21:15:00,서울역,인천공항2터미널
31604,공항철도,,서울역,SAT,DOWN,0,A2217,,19:25:00,서울역,인천공항2터미널
31605,공항철도,,서울역,END,DOWN,0,A2217,,19:25:00,서울역,인천공항2터미널
31606,공항철도,,공덕,SAT,DOWN,0,A2217,,19:30:00,서울역,인천공항2터미널
31607,공항철도,,공덕,END,DOWN,0,A2217,,19:30:00,서울역,인천공항2터미널
31608,공항철도,,홍대입구,SAT,DOWN,0,A2217,,19:33:00,서울역,인천공항2터미널
31609,공항철도,,홍대입구,END,DOWN,0,A2217,,19:33:00,서울역,인천공항2터미널
31610,공항철도,,디지털미디어시티,SAT,DOWN,0,A2217,,19:37:00,서울역,인천공항2터미널
31611,공항철도,,디지털미디어시티,END,DOWN,0,A2217,,19:37:00,서울역,인천공항2터미널
31612,공항철도,,마곡나루,SAT,DOWN,0,A2217,,19:45:00,서울역,인천공항2터미널
31613,공항철도,,마곡나루,END,DOWN,0,A2217,,19:45:00,서울역,인천공항2터미널
31614,공항철도,,김포공항,SAT,DOWN,0,A2217,,19:48:00,서울역,인천공항2터미널
31615,공항철도,,김포공항,END,DOWN,0,A2217,,19:48:00,서울역,인천공항2터미널
31616,공항철도,,계양,SAT,DOWN,0,A2217,,19:54:00,서울역,인천공항2터미널
31617,공항철도,,계양,END,DOWN,0,A2217,,19:54:00,서울역,인천공항2터미널
31618,공항철도,,검암,SAT,DOWN,0,A2217,,20:02:00,서울역,인천공항2터미널
31619,공항철도,,검암,END,DOWN,0,A2217,,20:02:00,서울역,인천공항2터미널
31620,공항철도,,청라국제도시,SAT,DOWN,0,A2217,,20:07:00,서울역,인천공항2터미널
31621,공항철도,,청라국제도시,END,DOWN,0,A2217,,20:07:00,서울역,인천공항2터미널
31622,공항철도,,영종,SAT,DOWN,0,A2217,,20:15:00,서울역,인천공항2터미널
31623,공항철도,,영종,END,DOWN,0,A2217,,20:15:00,서울역,인천공항2터미널
31624,공항철도,,운서,SAT,DOWN,0,A2217,,20:19:00,서울역,인천공항2터미널
31625,공항철도,,운서,END,DOWN,0,A2217,,20:19:00,서울역,인천공항2터미널
31626,공항철도,,공항화물청사,SAT,DOWN,0,A2217,,20:24:00,서울역,인천공항2터미널
31627,공항철도,,공항화물청사,END,DOWN,0,A2217,,20:24:00,서울역,인천공항2터미널
31628,공항철도,,인천공항1터미널,SAT,DOWN,0,A2217,,20:28:00,서울역,인천공항2터미널
31629,공항철도,,인천공항1터미널,END,DOWN,0,A2217,,20:28:00,서울역,인천공항2터미널
31630,공항철도,,인천공항2터미널,DAY,DOWN,0,A2218,,19:22:00,인천공항2터미널,서울역
31631,공항철도,,인천공항1터미널,DAY,DOWN,0,A2218,,19:28:00,인천공항2터미널,서울역
31632,공항철도,,공항화물청사,DAY,DOWN,0,A2218,,19:32:00,인천공항2터미널,서울역
31633,공항철도,,운서,DAY,DOWN,0,A2218,,19:36:00,인천공항2터미널,서울역
31634,공항철도,,영종,DAY,DOWN,0,A2218,,19:40:00,인천공항2터미널,서울역
31635,공항철도,,청라국제도시,DAY,DOWN,0,A2218,,19:49:00,인천공항2터미널,서울역
31636,공항철도,,검암,DAY,DOWN,0,A2218,,19:54:00,인천공항2터미널,서울역
31637,공항철도,,계양,DAY,DOWN,0,A2218,,20:00:00,인천공항2터미널,서울역
31638,공항철도,,김포공항,DAY,DOWN,0,A2218,,20:06:00,인천공항2터미널,서울역
31639,공항철도,,마곡나루,DAY,DOWN,0,A2218,,20:09:00,인천공항2터미널,서울역
31640,공항철도,,디지털미디어시티,DAY,DOWN,0,A2218,,20:17:00,인천공항2터미널,서울역
31641,공항철도,,홍대입구,DAY,DOWN,0,A2218,,20:21:00,인천공항2터미널,서울역
31642,공항철도,,공덕,DAY,DOWN,0,A2218,,20:24:00,인천공항2터미널,서울역
31643,공항철도,,인천공항2터미널,SAT,DOWN,0,A2218,,18:39:00,인천공항2터미널,서울역
31644,공항철도,,인천공항2터미널,END,DOWN,0,A2218,,18:39:00,인천공항2터미널,서울역
31645,공항철도,,인천공항1터미널,SAT,DOWN,0,A2218,,18:45:00,인천공항2터미널,서울역
31646,공항철도,,인천공항1터미널,END,DOWN,0,A2218,,18:45:00,인천공항2터미널,서울역
31647,공항철도,,공항화물청사,SAT,DOWN,0,A2218,,18:49:00,인천공항2터미널,서울역
31648,공항철도,,공항화물청사,END,DOWN,0,A2218,,18:49:00,인천공항2터미널,서울역
31649,공항철도,,운서,SAT,DOWN,0,A2218,,18:53:00,인천공항2터미널,서울역
31650,공항철도,,운서,END,DOWN,0,A2218,,18:53:00,인천공항2터미널,서울역
31651,공항철도,,영종,SAT,DOWN,0,A2218,,18:57:00,인천공항2터미널,서울역
31652,공항철도,,영종,END,DOWN,0,A2218,,18:57:00,인천공항2터미널,서울역
31653,공항철도,,청라국제도시,SAT,DOWN,0,A2218,,19:06:00,인천공항2터미널,서울역
31654,공항철도,,청라국제도시,END,DOWN,0,A2218,,19:06:00,인천공항2터미널,서울역
31655,공항철도,,검암,SAT,DOWN,0,A2218,,19:11:00,인천공항2터미널,서울역
31656,공항철도,,검암,END,DOWN,0,A2218,,19:11:00,인천공항2터미널,서울역
31657,공항철도,,계양,SAT,DOWN,0,A2218,,19:17:00,인천공항2터미널,서울역
31658,공항철도,,계양,END,DOWN,0,A2218,,19:17:00,인천공항2터미널,서울역
31659,공항철도,,김포공항,SAT,DOWN,0,A2218,,19:23:00,인천공항2터미널,서울역
31660,공항철도,,김포공항,END,DOWN,0,A2218,,19:23:00,인천공항2터미널,서울역
31661,공항철도,,마곡나루,SAT,DOWN,0,A2218,,19:26:00,인천공항2터미널,서울역
31662,공항철도,,마곡나루,END,DOWN,0,A2218,,19:26:00,인천공항2터미널,서울역
31663,공항철도,,디지털미디어시티,SAT,DOWN,0,A2218,,19:34:00,인천공항2터미널,서울역
31664,공항철도,,디지털미디어시티,END,DOWN,0,A2218,,19:34:00,인천공항2터미널,서울역
31665,공항철도,,홍대입구,SAT,DOWN,0,A2218,,19:38:00,인천공항2터미널,서울역
31666,공항철도,,홍대입구,END,DOWN,0,A2218,,19:38:00,인천공항2터미널,서울역
31667,공항철도,,공덕,SAT,DOWN,0,A2218,,19:41:00,인천공항2터미널,서울역
31668,공항철도,,공덕,END,DOWN,0,A2218,,19:41:00,인천공항2터미널,서울역
31669,공항철도,,서울역,DAY,DOWN,0,A2219,,20:20:00,서울역,인천공항2터미널
31670,공항철도,,공덕,DAY,DOWN,0,A2219,,20:24:00,서울역,인천공항2터미널
31671,공항철도,,홍대입구,DAY,DOWN,0,A2219,,20:28:00,서울역,인천공항2터미널
31672,공항철도,,디지털미디어시티,DAY,DOWN,0,A2219,,20:32:00,서울역,인천공항2터미널
31673,공항철도,,마곡나루,DAY,DOWN,0,A2219,,20:39:00,서울역,인천공항2터미널
31674,공항철도,,김포공항,DAY,DOWN,0,A2219,,20:42:00,서울역,인천공항2터미널
31675,공항철도,,계양,DAY,DOWN,0,A2219,,20:49:00,서울역,인천공항2터미널
31676,공항철도,,검암,DAY,DOWN,0,A2219,,20:55:00,서울역,인천공항2터미널
31677,공항철도,,청라국제도시,DAY,DOWN,0,A2219,,21:00:00,서울역,인천공항2터미널
31678,공항철도,,영종,DAY,DOWN,0,A2219,,21:08:00,서울역,인천공항2터미널
31679,공항철도,,운서,DAY,DOWN,0,A2219,,21:12:00,서울역,인천공항2터미널
31680,공항철도,,공항화물청사,DAY,DOWN,0,A2219,,21:17:00,서울역,인천공항2터미널
31681,공항철도,,인천공항1터미널,DAY,DOWN,0,A2219,,21:21:00,서울역,인천공항2터미널
31682,공항철도,,서울역,SAT,DOWN,0,A2219,,19:32:00,서울역,인천공항2터미널
31683,공항철도,,서울역,END,DOWN,0,A2219,,19:32:00,서울역,인천공항2터미널
31684,공항철도,,공덕,SAT,DOWN,0,A2219,,19:36:00,서울역,인천공항2터미널
31685,공항철도,,공덕,END,DOWN,0,A2219,,19:36:00,서울역,인천공항2터미널
31686,공항철도,,홍대입구,SAT,DOWN,0,A2219,,19:40:00,서울역,인천공항2터미널
31687,공항철도,,홍대입구,END,DOWN,0,A2219,,19:40:00,서울역,인천공항2터미널
31688,공항철도,,디지털미디어시티,SAT,DOWN,0,A2219,,19:45:00,서울역,인천공항2터미널
31689,공항철도,,디지털미디어시티,END,DOWN,0,A2219,,19:45:00,서울역,인천공항2터미널
31690,공항철도,,마곡나루,SAT,DOWN,0,A2219,,19:53:00,서울역,인천공항2터미널
31691,공항철도,,마곡나루,END,DOWN,0,A2219,,19:53:00,서울역,인천공항2터미널
31692,공항철도,,김포공항,SAT,DOWN,0,A2219,,19:56:00,서울역,인천공항2터미널
31693,공항철도,,김포공항,END,DOWN,0,A2219,,19:56:00,서울역,인천공항2터미널
31694,공항철도,,계양,SAT,DOWN,0,A2219,,20:02:00,서울역,인천공항2터미널
31695,공항철도,,계양,END,DOWN,0,A2219,,20:02:00,서울역,인천공항2터미널
31696,공항철도,,검암,SAT,DOWN,0,A2219,,20:08:00,서울역,인천공항2터미널
31697,공항철도,,검암,END,DOWN,0,A2219,,20:08:00,서울역,인천공항2터미널
31698,공항철도,,청라국제도시,SAT,DOWN,0,A2219,,20:13:00,서울역,인천공항2터미널
31699,공항철도,,청라국제도시,END,DOWN,0,A2219,,20:13:00,서울역,인천공항2터미널
31700,공항철도,,영종,SAT,DOWN,0,A2219,,20:22:00,서울역,인천공항2터미널
31701,공항철도,,영종,END,DOWN,0,A2219,,20:22:00,서울역,인천공항2터미널
31702,공항철도,,운서,SAT,DOWN,0,A2219,,20:26:00,서울역,인천공항2터미널
31703,공항철도,,운서,END,DOWN,0,A2219,,20:26:00,서울역,인천공항2터미널
31704,공항철도,,공항화물청사,SAT,DOWN,0,A2219,,20:30:00,서울역,인천공항2터미널
31705,공항철도,,공항화물청사,END,DOWN,0,A2219,,20:30:00,서울역,인천공항2터미널
31706,공항철도,,인천공항1터미널,SAT,DOWN,0,A2219,,20:34:00,서울역,인천공항2터미널
31707,공항철도,,인천공항1터미널,END,DOWN,0,A2219,,20:34:00,서울역,인천공항2터미널
31708,공항철도,,인천공항2터미널,DAY,DOWN,0,A2220,,19:29:00,인천공항2터미널,서울역
31709,공항철도,,인천공항1터미널,DAY,DOWN,0,A2220,,19:36:00,인천공항2터미널,서울역
31710,공항철도,,공항화물청사,DAY,DOWN,0,A2220,,19:39:00,인천공항2터미널,서울역
31711,공항철도,,운서,DAY,DOWN,0,A2220,,19:44:00,인천공항2터미널,서울역
31712,공항철도,,영종,DAY,DOWN,0,A2220,,19:48:00,인천공항2터미널,서울역
31713,공항철도,,청라국제도시,DAY,DOWN,0,A2220,,19:56:00,인천공항2터미널,서울역
31714,공항철도,,검암,DAY,DOWN,0,A2220,,20:01:00,인천공항2터미널,서울역
31715,공항철도,,계양,DAY,DOWN,0,A2220,,20:07:00,인천공항2터미널,서울역
31716,공항철도,,김포공항,DAY,DOWN,0,A2220,,20:14:00,인천공항2터미널,서울역
31717,공항철도,,마곡나루,DAY,DOWN,0,A2220,,20:17:00,인천공항2터미널,서울역
31718,공항철도,,디지털미디어시티,DAY,DOWN,0,A2220,,20:24:00,인천공항2터미널,서울역
31719,공항철도,,홍대입구,DAY,DOWN,0,A2220,,20:28:00,인천공항2터미널,서울역
31720,공항철도,,공덕,DAY,DOWN,0,A2220,,20:32:00,인천공항2터미널,서울역
31721,공항철도,,인천공항2터미널,SAT,DOWN,0,A2220,,18:45:00,인천공항2터미널,서울역
31722,공항철도,,인천공항2터미널,END,DOWN,0,A2220,,18:45:00,인천공항2터미널,서울역
31723,공항철도,,인천공항1터미널,SAT,DOWN,0,A2220,,18:52:00,인천공항2터미널,서울역
31724,공항철도,,인천공항1터미널,END,DOWN,0,A2220,,18:52:00,인천공항2터미널,서울역
31725,공항철도,,공항화물청사,SAT,DOWN,0,A2220,,18:55:00,인천공항2터미널,서울역
31726,공항철도,,공항화물청사,END,DOWN,0,A2220,,18:55:00,인천공항2터미널,서울역
31727,공항철도,,운서,SAT,DOWN,0,A2220,,19:00:00,인천공항2터미널,서울역
31728,공항철도,,운서,END,DOWN,0,A2220,,19:00:00,인천공항2터미널,서울역
31729,공항철도,,영종,SAT,DOWN,0,A2220,,19:04:00,인천공항2터미널,서울역
31730,공항철도,,영종,END,DOWN,0,A2220,,19:04:00,인천공항2터미널,서울역
31731,공항철도,,청라국제도시,SAT,DOWN,0,A2220,,19:12:00,인천공항2터미널,서울역
31732,공항철도,,청라국제도시,END,DOWN,0,A2220,,19:12:00,인천공항2터미널,서울역
31733,공항철도,,검암,SAT,DOWN,0,A2220,,19:17:00,인천공항2터미널,서울역
31734,공항철도,,검암,END,DOWN,0,A2220,,19:17:00,인천공항2터미널,서울역
31735,공항철도,,계양,SAT,DOWN,0,A2220,,19:23:00,인천공항2터미널,서울역
31736,공항철도,,계양,END,DOWN,0,A2220,,19:23:00,인천공항2터미널,서울역
31737,공항철도,,김포공항,SAT,DOWN,0,A2220,,19:30:00,인천공항2터미널,서울역
31738,공항철도,,김포공항,END,DOWN,0,A2220,,19:30:00,인천공항2터미널,서울역
31739,공항철도,,마곡나루,SAT,DOWN,0,A2220,,19:33:00,인천공항2터미널,서울역
31740,공항철도,,마곡나루,END,DOWN,0,A2220,,19:33:00,인천공항2터미널,서울역
31741,공항철도,,디지털미디어시티,SAT,DOWN,0,A2220,,19:40:00,인천공항2터미널,서울역
31742,공항철도,,디지털미디어시티,END,DOWN,0,A2220,,19:40:00,인천공항2터미널,서울역
31743,공항철도,,홍대입구,SAT,DOWN,0,A2220,,19:44:00,인천공항2터미널,서울역
31744,공항철도,,홍대입구,END,DOWN,0,A2220,,19:44:00,인천공항2터미널,서울역
31745,공항철도,,공덕,SAT,DOWN,0,A2220,,19:48:00,인천공항2터미널,서울역
31746,공항철도,,공덕,END,DOWN,0,A2220,,19:48:00,인천공항2터미널,서울역
31747,공항철도,,서울역,DAY,DOWN,0,A2221,,20:26:00,서울역,인천공항2터미널
31748,공항철도,,공덕,DAY,DOWN,0,A2221,,20:31:00,서울역,인천공항2터미널
31749,공항철도,,홍대입구,DAY,DOWN,0,A2221,,20:34:00,서울역,인천공항2터미널
31750,공항철도,,디지털미디어시티,DAY,DOWN,0,A2221,,20:38:00,서울역,인천공항2터미널
31751,공항철도,,마곡나루,DAY,DOWN,0,A2221,,20:46:00,서울역,인천공항2터미널
31752,공항철도,,김포공항,DAY,DOWN,0,A2221,,20:49:00,서울역,인천공항2터미널
31753,공항철도,,계양,DAY,DOWN,0,A2221,,20:55:00,서울역,인천공항2터미널
31754,공항철도,,검암,DAY,DOWN,0,A2221,,21:01:00,서울역,인천공항2터미널
31755,공항철도,,청라국제도시,DAY,DOWN,0,A2221,,21:06:00,서울역,인천공항2터미널
31756,공항철도,,영종,DAY,DOWN,0,A2221,,21:15:00,서울역,인천공항2터미널
31757,공항철도,,운서,DAY,DOWN,0,A2221,,21:19:00,서울역,인천공항2터미널
31758,공항철도,,공항화물청사,DAY,DOWN,0,A2221,,21:23:00,서울역,인천공항2터미널
31759,공항철도,,인천공항1터미널,DAY,DOWN,0,A2221,,21:27:00,서울역,인천공항2터미널
31760,공항철도,,서울역,SAT,DOWN,0,A2221,,19:38:00,서울역,인천공항2터미널
31761,공항철도,,서울역,END,DOWN,0,A2221,,19:38:00,서울역,인천공항2터미널
31762,공항철도,,공덕,SAT,DOWN,0,A2221,,19:43:00,서울역,인천공항2터미널
31763,공항철도,,공덕,END,DOWN,0,A2221,,19:43:00,서울역,인천공항2터미널
31764,공항철도,,홍대입구,SAT,DOWN,0,A2221,,19:46:00,서울역,인천공항2터미널
31765,공항철도,,홍대입구,END,DOWN,0,A2221,,19:46:00,서울역,인천공항2터미널
31766,공항철도,,디지털미디어시티,SAT,DOWN,0,A2221,,19:50:00,서울역,인천공항2터미널
31767,공항철도,,디지털미디어시티,END,DOWN,0,A2221,,19:50:00,서울역,인천공항2터미널
31768,공항철도,,마곡나루,SAT,DOWN,0,A2221,,19:58:00,서울역,인천공항2터미널
31769,공항철도,,마곡나루,END,DOWN,0,A2221,,19:58:00,서울역,인천공항2터미널
31770,공항철도,,김포공항,SAT,DOWN,0,A2221,,20:01:00,서울역,인천공항2터미널
31771,공항철도,,김포공항,END,DOWN,0,A2221,,20:01:00,서울역,인천공항2터미널
31772,공항철도,,계양,SAT,DOWN,0,A2221,,20:07:00,서울역,인천공항2터미널
31773,공항철도,,계양,END,DOWN,0,A2221,,20:07:00,서울역,인천공항2터미널
31774,공항철도,,검암,SAT,DOWN,0,A2221,,20:13:00,서울역,인천공항2터미널
31775,공항철도,,검암,END,DOWN,0,A2221,,20:13:00,서울역,인천공항2터미널
31776,공항철도,,청라국제도시,SAT,DOWN,0,A2221,,20:18:00,서울역,인천공항2터미널
31777,공항철도,,청라국제도시,END,DOWN,0,A2221,,20:18:00,서울역,인천공항2터미널
31778,공항철도,,영종,SAT,DOWN,0,A2221,,20:27:00,서울역,인천공항2터미널
31779,공항철도,,영종,END,DOWN,0,A2221,,20:27:00,서울역,인천공항2터미널
31780,공항철도,,운서,SAT,DOWN,0,A2221,,20:31:00,서울역,인천공항2터미널
31781,공항철도,,운서,END,DOWN,0,A2221,,20:31:00,서울역,인천공항2터미널
31782,공항철도,,공항화물청사,SAT,DOWN,0,A2221,,20:35:00,서울역,인천공항2터미널
31783,공항철도,,공항화물청사,END,DOWN,0,A2221,,20:35:00,서울역,인천공항2터미널
31784,공항철도,,인천공항1터미널,SAT,DOWN,0,A2221,,20:39:00,서울역,인천공항2터미널
31785,공항철도,,인천공항1터미널,END,DOWN,0,A2221,,20:39:00,서울역,인천공항2터미널
31786,공항철도,,인천공항2터미널,DAY,DOWN,0,A2222,,19:36:00,인천공항2터미널,서울역
31787,공항철도,,인천공항1터미널,DAY,DOWN,0,A2222,,19:43:00,인천공항2터미널,서울역
31788,공항철도,,공항화물청사,DAY,DOWN,0,A2222,,19:46:00,인천공항2터미널,서울역
31789,공항철도,,운서,DAY,DOWN,0,A2222,,19:51:00,인천공항2터미널,서울역
31790,공항철도,,영종,DAY,DOWN,0,A2222,,19:55:00,인천공항2터미널,서울역
31791,공항철도,,청라국제도시,DAY,DOWN,0,A2222,,20:03:00,인천공항2터미널,서울역
31792,공항철도,,검암,DAY,DOWN,0,A2222,,20:08:00,인천공항2터미널,서울역
31793,공항철도,,계양,DAY,DOWN,0,A2222,,20:14:00,인천공항2터미널,서울역
31794,공항철도,,김포공항,DAY,DOWN,0,A2222,,20:21:00,인천공항2터미널,서울역
31795,공항철도,,마곡나루,DAY,DOWN,0,A2222,,20:24:00,인천공항2터미널,서울역
31796,공항철도,,디지털미디어시티,DAY,DOWN,0,A2222,,20:31:00,인천공항2터미널,서울역
31797,공항철도,,홍대입구,DAY,DOWN,0,A2222,,20:35:00,인천공항2터미널,서울역
31798,공항철도,,공덕,DAY,DOWN,0,A2222,,20:39:00,인천공항2터미널,서울역
31799,공항철도,,인천공항2터미널,SAT,DOWN,0,A2222,,18:54:00,인천공항2터미널,서울역
31800,공항철도,,인천공항2터미널,END,DOWN,0,A2222,,18:54:00,인천공항2터미널,서울역
31801,공항철도,,인천공항1터미널,SAT,DOWN,0,A2222,,19:00:00,인천공항2터미널,서울역
31802,공항철도,,인천공항1터미널,END,DOWN,0,A2222,,19:00:00,인천공항2터미널,서울역
31803,공항철도,,공항화물청사,SAT,DOWN,0,A2222,,19:04:00,인천공항2터미널,서울역
31804,공항철도,,공항화물청사,END,DOWN,0,A2222,,19:04:00,인천공항2터미널,서울역
31805,공항철도,,운서,SAT,DOWN,0,A2222,,19:08:00,인천공항2터미널,서울역
31806,공항철도,,운서,END,DOWN,0,A2222,,19:08:00,인천공항2터미널,서울역
31807,공항철도,,영종,SAT,DOWN,0,A2222,,19:12:00,인천공항2터미널,서울역
31808,공항철도,,영종,END,DOWN,0,A2222,,19:12:00,인천공항2터미널,서울역
31809,공항철도,,청라국제도시,SAT,DOWN,0,A2222,,19:21:00,인천공항2터미널,서울역
31810,공항철도,,청라국제도시,END,DOWN,0,A2222,,19:21:00,인천공항2터미널,서울역
31811,공항철도,,검암,SAT,DOWN,0,A2222,,19:26:00,인천공항2터미널,서울역
31812,공항철도,,검암,END,DOWN,0,A2222,,19:26:00,인천공항2터미널,서울역
31813,공항철도,,계양,SAT,DOWN,0,A2222,,19:32:00,인천공항2터미널,서울역
31814,공항철도,,계양,END,DOWN,0,A2222,,19:32:00,인천공항2터미널,서울역
31815,공항철도,,김포공항,SAT,DOWN,0,A2222,,19:38:00,인천공항2터미널,서울역
31816,공항철도,,김포공항,END,DOWN,0,A2222,,19:38:00,인천공항2터미널,서울역
31817,공항철도,,마곡나루,SAT,DOWN,0,A2222,,19:41:00,인천공항2터미널,서울역
31818,공항철도,,마곡나루,END,DOWN,0,A2222,,19:41:00,인천공항2터미널,서울역
31819,공항철도,,디지털미디어시티,SAT,DOWN,0,A2222,,19:49:00,인천공항2터미널,서울역
31820,공항철도,,디지털미디어시티,END,DOWN,0,A2222,,19:49:00,인천공항2터미널,서울역
31821,공항철도,,홍대입구,SAT,DOWN,0,A2222,,19:53:00,인천공항2터미널,서울역
31822,공항철도,,홍대입구,END,DOWN,0,A2222,,19:53:00,인천공항2터미널,서울역
31823,공항철도,,공덕,SAT,DOWN,0,A2222,,19:56:00,인천공항2터미널,서울역
31824,공항철도,,공덕,END,DOWN,0,A2222,,19:56:00,인천공항2터미널,서울역
31825,공항철도,,서울역,DAY,DOWN,0,A2223,,20:34:00,서울역,인천공항2터미널
31826,공항철도,,공덕,DAY,DOWN,0,A2223,,20:39:00,서울역,인천공항2터미널
31827,공항철도,,홍대입구,DAY,DOWN,0,A2223,,20:42:00,서울역,인천공항2터미널
31828,공항철도,,디지털미디어시티,DAY,DOWN,0,A2223,,20:46:00,서울역,인천공항2터미널
31829,공항철도,,마곡나루,DAY,DOWN,0,A2223,,20:54:00,서울역,인천공항2터미널
31830,공항철도,,김포공항,DAY,DOWN,0,A2223,,20:57:00,서울역,인천공항2터미널
31831,공항철도,,계양,DAY,DOWN,0,A2223,,21:03:00,서울역,인천공항2터미널
31832,공항철도,,검암,DAY,DOWN,0,A2223,,21:11:00,서울역,인천공항2터미널
31833,공항철도,,청라국제도시,DAY,DOWN,0,A2223,,21:16:00,서울역,인천공항2터미널
31834,공항철도,,영종,DAY,DOWN,0,A2223,,21:24:00,서울역,인천공항2터미널
31835,공항철도,,운서,DAY,DOWN,0,A2223,,21:28:00,서울역,인천공항2터미널
31836,공항철도,,공항화물청사,DAY,DOWN,0,A2223,,21:33:00,서울역,인천공항2터미널
31837,공항철도,,인천공항1터미널,DAY,DOWN,0,A2223,,21:37:00,서울역,인천공항2터미널
31838,공항철도,,서울역,SAT,DOWN,0,A2223,,19:45:00,서울역,인천공항2터미널
31839,공항철도,,서울역,END,DOWN,0,A2223,,19:45:00,서울역,인천공항2터미널
31840,공항철도,,공덕,SAT,DOWN,0,A2223,,19:49:00,서울역,인천공항2터미널
31841,공항철도,,공덕,END,DOWN,0,A2223,,19:49:00,서울역,인천공항2터미널
31842,공항철도,,홍대입구,SAT,DOWN,0,A2223,,19:53:00,서울역,인천공항2터미널
31843,공항철도,,홍대입구,END,DOWN,0,A2223,,19:53:00,서울역,인천공항2터미널
31844,공항철도,,디지털미디어시티,SAT,DOWN,0,A2223,,19:57:00,서울역,인천공항2터미널
31845,공항철도,,디지털미디어시티,END,DOWN,0,A2223,,19:57:00,서울역,인천공항2터미널
31846,공항철도,,마곡나루,SAT,DOWN,0,A2223,,20:04:00,서울역,인천공항2터미널
31847,공항철도,,마곡나루,END,DOWN,0,A2223,,20:04:00,서울역,인천공항2터미널
31848,공항철도,,김포공항,SAT,DOWN,0,A2223,,20:07:00,서울역,인천공항2터미널
31849,공항철도,,김포공항,END,DOWN,0,A2223,,20:07:00,서울역,인천공항2터미널
31850,공항철도,,계양,SAT,DOWN,0,A2223,,20:14:00,서울역,인천공항2터미널
31851,공항철도,,계양,END,DOWN,0,A2223,,20:14:00,서울역,인천공항2터미널
31852,공항철도,,검암,SAT,DOWN,0,A2223,,20:20:00,서울역,인천공항2터미널
31853,공항철도,,검암,END,DOWN,0,A2223,,20:20:00,서울역,인천공항2터미널
31854,공항철도,,청라국제도시,SAT,DOWN,0,A2223,,20:25:00,서울역,인천공항2터미널
31855,공항철도,,청라국제도시,END,DOWN,0,A2223,,20:25:00,서울역,인천공항2터미널
31856,공항철도,,영종,SAT,DOWN,0,A2223,,20:33:00,서울역,인천공항2터미널
31857,공항철도,,영종,END,DOWN,0,A2223,,20:33:00,서울역,인천공항2터미널
31858,공항철도,,운서,SAT,DOWN,0,A2223,,20:37:00,서울역,인천공항2터미널
31859,공항철도,,운서,END,DOWN,0,A2223,,20:37:00,서울역,인천공항2터미널
31860,공항철도,,공항화물청사,SAT,DOWN,0,A2223,,20:42:00,서울역,인천공항2터미널
31861,공항철도,,공항화물청사,END,DOWN,0,A2223,,20:42:00,서울역,인천공항2터미널
31862,공항철도,,인천공항1터미널,SAT,DOWN,0,A2223,,20:46:00,서울역,인천공항2터미널
31863,공항철도,,인천공항1터미널,END,DOWN,0,A2223,,20:46:00,서울역,인천공항2터미널
31864,공항철도,,인천공항2터미널,DAY,DOWN,0,A2224,,19:44:00,인천공항2터미널,서울역
31865,공항철도,,인천공항1터미널,DAY,DOWN,0,A2224,,19:50:00,인천공항2터미널,서울역
31866,공항철도,,공항화물청사,DAY,DOWN,0,A2224,,19:54:00,인천공항2터미널,서울역
31867,공항철도,,운서,DAY,DOWN,0,A2224,,19:58:00,인천공항2터미널,서울역
31868,공항철도,,영종,DAY,DOWN,0,A2224,,20:02:00,인천공항2터미널,서울역
31869,공항철도,,청라국제도시,DAY,DOWN,0,A2224,,20:11:00,인천공항2터미널,서울역
31870,공항철도,,검암,DAY,DOWN,0,A2224,,20:16:00,인천공항2터미널,서울역
31871,공항철도,,계양,DAY,DOWN,0,A2224,,20:22:00,인천공항2터미널,서울역
31872,공항철도,,김포공항,DAY,DOWN,0,A2224,,20:28:00,인천공항2터미널,서울역
31873,공항철도,,마곡나루,DAY,DOWN,0,A2224,,20:31:00,인천공항2터미널,서울역
31874,공항철도,,디지털미디어시티,DAY,DOWN,0,A2224,,20:39:00,인천공항2터미널,서울역
31875,공항철도,,홍대입구,DAY,DOWN,0,A2224,,20:43:00,인천공항2터미널,서울역
31876,공항철도,,공덕,DAY,DOWN,0,A2224,,20:46:00,인천공항2터미널,서울역
31877,공항철도,,인천공항2터미널,SAT,DOWN,0,A2224,,19:02:00,인천공항2터미널,서울역
31878,공항철도,,인천공항2터미널,END,DOWN,0,A2224,,19:02:00,인천공항2터미널,서울역
31879,공항철도,,인천공항1터미널,SAT,DOWN,0,A2224,,19:08:00,인천공항2터미널,서울역
31880,공항철도,,인천공항1터미널,END,DOWN,0,A2224,,19:08:00,인천공항2터미널,서울역
31881,공항철도,,공항화물청사,SAT,DOWN,0,A2224,,19:12:00,인천공항2터미널,서울역
31882,공항철도,,공항화물청사,END,DOWN,0,A2224,,19:12:00,인천공항2터미널,서울역
31883,공항철도,,운서,SAT,DOWN,0,A2224,,19:16:00,인천공항2터미널,서울역
31884,공항철도,,운서,END,DOWN,0,A2224,,19:16:00,인천공항2터미널,서울역
31885,공항철도,,영종,SAT,DOWN,0,A2224,,19:20:00,인천공항2터미널,서울역
31886,공항철도,,영종,END,DOWN,0,A2224,,19:20:00,인천공항2터미널,서울역
31887,공항철도,,청라국제도시,SAT,DOWN,0,A2224,,19:29:00,인천공항2터미널,서울역
31888,공항철도,,청라국제도시,END,DOWN,0,A2224,,19:29:00,인천공항2터미널,서울역
31889,공항철도,,검암,SAT,DOWN,0,A2224,,19:34:00,인천공항2터미널,서울역
31890,공항철도,,검암,END,DOWN,0,A2224,,19:34:00,인천공항2터미널,서울역
31891,공항철도,,계양,SAT,DOWN,0,A2224,,19:40:00,인천공항2터미널,서울역
31892,공항철도,,계양,END,DOWN,0,A2224,,19:40:00,인천공항2터미널,서울역
31893,공항철도,,김포공항,SAT,DOWN,0,A2224,,19:46:00,인천공항2터미널,서울역
31894,공항철도,,김포공항,END,DOWN,0,A2224,,19:46:00,인천공항2터미널,서울역
31895,공항철도,,마곡나루,SAT,DOWN,0,A2224,,19:49:00,인천공항2터미널,서울역
31896,공항철도,,마곡나루,END,DOWN,0,A2224,,19:49:00,인천공항2터미널,서울역
31897,공항철도,,디지털미디어시티,SAT,DOWN,0,A2224,,19:58:00,인천공항2터미널,서울역
31898,공항철도,,디지털미디어시티,END,DOWN,0,A2224,,19:58:00,인천공항2터미널,서울역
31899,공항철도,,홍대입구,SAT,DOWN,0,A2224,,20:02:00,인천공항2터미널,서울역
31900,공항철도,,홍대입구,END,DOWN,0,A2224,,20:02:00,인천공항2터미널,서울역
31901,공항철도,,공덕,SAT,DOWN,0,A2224,,20:06:00,인천공항2터미널,서울역
31902,공항철도,,공덕,END,DOWN,0,A2224,,20:06:00,인천공항2터미널,서울역
31903,공항철도,,서울역,DAY,DOWN,0,A2225,,20:41:00,서울역,인천공항2터미널
31904,공항철도,,공덕,DAY,DOWN,0,A2225,,20:45:00,서울역,인천공항2터미널
31905,공항철도,,홍대입구,DAY,DOWN,0,A2225,,20:49:00,서울역,인천공항2터미널
31906,공항철도,,디지털미디어시티,DAY,DOWN,0,A2225,,20:54:00,서울역,인천공항2터미널
31907,공항철도,,마곡나루,DAY,DOWN,0,A2225,,21:02:00,서울역,인천공항2터미널
31908,공항철도,,김포공항,DAY,DOWN,0,A2225,,21:05:00,서울역,인천공항2터미널
31909,공항철도,,계양,DAY,DOWN,0,A2225,,21:11:00,서울역,인천공항2터미널
31910,공항철도,,검암,DAY,DOWN,0,A2225,,21:17:00,서울역,인천공항2터미널
31911,공항철도,,청라국제도시,DAY,DOWN,0,A2225,,21:22:00,서울역,인천공항2터미널
31912,공항철도,,영종,DAY,DOWN,0,A2225,,21:31:00,서울역,인천공항2터미널
31913,공항철도,,운서,DAY,DOWN,0,A2225,,21:35:00,서울역,인천공항2터미널
31914,공항철도,,공항화물청사,DAY,DOWN,0,A2225,,21:39:00,서울역,인천공항2터미널
31915,공항철도,,인천공항1터미널,DAY,DOWN,0,A2225,,21:43:00,서울역,인천공항2터미널
31916,공항철도,,서울역,SAT,DOWN,0,A2225,,19:51:00,서울역,인천공항2터미널
31917,공항철도,,서울역,END,DOWN,0,A2225,,19:51:00,서울역,인천공항2터미널
31918,공항철도,,공덕,SAT,DOWN,0,A2225,,19:56:00,서울역,인천공항2터미널
31919,공항철도,,공덕,END,DOWN,0,A2225,,19:56:00,서울역,인천공항2터미널
31920,공항철도,,홍대입구,SAT,DOWN,0,A2225,,19:59:00,서울역,인천공항2터미널
31921,공항철도,,홍대입구,END,DOWN,0,A2225,,19:59:00,서울역,인천공항2터미널
31922,공항철도,,디지털미디어시티,SAT,DOWN,0,A2225,,20:03:00,서울역,인천공항2터미널
31923,공항철도,,디지털미디어시티,END,DOWN,0,A2225,,20:03:00,서울역,인천공항2터미널
31924,공항철도,,마곡나루,SAT,DOWN,0,A2225,,20:11:00,서울역,인천공항2터미널
31925,공항철도,,마곡나루,END,DOWN,0,A2225,,20:11:00,서울역,인천공항2터미널
31926,공항철도,,김포공항,SAT,DOWN,0,A2225,,20:14:00,서울역,인천공항2터미널
31927,공항철도,,김포공항,END,DOWN,0,A2225,,20:14:00,서울역,인천공항2터미널
31928,공항철도,,계양,SAT,DOWN,0,A2225,,20:20:00,서울역,인천공항2터미널
31929,공항철도,,계양,END,DOWN,0,A2225,,20:20:00,서울역,인천공항2터미널
31930,공항철도,,검암,SAT,DOWN,0,A2225,,20:26:00,서울역,인천공항2터미널
31931,공항철도,,검암,END,DOWN,0,A2225,,20:26:00,서울역,인천공항2터미널
31932,공항철도,,청라국제도시,SAT,DOWN,0,A2225,,20:31:00,서울역,인천공항2터미널
31933,공항철도,,청라국제도시,END,DOWN,0,A2225,,20:31:00,서울역,인천공항2터미널
31934,공항철도,,영종,SAT,DOWN,0,A2225,,20:40:00,서울역,인천공항2터미널
31935,공항철도,,영종,END,DOWN,0,A2225,,20:40:00,서울역,인천공항2터미널
31936,공항철도,,운서,SAT,DOWN,0,A2225,,20:44:00,서울역,인천공항2터미널
31937,공항철도,,운서,END,DOWN,0,A2225,,20:44:00,서울역,인천공항2터미널
31938,공항철도,,공항화물청사,SAT,DOWN,0,A2225,,20:48:00,서울역,인천공항2터미널
31939,공항철도,,공항화물청사,END,DOWN,0,A2225,,20:48:00,서울역,인천공항2터미널
31940,공항철도,,인천공항1터미널,SAT,DOWN,0,A2225,,20:52:00,서울역,인천공항2터미널
31941,공항철도,,인천공항1터미널,END,DOWN,0,A2225,,20:52:00,서울역,인천공항2터미널
31942,공항철도,,인천공항2터미널,DAY,DOWN,0,A2226,,19:52:00,인천공항2터미널,서울역
31943,공항철도,,인천공항1터미널,DAY,DOWN,0,A2226,,19:58:00,인천공항2터미널,서울역
31944,공항철도,,공항화물청사,DAY,DOWN,0,A2226,,20:02:00,인천공항2터미널,서울역
31945,공항철도,,운서,DAY,DOWN,0,A2226,,20:06:00,인천공항2터미널,서울역
31946,공항철도,,영종,DAY,DOWN,0,A2226,,20:10:00,인천공항2터미널,서울역
31947,공항철도,,청라국제도시,DAY,DOWN,0,A2226,,20:19:00,인천공항2터미널,서울역
31948,공항철도,,검암,DAY,DOWN,0,A2226,,20:24:00,인천공항2터미널,서울역
31949,공항철도,,계양,DAY,DOWN,0,A2226,,20:30:00,인천공항2터미널,서울역
31950,공항철도,,김포공항,DAY,DOWN,0,A2226,,20:36:00,인천공항2터미널,서울역
31951,공항철도,,마곡나루,DAY,DOWN,0,A2226,,20:39:00,인천공항2터미널,서울역
31952,공항철도,,디지털미디어시티,DAY,DOWN,0,A2226,,20:48:00,인천공항2터미널,서울역
31953,공항철도,,홍대입구,DAY,DOWN,0,A2226,,20:52:00,인천공항2터미널,서울역
31954,공항철도,,공덕,DAY,DOWN,0,A2226,,20:56:00,인천공항2터미널,서울역
31955,공항철도,,인천공항2터미널,SAT,DOWN,0,A2226,,19:08:00,인천공항2터미널,서울역
31956,공항철도,,인천공항2터미널,END,DOWN,0,A2226,,19:08:00,인천공항2터미널,서울역
31957,공항철도,,인천공항1터미널,SAT,DOWN,0,A2226,,19:15:00,인천공항2터미널,서울역
31958,공항철도,,인천공항1터미널,END,DOWN,0,A2226,,19:15:00,인천공항2터미널,서울역
31959,공항철도,,공항화물청사,SAT,DOWN,0,A2226,,19:18:00,인천공항2터미널,서울역
31960,공항철도,,공항화물청사,END,DOWN,0,A2226,,19:18:00,인천공항2터미널,서울역
31961,공항철도,,운서,SAT,DOWN,0,A2226,,19:23:00,인천공항2터미널,서울역
31962,공항철도,,운서,END,DOWN,0,A2226,,19:23:00,인천공항2터미널,서울역
31963,공항철도,,영종,SAT,DOWN,0,A2226,,19:27:00,인천공항2터미널,서울역
31964,공항철도,,영종,END,DOWN,0,A2226,,19:27:00,인천공항2터미널,서울역
31965,공항철도,,청라국제도시,SAT,DOWN,0,A2226,,19:35:00,인천공항2터미널,서울역
31966,공항철도,,청라국제도시,END,DOWN,0,A2226,,19:35:00,인천공항2터미널,서울역
31967,공항철도,,검암,SAT,DOWN,0,A2226,,19:42:00,인천공항2터미널,서울역
31968,공항철도,,검암,END,DOWN,0,A2226,,19:42:00,인천공항2터미널,서울역
31969,공항철도,,계양,SAT,DOWN,0,A2226,,19:48:00,인천공항2터미널,서울역
31970,공항철도,,계양,END,DOWN,0,A2226,,19:48:00,인천공항2터미널,서울역
31971,공항철도,,김포공항,SAT,DOWN,0,A2226,,19:54:00,인천공항2터미널,서울역
31972,공항철도,,김포공항,END,DOWN,0,A2226,,19:54:00,인천공항2터미널,서울역
31973,공항철도,,마곡나루,SAT,DOWN,0,A2226,,19:57:00,인천공항2터미널,서울역
31974,공항철도,,마곡나루,END,DOWN,0,A2226,,19:57:00,인천공항2터미널,서울역
31975,공항철도,,디지털미디어시티,SAT,DOWN,0,A2226,,20:05:00,인천공항2터미널,서울역
31976,공항철도,,디지털미디어시티,END,DOWN,0,A2226,,20:05:00,인천공항2터미널,서울역
31977,공항철도,,홍대입구,SAT,DOWN,0,A2226,,20:09:00,인천공항2터미널,서울역
31978,공항철도,,홍대입구,END,DOWN,0,A2226,,20:09:00,인천공항2터미널,서울역
31979,공항철도,,공덕,SAT,DOWN,0,A2226,,20:12:00,인천공항2터미널,서울역
31980,공항철도,,공덕,END,DOWN,0,A2226,,20:12:00,인천공항2터미널,서울역
31981,공항철도,,서울역,DAY,DOWN,0,A2227,,20:48:00,서울역,인천공항2터미널
31982,공항철도,,공덕,DAY,DOWN,0,A2227,,20:52:00,서울역,인천공항2터미널
31983,공항철도,,홍대입구,DAY,DOWN,0,A2227,,20:56:00,서울역,인천공항2터미널
31984,공항철도,,디지털미디어시티,DAY,DOWN,0,A2227,,21:00:00,서울역,인천공항2터미널
31985,공항철도,,마곡나루,DAY,DOWN,0,A2227,,21:07:00,서울역,인천공항2터미널
31986,공항철도,,김포공항,DAY,DOWN,0,A2227,,21:10:00,서울역,인천공항2터미널
31987,공항철도,,계양,DAY,DOWN,0,A2227,,21:17:00,서울역,인천공항2터미널
31988,공항철도,,검암,DAY,DOWN,0,A2227,,21:23:00,서울역,인천공항2터미널
31989,공항철도,,청라국제도시,DAY,DOWN,0,A2227,,21:28:00,서울역,인천공항2터미널
31990,공항철도,,영종,DAY,DOWN,0,A2227,,21:36:00,서울역,인천공항2터미널
31991,공항철도,,운서,DAY,DOWN,0,A2227,,21:40:00,서울역,인천공항2터미널
31992,공항철도,,공항화물청사,DAY,DOWN,0,A2227,,21:45:00,서울역,인천공항2터미널
31993,공항철도,,인천공항1터미널,DAY,DOWN,0,A2227,,21:49:00,서울역,인천공항2터미널
31994,공항철도,,서울역,SAT,DOWN,0,A2227,,19:59:00,서울역,인천공항2터미널
31995,공항철도,,서울역,END,DOWN,0,A2227,,19:59:00,서울역,인천공항2터미널
31996,공항철도,,공덕,SAT,DOWN,0,A2227,,20:04:00,서울역,인천공항2터미널
31997,공항철도,,공덕,END,DOWN,0,A2227,,20:04:00,서울역,인천공항2터미널
31998,공항철도,,홍대입구,SAT,DOWN,0,A2227,,20:07:00,서울역,인천공항2터미널
31999,공항철도,,홍대입구,END,DOWN,0,A2227,,20:07:00,서울역,인천공항2터미널
32000,공항철도,,디지털미디어시티,SAT,DOWN,0,A2227,,20:11:00,서울역,인천공항2터미널
32001,공항철도,,디지털미디어시티,END,DOWN,0,A2227,,20:11:00,서울역,인천공항2터미널
32002,공항철도,,마곡나루,SAT,DOWN,0,A2227,,20:19:00,서울역,인천공항2터미널
32003,공항철도,,마곡나루,END,DOWN,0,A2227,,20:19:00,서울역,인천공항2터미널
32004,공항철도,,김포공항,SAT,DOWN,0,A2227,,20:22:00,서울역,인천공항2터미널
32005,공항철도,,김포공항,END,DOWN,0,A2227,,20:22:00,서울역,인천공항2터미널
32006,공항철도,,계양,SAT,DOWN,0,A2227,,20:28:00,서울역,인천공항2터미널
32007,공항철도,,계양,END,DOWN,0,A2227,,20:28:00,서울역,인천공항2터미널
32008,공항철도,,검암,SAT,DOWN,0,A2227,,20:36:00,서울역,인천공항2터미널
32009,공항철도,,검암,END,DOWN,0,A2227,,20:36:00,서울역,인천공항2터미널
32010,공항철도,,청라국제도시,SAT,DOWN,0,A2227,,20:41:00,서울역,인천공항2터미널
32011,공항철도,,청라국제도시,END,DOWN,0,A2227,,20:41:00,서울역,인천공항2터미널
32012,공항철도,,영종,SAT,DOWN,0,A2227,,20:49:00,서울역,인천공항2터미널
32013,공항철도,,영종,END,DOWN,0,A2227,,20:49:00,서울역,인천공항2터미널
32014,공항철도,,운서,SAT,DOWN,0,A2227,,20:53:00,서울역,인천공항2터미널
32015,공항철도,,운서,END,DOWN,0,A2227,,20:53:00,서울역,인천공항2터미널
32016,공항철도,,공항화물청사,SAT,DOWN,0,A2227,,20:58:00,서울역,인천공항2터미널
32017,공항철도,,공항화물청사,END,DOWN,0,A2227,,20:58:00,서울역,인천공항2터미널
32018,공항철도,,인천공항1터미널,SAT,DOWN,0,A2227,,21:02:00,서울역,인천공항2터미널
32019,공항철도,,인천공항1터미널,END,DOWN,0,A2227,,21:02:00,서울역,인천공항2터미널
32020,공항철도,,인천공항2터미널,DAY,DOWN,0,A2228,,19:58:00,인천공항2터미널,서울역
32021,공항철도,,인천공항1터미널,DAY,DOWN,0,A2228,,20:04:00,인천공항2터미널,서울역
32022,공항철도,,공항화물청사,DAY,DOWN,0,A2228,,20:08:00,인천공항2터미널,서울역
32023,공항철도,,운서,DAY,DOWN,0,A2228,,20:12:00,인천공항2터미널,서울역
32024,공항철도,,영종,DAY,DOWN,0,A2228,,20:16:00,인천공항2터미널,서울역
32025,공항철도,,청라국제도시,DAY,DOWN,0,A2228,,20:25:00,인천공항2터미널,서울역
32026,공항철도,,검암,DAY,DOWN,0,A2228,,20:31:00,인천공항2터미널,서울역
32027,공항철도,,계양,DAY,DOWN,0,A2228,,20:37:00,인천공항2터미널,서울역
32028,공항철도,,김포공항,DAY,DOWN,0,A2228,,20:44:00,인천공항2터미널,서울역
32029,공항철도,,마곡나루,DAY,DOWN,0,A2228,,20:47:00,인천공항2터미널,서울역
32030,공항철도,,디지털미디어시티,DAY,DOWN,0,A2228,,20:54:00,인천공항2터미널,서울역
32031,공항철도,,홍대입구,DAY,DOWN,0,A2228,,20:58:00,인천공항2터미널,서울역
32032,공항철도,,공덕,DAY,DOWN,0,A2228,,21:02:00,인천공항2터미널,서울역
32033,공항철도,,인천공항2터미널,SAT,DOWN,0,A2228,,19:18:00,인천공항2터미널,서울역
32034,공항철도,,인천공항2터미널,END,DOWN,0,A2228,,19:18:00,인천공항2터미널,서울역
32035,공항철도,,인천공항1터미널,SAT,DOWN,0,A2228,,19:25:00,인천공항2터미널,서울역
32036,공항철도,,인천공항1터미널,END,DOWN,0,A2228,,19:25:00,인천공항2터미널,서울역
32037,공항철도,,공항화물청사,SAT,DOWN,0,A2228,,19:28:00,인천공항2터미널,서울역
32038,공항철도,,공항화물청사,END,DOWN,0,A2228,,19:28:00,인천공항2터미널,서울역
32039,공항철도,,운서,SAT,DOWN,0,A2228,,19:33:00,인천공항2터미널,서울역
32040,공항철도,,운서,END,DOWN,0,A2228,,19:33:00,인천공항2터미널,서울역
32041,공항철도,,영종,SAT,DOWN,0,A2228,,19:37:00,인천공항2터미널,서울역
32042,공항철도,,영종,END,DOWN,0,A2228,,19:37:00,인천공항2터미널,서울역
32043,공항철도,,청라국제도시,SAT,DOWN,0,A2228,,19:45:00,인천공항2터미널,서울역
32044,공항철도,,청라국제도시,END,DOWN,0,A2228,,19:45:00,인천공항2터미널,서울역
32045,공항철도,,검암,SAT,DOWN,0,A2228,,19:50:00,인천공항2터미널,서울역
32046,공항철도,,검암,END,DOWN,0,A2228,,19:50:00,인천공항2터미널,서울역
32047,공항철도,,계양,SAT,DOWN,0,A2228,,19:56:00,인천공항2터미널,서울역
32048,공항철도,,계양,END,DOWN,0,A2228,,19:56:00,인천공항2터미널,서울역
32049,공항철도,,김포공항,SAT,DOWN,0,A2228,,20:03:00,인천공항2터미널,서울역
32050,공항철도,,김포공항,END,DOWN,0,A2228,,20:03:00,인천공항2터미널,서울역
32051,공항철도,,마곡나루,SAT,DOWN,0,A2228,,20:06:00,인천공항2터미널,서울역
32052,공항철도,,마곡나루,END,DOWN,0,A2228,,20:06:00,인천공항2터미널,서울역
32053,공항철도,,디지털미디어시티,SAT,DOWN,0,A2228,,20:13:00,인천공항2터미널,서울역
32054,공항철도,,디지털미디어시티,END,DOWN,0,A2228,,20:13:00,인천공항2터미널,서울역
32055,공항철도,,홍대입구,SAT,DOWN,0,A2228,,20:17:00,인천공항2터미널,서울역
32056,공항철도,,홍대입구,END,DOWN,0,A2228,,20:17:00,인천공항2터미널,서울역
32057,공항철도,,공덕,SAT,DOWN,0,A2228,,20:21:00,인천공항2터미널,서울역
32058,공항철도,,공덕,END,DOWN,0,A2228,,20:21:00,인천공항2터미널,서울역
32059,공항철도,,서울역,DAY,DOWN,0,A2229,,20:53:00,서울역,인천공항2터미널
32060,공항철도,,공덕,DAY,DOWN,0,A2229,,20:57:00,서울역,인천공항2터미널
32061,공항철도,,홍대입구,DAY,DOWN,0,A2229,,21:01:00,서울역,인천공항2터미널
32062,공항철도,,디지털미디어시티,DAY,DOWN,0,A2229,,21:05:00,서울역,인천공항2터미널
32063,공항철도,,마곡나루,DAY,DOWN,0,A2229,,21:12:00,서울역,인천공항2터미널
32064,공항철도,,김포공항,DAY,DOWN,0,A2229,,21:15:00,서울역,인천공항2터미널
32065,공항철도,,계양,DAY,DOWN,0,A2229,,21:22:00,서울역,인천공항2터미널
32066,공항철도,,검암,DAY,DOWN,0,A2229,,21:28:00,서울역,인천공항2터미널
32067,공항철도,,청라국제도시,DAY,DOWN,0,A2229,,21:33:00,서울역,인천공항2터미널
32068,공항철도,,영종,DAY,DOWN,0,A2229,,21:41:00,서울역,인천공항2터미널
32069,공항철도,,운서,DAY,DOWN,0,A2229,,21:45:00,서울역,인천공항2터미널
32070,공항철도,,공항화물청사,DAY,DOWN,0,A2229,,21:50:00,서울역,인천공항2터미널
32071,공항철도,,인천공항1터미널,DAY,DOWN,0,A2229,,21:54:00,서울역,인천공항2터미널
32072,공항철도,,서울역,SAT,DOWN,0,A2229,,20:06:00,서울역,인천공항2터미널
32073,공항철도,,서울역,END,DOWN,0,A2229,,20:06:00,서울역,인천공항2터미널
32074,공항철도,,공덕,SAT,DOWN,0,A2229,,20:10:00,서울역,인천공항2터미널
32075,공항철도,,공덕,END,DOWN,0,A2229,,20:10:00,서울역,인천공항2터미널
32076,공항철도,,홍대입구,SAT,DOWN,0,A2229,,20:14:00,서울역,인천공항2터미널
32077,공항철도,,홍대입구,END,DOWN,0,A2229,,20:14:00,서울역,인천공항2터미널
32078,공항철도,,디지털미디어시티,SAT,DOWN,0,A2229,,20:19:00,서울역,인천공항2터미널
32079,공항철도,,디지털미디어시티,END,DOWN,0,A2229,,20:19:00,서울역,인천공항2터미널
32080,공항철도,,마곡나루,SAT,DOWN,0,A2229,,20:27:00,서울역,인천공항2터미널
32081,공항철도,,마곡나루,END,DOWN,0,A2229,,20:27:00,서울역,인천공항2터미널
32082,공항철도,,김포공항,SAT,DOWN,0,A2229,,20:30:00,서울역,인천공항2터미널
32083,공항철도,,김포공항,END,DOWN,0,A2229,,20:30:00,서울역,인천공항2터미널
32084,공항철도,,계양,SAT,DOWN,0,A2229,,20:36:00,서울역,인천공항2터미널
32085,공항철도,,계양,END,DOWN,0,A2229,,20:36:00,서울역,인천공항2터미널
32086,공항철도,,검암,SAT,DOWN,0,A2229,,20:42:00,서울역,인천공항2터미널
32087,공항철도,,검암,END,DOWN,0,A2229,,20:42:00,서울역,인천공항2터미널
32088,공항철도,,청라국제도시,SAT,DOWN,0,A2229,,20:47:00,서울역,인천공항2터미널
32089,공항철도,,청라국제도시,END,DOWN,0,A2229,,20:47:00,서울역,인천공항2터미널
32090,공항철도,,영종,SAT,DOWN,0,A2229,,20:56:00,서울역,인천공항2터미널
32091,공항철도,,영종,END,DOWN,0,A2229,,20:56:00,서울역,인천공항2터미널
32092,공항철도,,운서,SAT,DOWN,0,A2229,,21:00:00,서울역,인천공항2터미널
32093,공항철도,,운서,END,DOWN,0,A2229,,21:00:00,서울역,인천공항2터미널
32094,공항철도,,공항화물청사,SAT,DOWN,0,A2229,,21:04:00,서울역,인천공항2터미널
32095,공항철도,,공항화물청사,END,DOWN,0,A2229,,21:04:00,서울역,인천공항2터미널
32096,공항철도,,인천공항1터미널,SAT,DOWN,0,A2229,,21:08:00,서울역,인천공항2터미널
32097,공항철도,,인천공항1터미널,END,DOWN,0,A2229,,21:08:00,서울역,인천공항2터미널
32098,공항철도,,인천공항2터미널,DAY,DOWN,0,A2230,,20:08:00,인천공항2터미널,서울역
32099,공항철도,,인천공항1터미널,DAY,DOWN,0,A2230,,20:15:00,인천공항2터미널,서울역
32100,공항철도,,공항화물청사,DAY,DOWN,0,A2230,,20:18:00,인천공항2터미널,서울역
32101,공항철도,,운서,DAY,DOWN,0,A2230,,20:23:00,인천공항2터미널,서울역
32102,공항철도,,영종,DAY,DOWN,0,A2230,,20:27:00,인천공항2터미널,서울역
32103,공항철도,,청라국제도시,DAY,DOWN,0,A2230,,20:35:00,인천공항2터미널,서울역
32104,공항철도,,검암,DAY,DOWN,0,A2230,,20:40:00,인천공항2터미널,서울역
32105,공항철도,,계양,DAY,DOWN,0,A2230,,20:46:00,인천공항2터미널,서울역
32106,공항철도,,김포공항,DAY,DOWN,0,A2230,,20:53:00,인천공항2터미널,서울역
32107,공항철도,,마곡나루,DAY,DOWN,0,A2230,,20:56:00,인천공항2터미널,서울역
32108,공항철도,,디지털미디어시티,DAY,DOWN,0,A2230,,21:03:00,인천공항2터미널,서울역
32109,공항철도,,홍대입구,DAY,DOWN,0,A2230,,21:07:00,인천공항2터미널,서울역
32110,공항철도,,공덕,DAY,DOWN,0,A2230,,21:11:00,인천공항2터미널,서울역
32111,공항철도,,인천공항2터미널,SAT,DOWN,0,A2230,,19:27:00,인천공항2터미널,서울역
32112,공항철도,,인천공항2터미널,END,DOWN,0,A2230,,19:27:00,인천공항2터미널,서울역
32113,공항철도,,인천공항1터미널,SAT,DOWN,0,A2230,,19:34:00,인천공항2터미널,서울역
32114,공항철도,,인천공항1터미널,END,DOWN,0,A2230,,19:34:00,인천공항2터미널,서울역
32115,공항철도,,공항화물청사,SAT,DOWN,0,A2230,,19:37:00,인천공항2터미널,서울역
32116,공항철도,,공항화물청사,END,DOWN,0,A2230,,19:37:00,인천공항2터미널,서울역
32117,공항철도,,운서,SAT,DOWN,0,A2230,,19:42:00,인천공항2터미널,서울역
32118,공항철도,,운서,END,DOWN,0,A2230,,19:42:00,인천공항2터미널,서울역
32119,공항철도,,영종,SAT,DOWN,0,A2230,,19:46:00,인천공항2터미널,서울역
32120,공항철도,,영종,END,DOWN,0,A2230,,19:46:00,인천공항2터미널,서울역
32121,공항철도,,청라국제도시,SAT,DOWN,0,A2230,,19:54:00,인천공항2터미널,서울역
32122,공항철도,,청라국제도시,END,DOWN,0,A2230,,19:54:00,인천공항2터미널,서울역
32123,공항철도,,검암,SAT,DOWN,0,A2230,,19:59:00,인천공항2터미널,서울역
32124,공항철도,,검암,END,DOWN,0,A2230,,19:59:00,인천공항2터미널,서울역
32125,공항철도,,계양,SAT,DOWN,0,A2230,,20:05:00,인천공항2터미널,서울역
32126,공항철도,,계양,END,DOWN,0,A2230,,20:05:00,인천공항2터미널,서울역
32127,공항철도,,김포공항,SAT,DOWN,0,A2230,,20:12:00,인천공항2터미널,서울역
32128,공항철도,,김포공항,END,DOWN,0,A2230,,20:12:00,인천공항2터미널,서울역
32129,공항철도,,마곡나루,SAT,DOWN,0,A2230,,20:15:00,인천공항2터미널,서울역
32130,공항철도,,마곡나루,END,DOWN,0,A2230,,20:15:00,인천공항2터미널,서울역
32131,공항철도,,디지털미디어시티,SAT,DOWN,0,A2230,,20:22:00,인천공항2터미널,서울역
32132,공항철도,,디지털미디어시티,END,DOWN,0,A2230,,20:22:00,인천공항2터미널,서울역
32133,공항철도,,홍대입구,SAT,DOWN,0,A2230,,20:26:00,인천공항2터미널,서울역
32134,공항철도,,홍대입구,END,DOWN,0,A2230,,20:26:00,인천공항2터미널,서울역
32135,공항철도,,공덕,SAT,DOWN,0,A2230,,20:30:00,인천공항2터미널,서울역
32136,공항철도,,공덕,END,DOWN,0,A2230,,20:30:00,인천공항2터미널,서울역
32137,공항철도,,서울역,DAY,DOWN,0,A2231,,20:59:00,서울역,인천공항2터미널
32138,공항철도,,공덕,DAY,DOWN,0,A2231,,21:03:00,서울역,인천공항2터미널
32139,공항철도,,홍대입구,DAY,DOWN,0,A2231,,21:07:00,서울역,인천공항2터미널
32140,공항철도,,디지털미디어시티,DAY,DOWN,0,A2231,,21:11:00,서울역,인천공항2터미널
32141,공항철도,,마곡나루,DAY,DOWN,0,A2231,,21:18:00,서울역,인천공항2터미널
32142,공항철도,,김포공항,DAY,DOWN,0,A2231,,21:21:00,서울역,인천공항2터미널
32143,공항철도,,계양,DAY,DOWN,0,A2231,,21:28:00,서울역,인천공항2터미널
32144,공항철도,,검암,DAY,DOWN,0,A2231,,21:34:00,서울역,인천공항2터미널
32145,공항철도,,청라국제도시,DAY,DOWN,0,A2231,,21:39:00,서울역,인천공항2터미널
32146,공항철도,,영종,DAY,DOWN,0,A2231,,21:47:00,서울역,인천공항2터미널
32147,공항철도,,운서,DAY,DOWN,0,A2231,,21:51:00,서울역,인천공항2터미널
32148,공항철도,,공항화물청사,DAY,DOWN,0,A2231,,21:56:00,서울역,인천공항2터미널
32149,공항철도,,인천공항1터미널,DAY,DOWN,0,A2231,,22:00:00,서울역,인천공항2터미널
32150,공항철도,,서울역,SAT,DOWN,0,A2231,,20:13:00,서울역,인천공항2터미널
32151,공항철도,,서울역,END,DOWN,0,A2231,,20:13:00,서울역,인천공항2터미널
32152,공항철도,,공덕,SAT,DOWN,0,A2231,,20:17:00,서울역,인천공항2터미널
32153,공항철도,,공덕,END,DOWN,0,A2231,,20:17:00,서울역,인천공항2터미널
32154,공항철도,,홍대입구,SAT,DOWN,0,A2231,,20:21:00,서울역,인천공항2터미널
32155,공항철도,,홍대입구,END,DOWN,0,A2231,,20:21:00,서울역,인천공항2터미널
32156,공항철도,,디지털미디어시티,SAT,DOWN,0,A2231,,20:25:00,서울역,인천공항2터미널
32157,공항철도,,디지털미디어시티,END,DOWN,0,A2231,,20:25:00,서울역,인천공항2터미널
32158,공항철도,,마곡나루,SAT,DOWN,0,A2231,,20:32:00,서울역,인천공항2터미널
32159,공항철도,,마곡나루,END,DOWN,0,A2231,,20:32:00,서울역,인천공항2터미널
32160,공항철도,,김포공항,SAT,DOWN,0,A2231,,20:35:00,서울역,인천공항2터미널
32161,공항철도,,김포공항,END,DOWN,0,A2231,,20:35:00,서울역,인천공항2터미널
32162,공항철도,,계양,SAT,DOWN,0,A2231,,20:42:00,서울역,인천공항2터미널
32163,공항철도,,계양,END,DOWN,0,A2231,,20:42:00,서울역,인천공항2터미널
32164,공항철도,,검암,SAT,DOWN,0,A2231,,20:48:00,서울역,인천공항2터미널
32165,공항철도,,검암,END,DOWN,0,A2231,,20:48:00,서울역,인천공항2터미널
32166,공항철도,,청라국제도시,SAT,DOWN,0,A2231,,20:53:00,서울역,인천공항2터미널
32167,공항철도,,청라국제도시,END,DOWN,0,A2231,,20:53:00,서울역,인천공항2터미널
32168,공항철도,,영종,SAT,DOWN,0,A2231,,21:01:00,서울역,인천공항2터미널
32169,공항철도,,영종,END,DOWN,0,A2231,,21:01:00,서울역,인천공항2터미널
32170,공항철도,,운서,SAT,DOWN,0,A2231,,21:05:00,서울역,인천공항2터미널
32171,공항철도,,운서,END,DOWN,0,A2231,,21:05:00,서울역,인천공항2터미널
32172,공항철도,,공항화물청사,SAT,DOWN,0,A2231,,21:10:00,서울역,인천공항2터미널
32173,공항철도,,공항화물청사,END,DOWN,0,A2231,,21:10:00,서울역,인천공항2터미널
32174,공항철도,,인천공항1터미널,SAT,DOWN,0,A2231,,21:14:00,서울역,인천공항2터미널
32175,공항철도,,인천공항1터미널,END,DOWN,0,A2231,,21:14:00,서울역,인천공항2터미널
32176,공항철도,,인천공항2터미널,DAY,DOWN,0,A2232,,20:13:00,인천공항2터미널,서울역
32177,공항철도,,인천공항1터미널,DAY,DOWN,0,A2232,,20:20:00,인천공항2터미널,서울역
32178,공항철도,,공항화물청사,DAY,DOWN,0,A2232,,20:23:00,인천공항2터미널,서울역
32179,공항철도,,운서,DAY,DOWN,0,A2232,,20:28:00,인천공항2터미널,서울역
32180,공항철도,,영종,DAY,DOWN,0,A2232,,20:32:00,인천공항2터미널,서울역
32181,공항철도,,청라국제도시,DAY,DOWN,0,A2232,,20:40:00,인천공항2터미널,서울역
32182,공항철도,,검암,DAY,DOWN,0,A2232,,20:45:00,인천공항2터미널,서울역
32183,공항철도,,계양,DAY,DOWN,0,A2232,,20:51:00,인천공항2터미널,서울역
32184,공항철도,,김포공항,DAY,DOWN,0,A2232,,20:58:00,인천공항2터미널,서울역
32185,공항철도,,마곡나루,DAY,DOWN,0,A2232,,21:01:00,인천공항2터미널,서울역
32186,공항철도,,디지털미디어시티,DAY,DOWN,0,A2232,,21:08:00,인천공항2터미널,서울역
32187,공항철도,,홍대입구,DAY,DOWN,0,A2232,,21:12:00,인천공항2터미널,서울역
32188,공항철도,,공덕,DAY,DOWN,0,A2232,,21:16:00,인천공항2터미널,서울역
32189,공항철도,,인천공항2터미널,SAT,DOWN,0,A2232,,19:35:00,인천공항2터미널,서울역
32190,공항철도,,인천공항2터미널,END,DOWN,0,A2232,,19:35:00,인천공항2터미널,서울역
32191,공항철도,,인천공항1터미널,SAT,DOWN,0,A2232,,19:42:00,인천공항2터미널,서울역
32192,공항철도,,인천공항1터미널,END,DOWN,0,A2232,,19:42:00,인천공항2터미널,서울역
32193,공항철도,,공항화물청사,SAT,DOWN,0,A2232,,19:45:00,인천공항2터미널,서울역
32194,공항철도,,공항화물청사,END,DOWN,0,A2232,,19:45:00,인천공항2터미널,서울역
32195,공항철도,,운서,SAT,DOWN,0,A2232,,19:50:00,인천공항2터미널,서울역
32196,공항철도,,운서,END,DOWN,0,A2232,,19:50:00,인천공항2터미널,서울역
32197,공항철도,,영종,SAT,DOWN,0,A2232,,19:54:00,인천공항2터미널,서울역
32198,공항철도,,영종,END,DOWN,0,A2232,,19:54:00,인천공항2터미널,서울역
32199,공항철도,,청라국제도시,SAT,DOWN,0,A2232,,20:02:00,인천공항2터미널,서울역
32200,공항철도,,청라국제도시,END,DOWN,0,A2232,,20:02:00,인천공항2터미널,서울역
32201,공항철도,,검암,SAT,DOWN,0,A2232,,20:07:00,인천공항2터미널,서울역
32202,공항철도,,검암,END,DOWN,0,A2232,,20:07:00,인천공항2터미널,서울역
32203,공항철도,,계양,SAT,DOWN,0,A2232,,20:13:00,인천공항2터미널,서울역
32204,공항철도,,계양,END,DOWN,0,A2232,,20:13:00,인천공항2터미널,서울역
32205,공항철도,,김포공항,SAT,DOWN,0,A2232,,20:20:00,인천공항2터미널,서울역
32206,공항철도,,김포공항,END,DOWN,0,A2232,,20:20:00,인천공항2터미널,서울역
32207,공항철도,,마곡나루,SAT,DOWN,0,A2232,,20:23:00,인천공항2터미널,서울역
32208,공항철도,,마곡나루,END,DOWN,0,A2232,,20:23:00,인천공항2터미널,서울역
32209,공항철도,,디지털미디어시티,SAT,DOWN,0,A2232,,20:30:00,인천공항2터미널,서울역
32210,공항철도,,디지털미디어시티,END,DOWN,0,A2232,,20:30:00,인천공항2터미널,서울역
32211,공항철도,,홍대입구,SAT,DOWN,0,A2232,,20:34:00,인천공항2터미널,서울역
32212,공항철도,,홍대입구,END,DOWN,0,A2232,,20:34:00,인천공항2터미널,서울역
32213,공항철도,,공덕,SAT,DOWN,0,A2232,,20:38:00,인천공항2터미널,서울역
32214,공항철도,,공덕,END,DOWN,0,A2232,,20:38:00,인천공항2터미널,서울역
32215,공항철도,,서울역,DAY,DOWN,0,A2233,,21:06:00,서울역,인천공항2터미널
32216,공항철도,,공덕,DAY,DOWN,0,A2233,,21:10:00,서울역,인천공항2터미널
32217,공항철도,,홍대입구,DAY,DOWN,0,A2233,,21:14:00,서울역,인천공항2터미널
32218,공항철도,,디지털미디어시티,DAY,DOWN,0,A2233,,21:18:00,서울역,인천공항2터미널
32219,공항철도,,마곡나루,DAY,DOWN,0,A2233,,21:25:00,서울역,인천공항2터미널
32220,공항철도,,김포공항,DAY,DOWN,0,A2233,,21:28:00,서울역,인천공항2터미널
32221,공항철도,,계양,DAY,DOWN,0,A2233,,21:35:00,서울역,인천공항2터미널
32222,공항철도,,검암,DAY,DOWN,0,A2233,,21:41:00,서울역,인천공항2터미널
32223,공항철도,,청라국제도시,DAY,DOWN,0,A2233,,21:46:00,서울역,인천공항2터미널
32224,공항철도,,영종,DAY,DOWN,0,A2233,,21:54:00,서울역,인천공항2터미널
32225,공항철도,,운서,DAY,DOWN,0,A2233,,21:58:00,서울역,인천공항2터미널
32226,공항철도,,공항화물청사,DAY,DOWN,0,A2233,,22:03:00,서울역,인천공항2터미널
32227,공항철도,,인천공항1터미널,DAY,DOWN,0,A2233,,22:07:00,서울역,인천공항2터미널
32228,공항철도,,서울역,SAT,DOWN,0,A2233,,20:19:00,서울역,인천공항2터미널
32229,공항철도,,서울역,END,DOWN,0,A2233,,20:19:00,서울역,인천공항2터미널
32230,공항철도,,공덕,SAT,DOWN,0,A2233,,20:24:00,서울역,인천공항2터미널
32231,공항철도,,공덕,END,DOWN,0,A2233,,20:24:00,서울역,인천공항2터미널
32232,공항철도,,홍대입구,SAT,DOWN,0,A2233,,20:27:00,서울역,인천공항2터미널
32233,공항철도,,홍대입구,END,DOWN,0,A2233,,20:27:00,서울역,인천공항2터미널
32234,공항철도,,디지털미디어시티,SAT,DOWN,0,A2233,,20:31:00,서울역,인천공항2터미널
32235,공항철도,,디지털미디어시티,END,DOWN,0,A2233,,20:31:00,서울역,인천공항2터미널
32236,공항철도,,마곡나루,SAT,DOWN,0,A2233,,20:39:00,서울역,인천공항2터미널
32237,공항철도,,마곡나루,END,DOWN,0,A2233,,20:39:00,서울역,인천공항2터미널
32238,공항철도,,김포공항,SAT,DOWN,0,A2233,,20:42:00,서울역,인천공항2터미널
32239,공항철도,,김포공항,END,DOWN,0,A2233,,20:42:00,서울역,인천공항2터미널
32240,공항철도,,계양,SAT,DOWN,0,A2233,,20:48:00,서울역,인천공항2터미널
32241,공항철도,,계양,END,DOWN,0,A2233,,20:48:00,서울역,인천공항2터미널
32242,공항철도,,검암,SAT,DOWN,0,A2233,,20:54:00,서울역,인천공항2터미널
32243,공항철도,,검암,END,DOWN,0,A2233,,20:54:00,서울역,인천공항2터미널
32244,공항철도,,청라국제도시,SAT,DOWN,0,A2233,,20:59:00,서울역,인천공항2터미널
32245,공항철도,,청라국제도시,END,DOWN,0,A2233,,20:59:00,서울역,인천공항2터미널
32246,공항철도,,영종,SAT,DOWN,0,A2233,,21:08:00,서울역,인천공항2터미널
32247,공항철도,,영종,END,DOWN,0,A2233,,21:08:00,서울역,인천공항2터미널
32248,공항철도,,운서,SAT,DOWN,0,A2233,,21:12:00,서울역,인천공항2터미널
32249,공항철도,,운서,END,DOWN,0,A2233,,21:12:00,서울역,인천공항2터미널
32250,공항철도,,공항화물청사,SAT,DOWN,0,A2233,,21:16:00,서울역,인천공항2터미널
32251,공항철도,,공항화물청사,END,DOWN,0,A2233,,21:16:00,서울역,인천공항2터미널
32252,공항철도,,인천공항1터미널,SAT,DOWN,0,A2233,,21:20:00,서울역,인천공항2터미널
32253,공항철도,,인천공항1터미널,END,DOWN,0,A2233,,21:20:00,서울역,인천공항2터미널
32254,공항철도,,인천공항2터미널,DAY,DOWN,0,A2234,,20:19:00,인천공항2터미널,서울역
32255,공항철도,,인천공항1터미널,DAY,DOWN,0,A2234,,20:25:00,인천공항2터미널,서울역
32256,공항철도,,공항화물청사,DAY,DOWN,0,A2234,,20:29:00,인천공항2터미널,서울역
32257,공항철도,,운서,DAY,DOWN,0,A2234,,20:33:00,인천공항2터미널,서울역
32258,공항철도,,영종,DAY,DOWN,0,A2234,,20:37:00,인천공항2터미널,서울역
32259,공항철도,,청라국제도시,DAY,DOWN,0,A2234,,20:46:00,인천공항2터미널,서울역
32260,공항철도,,검암,DAY,DOWN,0,A2234,,20:51:00,인천공항2터미널,서울역
32261,공항철도,,계양,DAY,DOWN,0,A2234,,20:57:00,인천공항2터미널,서울역
32262,공항철도,,김포공항,DAY,DOWN,0,A2234,,21:03:00,인천공항2터미널,서울역
32263,공항철도,,마곡나루,DAY,DOWN,0,A2234,,21:06:00,인천공항2터미널,서울역
32264,공항철도,,디지털미디어시티,DAY,DOWN,0,A2234,,21:14:00,인천공항2터미널,서울역
32265,공항철도,,홍대입구,DAY,DOWN,0,A2234,,21:18:00,인천공항2터미널,서울역
32266,공항철도,,공덕,DAY,DOWN,0,A2234,,21:21:00,인천공항2터미널,서울역
32267,공항철도,,인천공항2터미널,SAT,DOWN,0,A2234,,19:44:00,인천공항2터미널,서울역
32268,공항철도,,인천공항2터미널,END,DOWN,0,A2234,,19:44:00,인천공항2터미널,서울역
32269,공항철도,,인천공항1터미널,SAT,DOWN,0,A2234,,19:50:00,인천공항2터미널,서울역
32270,공항철도,,인천공항1터미널,END,DOWN,0,A2234,,19:50:00,인천공항2터미널,서울역
32271,공항철도,,공항화물청사,SAT,DOWN,0,A2234,,19:54:00,인천공항2터미널,서울역
32272,공항철도,,공항화물청사,END,DOWN,0,A2234,,19:54:00,인천공항2터미널,서울역
32273,공항철도,,운서,SAT,DOWN,0,A2234,,19:58:00,인천공항2터미널,서울역
32274,공항철도,,운서,END,DOWN,0,A2234,,19:58:00,인천공항2터미널,서울역
32275,공항철도,,영종,SAT,DOWN,0,A2234,,20:02:00,인천공항2터미널,서울역
32276,공항철도,,영종,END,DOWN,0,A2234,,20:02:00,인천공항2터미널,서울역
32277,공항철도,,청라국제도시,SAT,DOWN,0,A2234,,20:11:00,인천공항2터미널,서울역
32278,공항철도,,청라국제도시,END,DOWN,0,A2234,,20:11:00,인천공항2터미널,서울역
32279,공항철도,,검암,SAT,DOWN,0,A2234,,20:16:00,인천공항2터미널,서울역
32280,공항철도,,검암,END,DOWN,0,A2234,,20:16:00,인천공항2터미널,서울역
32281,공항철도,,계양,SAT,DOWN,0,A2234,,20:22:00,인천공항2터미널,서울역
32282,공항철도,,계양,END,DOWN,0,A2234,,20:22:00,인천공항2터미널,서울역
32283,공항철도,,김포공항,SAT,DOWN,0,A2234,,20:28:00,인천공항2터미널,서울역
32284,공항철도,,김포공항,END,DOWN,0,A2234,,20:28:00,인천공항2터미널,서울역
32285,공항철도,,마곡나루,SAT,DOWN,0,A2234,,20:31:00,인천공항2터미널,서울역
32286,공항철도,,마곡나루,END,DOWN,0,A2234,,20:31:00,인천공항2터미널,서울역
32287,공항철도,,디지털미디어시티,SAT,DOWN,0,A2234,,20:39:00,인천공항2터미널,서울역
32288,공항철도,,디지털미디어시티,END,DOWN,0,A2234,,20:39:00,인천공항2터미널,서울역
32289,공항철도,,홍대입구,SAT,DOWN,0,A2234,,20:43:00,인천공항2터미널,서울역
32290,공항철도,,홍대입구,END,DOWN,0,A2234,,20:43:00,인천공항2터미널,서울역
32291,공항철도,,공덕,SAT,DOWN,0,A2234,,20:46:00,인천공항2터미널,서울역
32292,공항철도,,공덕,END,DOWN,0,A2234,,20:46:00,인천공항2터미널,서울역
32293,공항철도,,서울역,DAY,DOWN,0,A2235,,21:12:00,서울역,인천공항2터미널
32294,공항철도,,공덕,DAY,DOWN,0,A2235,,21:16:00,서울역,인천공항2터미널
32295,공항철도,,홍대입구,DAY,DOWN,0,A2235,,21:20:00,서울역,인천공항2터미널
32296,공항철도,,디지털미디어시티,DAY,DOWN,0,A2235,,21:24:00,서울역,인천공항2터미널
32297,공항철도,,마곡나루,DAY,DOWN,0,A2235,,21:31:00,서울역,인천공항2터미널
32298,공항철도,,김포공항,DAY,DOWN,0,A2235,,21:34:00,서울역,인천공항2터미널
32299,공항철도,,계양,DAY,DOWN,0,A2235,,21:41:00,서울역,인천공항2터미널
32300,공항철도,,검암,DAY,DOWN,0,A2235,,21:47:00,서울역,인천공항2터미널
32301,공항철도,,청라국제도시,DAY,DOWN,0,A2235,,21:52:00,서울역,인천공항2터미널
32302,공항철도,,영종,DAY,DOWN,0,A2235,,22:00:00,서울역,인천공항2터미널
32303,공항철도,,운서,DAY,DOWN,0,A2235,,22:04:00,서울역,인천공항2터미널
32304,공항철도,,공항화물청사,DAY,DOWN,0,A2235,,22:09:00,서울역,인천공항2터미널
32305,공항철도,,인천공항1터미널,DAY,DOWN,0,A2235,,22:13:00,서울역,인천공항2터미널
32306,공항철도,,서울역,SAT,DOWN,0,A2235,,20:26:00,서울역,인천공항2터미널
32307,공항철도,,서울역,END,DOWN,0,A2235,,20:26:00,서울역,인천공항2터미널
32308,공항철도,,공덕,SAT,DOWN,0,A2235,,20:30:00,서울역,인천공항2터미널
32309,공항철도,,공덕,END,DOWN,0,A2235,,20:30:00,서울역,인천공항2터미널
32310,공항철도,,홍대입구,SAT,DOWN,0,A2235,,20:34:00,서울역,인천공항2터미널
32311,공항철도,,홍대입구,END,DOWN,0,A2235,,20:34:00,서울역,인천공항2터미널
32312,공항철도,,디지털미디어시티,SAT,DOWN,0,A2235,,20:38:00,서울역,인천공항2터미널
32313,공항철도,,디지털미디어시티,END,DOWN,0,A2235,,20:38:00,서울역,인천공항2터미널
32314,공항철도,,마곡나루,SAT,DOWN,0,A2235,,20:45:00,서울역,인천공항2터미널
32315,공항철도,,마곡나루,END,DOWN,0,A2235,,20:45:00,서울역,인천공항2터미널
32316,공항철도,,김포공항,SAT,DOWN,0,A2235,,20:48:00,서울역,인천공항2터미널
32317,공항철도,,김포공항,END,DOWN,0,A2235,,20:48:00,서울역,인천공항2터미널
32318,공항철도,,계양,SAT,DOWN,0,A2235,,20:55:00,서울역,인천공항2터미널
32319,공항철도,,계양,END,DOWN,0,A2235,,20:55:00,서울역,인천공항2터미널
32320,공항철도,,검암,SAT,DOWN,0,A2235,,21:01:00,서울역,인천공항2터미널
32321,공항철도,,검암,END,DOWN,0,A2235,,21:01:00,서울역,인천공항2터미널
32322,공항철도,,청라국제도시,SAT,DOWN,0,A2235,,21:06:00,서울역,인천공항2터미널
32323,공항철도,,청라국제도시,END,DOWN,0,A2235,,21:06:00,서울역,인천공항2터미널
32324,공항철도,,영종,SAT,DOWN,0,A2235,,21:14:00,서울역,인천공항2터미널
32325,공항철도,,영종,END,DOWN,0,A2235,,21:14:00,서울역,인천공항2터미널
32326,공항철도,,운서,SAT,DOWN,0,A2235,,21:18:00,서울역,인천공항2터미널
32327,공항철도,,운서,END,DOWN,0,A2235,,21:18:00,서울역,인천공항2터미널
32328,공항철도,,공항화물청사,SAT,DOWN,0,A2235,,21:23:00,서울역,인천공항2터미널
32329,공항철도,,공항화물청사,END,DOWN,0,A2235,,21:23:00,서울역,인천공항2터미널
32330,공항철도,,인천공항1터미널,SAT,DOWN,0,A2235,,21:27:00,서울역,인천공항2터미널
32331,공항철도,,인천공항1터미널,END,DOWN,0,A2235,,21:27:00,서울역,인천공항2터미널
32332,공항철도,,인천공항2터미널,DAY,DOWN,0,A2236,,20:26:00,인천공항2터미널,서울역
32333,공항철도,,인천공항1터미널,DAY,DOWN,0,A2236,,20:32:00,인천공항2터미널,서울역
32334,공항철도,,공항화물청사,DAY,DOWN,0,A2236,,20:36:00,인천공항2터미널,서울역
32335,공항철도,,운서,DAY,DOWN,0,A2236,,20:40:00,인천공항2터미널,서울역
32336,공항철도,,영종,DAY,DOWN,0,A2236,,20:44:00,인천공항2터미널,서울역
32337,공항철도,,청라국제도시,DAY,DOWN,0,A2236,,20:53:00,인천공항2터미널,서울역
32338,공항철도,,검암,DAY,DOWN,0,A2236,,20:58:00,인천공항2터미널,서울역
32339,공항철도,,계양,DAY,DOWN,0,A2236,,21:04:00,인천공항2터미널,서울역
32340,공항철도,,김포공항,DAY,DOWN,0,A2236,,21:10:00,인천공항2터미널,서울역
32341,공항철도,,마곡나루,DAY,DOWN,0,A2236,,21:13:00,인천공항2터미널,서울역
32342,공항철도,,디지털미디어시티,DAY,DOWN,0,A2236,,21:21:00,인천공항2터미널,서울역
32343,공항철도,,홍대입구,DAY,DOWN,0,A2236,,21:25:00,인천공항2터미널,서울역
32344,공항철도,,공덕,DAY,DOWN,0,A2236,,21:28:00,인천공항2터미널,서울역
32345,공항철도,,인천공항2터미널,SAT,DOWN,0,A2236,,19:52:00,인천공항2터미널,서울역
32346,공항철도,,인천공항2터미널,END,DOWN,0,A2236,,19:52:00,인천공항2터미널,서울역
32347,공항철도,,인천공항1터미널,SAT,DOWN,0,A2236,,19:58:00,인천공항2터미널,서울역
32348,공항철도,,인천공항1터미널,END,DOWN,0,A2236,,19:58:00,인천공항2터미널,서울역
32349,공항철도,,공항화물청사,SAT,DOWN,0,A2236,,20:02:00,인천공항2터미널,서울역
32350,공항철도,,공항화물청사,END,DOWN,0,A2236,,20:02:00,인천공항2터미널,서울역
32351,공항철도,,운서,SAT,DOWN,0,A2236,,20:06:00,인천공항2터미널,서울역
32352,공항철도,,운서,END,DOWN,0,A2236,,20:06:00,인천공항2터미널,서울역
32353,공항철도,,영종,SAT,DOWN,0,A2236,,20:10:00,인천공항2터미널,서울역
32354,공항철도,,영종,END,DOWN,0,A2236,,20:10:00,인천공항2터미널,서울역
32355,공항철도,,청라국제도시,SAT,DOWN,0,A2236,,20:19:00,인천공항2터미널,서울역
32356,공항철도,,청라국제도시,END,DOWN,0,A2236,,20:19:00,인천공항2터미널,서울역
32357,공항철도,,검암,SAT,DOWN,0,A2236,,20:24:00,인천공항2터미널,서울역
32358,공항철도,,검암,END,DOWN,0,A2236,,20:24:00,인천공항2터미널,서울역
32359,공항철도,,계양,SAT,DOWN,0,A2236,,20:30:00,인천공항2터미널,서울역
32360,공항철도,,계양,END,DOWN,0,A2236,,20:30:00,인천공항2터미널,서울역
32361,공항철도,,김포공항,SAT,DOWN,0,A2236,,20:36:00,인천공항2터미널,서울역
32362,공항철도,,김포공항,END,DOWN,0,A2236,,20:36:00,인천공항2터미널,서울역
32363,공항철도,,마곡나루,SAT,DOWN,0,A2236,,20:39:00,인천공항2터미널,서울역
32364,공항철도,,마곡나루,END,DOWN,0,A2236,,20:39:00,인천공항2터미널,서울역
32365,공항철도,,디지털미디어시티,SAT,DOWN,0,A2236,,20:48:00,인천공항2터미널,서울역
32366,공항철도,,디지털미디어시티,END,DOWN,0,A2236,,20:48:00,인천공항2터미널,서울역
32367,공항철도,,홍대입구,SAT,DOWN,0,A2236,,20:52:00,인천공항2터미널,서울역
32368,공항철도,,홍대입구,END,DOWN,0,A2236,,20:52:00,인천공항2터미널,서울역
32369,공항철도,,공덕,SAT,DOWN,0,A2236,,20:56:00,인천공항2터미널,서울역
32370,공항철도,,공덕,END,DOWN,0,A2236,,20:56:00,인천공항2터미널,서울역
32371,공항철도,,서울역,DAY,DOWN,0,A2237,,21:19:00,서울역,인천공항2터미널
32372,공항철도,,공덕,DAY,DOWN,0,A2237,,21:24:00,서울역,인천공항2터미널
32373,공항철도,,홍대입구,DAY,DOWN,0,A2237,,21:27:00,서울역,인천공항2터미널
32374,공항철도,,디지털미디어시티,DAY,DOWN,0,A2237,,21:31:00,서울역,인천공항2터미널
32375,공항철도,,마곡나루,DAY,DOWN,0,A2237,,21:39:00,서울역,인천공항2터미널
32376,공항철도,,김포공항,DAY,DOWN,0,A2237,,21:42:00,서울역,인천공항2터미널
32377,공항철도,,계양,DAY,DOWN,0,A2237,,21:48:00,서울역,인천공항2터미널
32378,공항철도,,검암,DAY,DOWN,0,A2237,,21:56:00,서울역,인천공항2터미널
32379,공항철도,,청라국제도시,DAY,DOWN,0,A2237,,22:01:00,서울역,인천공항2터미널
32380,공항철도,,영종,DAY,DOWN,0,A2237,,22:09:00,서울역,인천공항2터미널
32381,공항철도,,운서,DAY,DOWN,0,A2237,,22:13:00,서울역,인천공항2터미널
32382,공항철도,,공항화물청사,DAY,DOWN,0,A2237,,22:18:00,서울역,인천공항2터미널
32383,공항철도,,인천공항1터미널,DAY,DOWN,0,A2237,,22:22:00,서울역,인천공항2터미널
32384,공항철도,,서울역,SAT,DOWN,0,A2237,,20:34:00,서울역,인천공항2터미널
32385,공항철도,,서울역,END,DOWN,0,A2237,,20:34:00,서울역,인천공항2터미널
32386,공항철도,,공덕,SAT,DOWN,0,A2237,,20:38:00,서울역,인천공항2터미널
32387,공항철도,,공덕,END,DOWN,0,A2237,,20:38:00,서울역,인천공항2터미널
32388,공항철도,,홍대입구,SAT,DOWN,0,A2237,,20:42:00,서울역,인천공항2터미널
32389,공항철도,,홍대입구,END,DOWN,0,A2237,,20:42:00,서울역,인천공항2터미널
32390,공항철도,,디지털미디어시티,SAT,DOWN,0,A2237,,20:46:00,서울역,인천공항2터미널
32391,공항철도,,디지털미디어시티,END,DOWN,0,A2237,,20:46:00,서울역,인천공항2터미널
32392,공항철도,,마곡나루,SAT,DOWN,0,A2237,,20:53:00,서울역,인천공항2터미널
32393,공항철도,,마곡나루,END,DOWN,0,A2237,,20:53:00,서울역,인천공항2터미널
32394,공항철도,,김포공항,SAT,DOWN,0,A2237,,20:56:00,서울역,인천공항2터미널
32395,공항철도,,김포공항,END,DOWN,0,A2237,,20:56:00,서울역,인천공항2터미널
32396,공항철도,,계양,SAT,DOWN,0,A2237,,21:03:00,서울역,인천공항2터미널
32397,공항철도,,계양,END,DOWN,0,A2237,,21:03:00,서울역,인천공항2터미널
32398,공항철도,,검암,SAT,DOWN,0,A2237,,21:10:00,서울역,인천공항2터미널
32399,공항철도,,검암,END,DOWN,0,A2237,,21:10:00,서울역,인천공항2터미널
32400,공항철도,,청라국제도시,SAT,DOWN,0,A2237,,21:15:00,서울역,인천공항2터미널
32401,공항철도,,청라국제도시,END,DOWN,0,A2237,,21:15:00,서울역,인천공항2터미널
32402,공항철도,,영종,SAT,DOWN,0,A2237,,21:24:00,서울역,인천공항2터미널
32403,공항철도,,영종,END,DOWN,0,A2237,,21:24:00,서울역,인천공항2터미널
32404,공항철도,,운서,SAT,DOWN,0,A2237,,21:28:00,서울역,인천공항2터미널
32405,공항철도,,운서,END,DOWN,0,A2237,,21:28:00,서울역,인천공항2터미널
32406,공항철도,,공항화물청사,SAT,DOWN,0,A2237,,21:32:00,서울역,인천공항2터미널
32407,공항철도,,공항화물청사,END,DOWN,0,A2237,,21:32:00,서울역,인천공항2터미널
32408,공항철도,,인천공항1터미널,SAT,DOWN,0,A2237,,21:36:00,서울역,인천공항2터미널
32409,공항철도,,인천공항1터미널,END,DOWN,0,A2237,,21:36:00,서울역,인천공항2터미널
32410,공항철도,,인천공항2터미널,DAY,DOWN,0,A2238,,20:34:00,인천공항2터미널,서울역
32411,공항철도,,인천공항1터미널,DAY,DOWN,0,A2238,,20:40:00,인천공항2터미널,서울역
32412,공항철도,,공항화물청사,DAY,DOWN,0,A2238,,20:44:00,인천공항2터미널,서울역
32413,공항철도,,운서,DAY,DOWN,0,A2238,,20:48:00,인천공항2터미널,서울역
32414,공항철도,,영종,DAY,DOWN,0,A2238,,20:52:00,인천공항2터미널,서울역
32415,공항철도,,청라국제도시,DAY,DOWN,0,A2238,,21:01:00,인천공항2터미널,서울역
32416,공항철도,,검암,DAY,DOWN,0,A2238,,21:06:00,인천공항2터미널,서울역
32417,공항철도,,계양,DAY,DOWN,0,A2238,,21:12:00,인천공항2터미널,서울역
32418,공항철도,,김포공항,DAY,DOWN,0,A2238,,21:18:00,인천공항2터미널,서울역
32419,공항철도,,마곡나루,DAY,DOWN,0,A2238,,21:21:00,인천공항2터미널,서울역
32420,공항철도,,디지털미디어시티,DAY,DOWN,0,A2238,,21:29:00,인천공항2터미널,서울역
32421,공항철도,,홍대입구,DAY,DOWN,0,A2238,,21:33:00,인천공항2터미널,서울역
32422,공항철도,,공덕,DAY,DOWN,0,A2238,,21:36:00,인천공항2터미널,서울역
32423,공항철도,,인천공항2터미널,SAT,DOWN,0,A2238,,19:58:00,인천공항2터미널,서울역
32424,공항철도,,인천공항2터미널,END,DOWN,0,A2238,,19:58:00,인천공항2터미널,서울역
32425,공항철도,,인천공항1터미널,SAT,DOWN,0,A2238,,20:05:00,인천공항2터미널,서울역
32426,공항철도,,인천공항1터미널,END,DOWN,0,A2238,,20:05:00,인천공항2터미널,서울역
32427,공항철도,,공항화물청사,SAT,DOWN,0,A2238,,20:08:00,인천공항2터미널,서울역
32428,공항철도,,공항화물청사,END,DOWN,0,A2238,,20:08:00,인천공항2터미널,서울역
32429,공항철도,,운서,SAT,DOWN,0,A2238,,20:13:00,인천공항2터미널,서울역
32430,공항철도,,운서,END,DOWN,0,A2238,,20:13:00,인천공항2터미널,서울역
32431,공항철도,,영종,SAT,DOWN,0,A2238,,20:17:00,인천공항2터미널,서울역
32432,공항철도,,영종,END,DOWN,0,A2238,,20:17:00,인천공항2터미널,서울역
32433,공항철도,,청라국제도시,SAT,DOWN,0,A2238,,20:25:00,인천공항2터미널,서울역
32434,공항철도,,청라국제도시,END,DOWN,0,A2238,,20:25:00,인천공항2터미널,서울역
32435,공항철도,,검암,SAT,DOWN,0,A2238,,20:32:00,인천공항2터미널,서울역
32436,공항철도,,검암,END,DOWN,0,A2238,,20:32:00,인천공항2터미널,서울역
32437,공항철도,,계양,SAT,DOWN,0,A2238,,20:38:00,인천공항2터미널,서울역
32438,공항철도,,계양,END,DOWN,0,A2238,,20:38:00,인천공항2터미널,서울역
32439,공항철도,,김포공항,SAT,DOWN,0,A2238,,20:44:00,인천공항2터미널,서울역
32440,공항철도,,김포공항,END,DOWN,0,A2238,,20:44:00,인천공항2터미널,서울역
32441,공항철도,,마곡나루,SAT,DOWN,0,A2238,,20:47:00,인천공항2터미널,서울역
32442,공항철도,,마곡나루,END,DOWN,0,A2238,,20:47:00,인천공항2터미널,서울역
32443,공항철도,,디지털미디어시티,SAT,DOWN,0,A2238,,20:55:00,인천공항2터미널,서울역
32444,공항철도,,디지털미디어시티,END,DOWN,0,A2238,,20:55:00,인천공항2터미널,서울역
32445,공항철도,,홍대입구,SAT,DOWN,0,A2238,,20:59:00,인천공항2터미널,서울역
32446,공항철도,,홍대입구,END,DOWN,0,A2238,,20:59:00,인천공항2터미널,서울역
32447,공항철도,,공덕,SAT,DOWN,0,A2238,,21:02:00,인천공항2터미널,서울역
32448,공항철도,,공덕,END,DOWN,0,A2238,,21:02:00,인천공항2터미널,서울역
32449,공항철도,,서울역,DAY,DOWN,0,A2239,,21:26:00,서울역,인천공항2터미널
32450,공항철도,,공덕,DAY,DOWN,0,A2239,,21:30:00,서울역,인천공항2터미널
32451,공항철도,,홍대입구,DAY,DOWN,0,A2239,,21:34:00,서울역,인천공항2터미널
32452,공항철도,,디지털미디어시티,DAY,DOWN,0,A2239,,21:39:00,서울역,인천공항2터미널
32453,공항철도,,마곡나루,DAY,DOWN,0,A2239,,21:47:00,서울역,인천공항2터미널
32454,공항철도,,김포공항,DAY,DOWN,0,A2239,,21:50:00,서울역,인천공항2터미널
32455,공항철도,,계양,DAY,DOWN,0,A2239,,21:56:00,서울역,인천공항2터미널
32456,공항철도,,검암,DAY,DOWN,0,A2239,,22:02:00,서울역,인천공항2터미널
32457,공항철도,,청라국제도시,DAY,DOWN,0,A2239,,22:07:00,서울역,인천공항2터미널
32458,공항철도,,영종,DAY,DOWN,0,A2239,,22:16:00,서울역,인천공항2터미널
32459,공항철도,,운서,DAY,DOWN,0,A2239,,22:20:00,서울역,인천공항2터미널
32460,공항철도,,공항화물청사,DAY,DOWN,0,A2239,,22:24:00,서울역,인천공항2터미널
32461,공항철도,,인천공항1터미널,DAY,DOWN,0,A2239,,22:28:00,서울역,인천공항2터미널
32462,공항철도,,서울역,SAT,DOWN,0,A2239,,20:41:00,서울역,인천공항2터미널
32463,공항철도,,서울역,END,DOWN,0,A2239,,20:41:00,서울역,인천공항2터미널
32464,공항철도,,공덕,SAT,DOWN,0,A2239,,20:45:00,서울역,인천공항2터미널
32465,공항철도,,공덕,END,DOWN,0,A2239,,20:45:00,서울역,인천공항2터미널
32466,공항철도,,홍대입구,SAT,DOWN,0,A2239,,20:49:00,서울역,인천공항2터미널
32467,공항철도,,홍대입구,END,DOWN,0,A2239,,20:49:00,서울역,인천공항2터미널
32468,공항철도,,디지털미디어시티,SAT,DOWN,0,A2239,,20:54:00,서울역,인천공항2터미널
32469,공항철도,,디지털미디어시티,END,DOWN,0,A2239,,20:54:00,서울역,인천공항2터미널
32470,공항철도,,마곡나루,SAT,DOWN,0,A2239,,21:02:00,서울역,인천공항2터미널
32471,공항철도,,마곡나루,END,DOWN,0,A2239,,21:02:00,서울역,인천공항2터미널
32472,공항철도,,김포공항,SAT,DOWN,0,A2239,,21:05:00,서울역,인천공항2터미널
32473,공항철도,,김포공항,END,DOWN,0,A2239,,21:05:00,서울역,인천공항2터미널
32474,공항철도,,계양,SAT,DOWN,0,A2239,,21:11:00,서울역,인천공항2터미널
32475,공항철도,,계양,END,DOWN,0,A2239,,21:11:00,서울역,인천공항2터미널
32476,공항철도,,검암,SAT,DOWN,0,A2239,,21:17:00,서울역,인천공항2터미널
32477,공항철도,,검암,END,DOWN,0,A2239,,21:17:00,서울역,인천공항2터미널
32478,공항철도,,청라국제도시,SAT,DOWN,0,A2239,,21:22:00,서울역,인천공항2터미널
32479,공항철도,,청라국제도시,END,DOWN,0,A2239,,21:22:00,서울역,인천공항2터미널
32480,공항철도,,영종,SAT,DOWN,0,A2239,,21:31:00,서울역,인천공항2터미널
32481,공항철도,,영종,END,DOWN,0,A2239,,21:31:00,서울역,인천공항2터미널
32482,공항철도,,운서,SAT,DOWN,0,A2239,,21:35:00,서울역,인천공항2터미널
32483,공항철도,,운서,END,DOWN,0,A2239,,21:35:00,서울역,인천공항2터미널
32484,공항철도,,공항화물청사,SAT,DOWN,0,A2239,,21:39:00,서울역,인천공항2터미널
32485,공항철도,,공항화물청사,END,DOWN,0,A2239,,21:39:00,서울역,인천공항2터미널
32486,공항철도,,인천공항1터미널,SAT,DOWN,0,A2239,,21:43:00,서울역,인천공항2터미널
32487,공항철도,,인천공항1터미널,END,DOWN,0,A2239,,21:43:00,서울역,인천공항2터미널
32488,공항철도,,인천공항2터미널,DAY,DOWN,0,A2240,,20:42:00,인천공항2터미널,서울역
32489,공항철도,,인천공항1터미널,DAY,DOWN,0,A2240,,20:48:00,인천공항2터미널,서울역
32490,공항철도,,공항화물청사,DAY,DOWN,0,A2240,,20:52:00,인천공항2터미널,서울역
32491,공항철도,,운서,DAY,DOWN,0,A2240,,20:56:00,인천공항2터미널,서울역
32492,공항철도,,영종,DAY,DOWN,0,A2240,,21:00:00,인천공항2터미널,서울역
32493,공항철도,,청라국제도시,DAY,DOWN,0,A2240,,21:09:00,인천공항2터미널,서울역
32494,공항철도,,검암,DAY,DOWN,0,A2240,,21:14:00,인천공항2터미널,서울역
32495,공항철도,,계양,DAY,DOWN,0,A2240,,21:20:00,인천공항2터미널,서울역
32496,공항철도,,김포공항,DAY,DOWN,0,A2240,,21:26:00,인천공항2터미널,서울역
32497,공항철도,,마곡나루,DAY,DOWN,0,A2240,,21:29:00,인천공항2터미널,서울역
32498,공항철도,,디지털미디어시티,DAY,DOWN,0,A2240,,21:38:00,인천공항2터미널,서울역
32499,공항철도,,홍대입구,DAY,DOWN,0,A2240,,21:42:00,인천공항2터미널,서울역
32500,공항철도,,공덕,DAY,DOWN,0,A2240,,21:46:00,인천공항2터미널,서울역
32501,공항철도,,인천공항2터미널,SAT,DOWN,0,A2240,,20:08:00,인천공항2터미널,서울역
32502,공항철도,,인천공항2터미널,END,DOWN,0,A2240,,20:08:00,인천공항2터미널,서울역
32503,공항철도,,인천공항1터미널,SAT,DOWN,0,A2240,,20:15:00,인천공항2터미널,서울역
32504,공항철도,,인천공항1터미널,END,DOWN,0,A2240,,20:15:00,인천공항2터미널,서울역
32505,공항철도,,공항화물청사,SAT,DOWN,0,A2240,,20:18:00,인천공항2터미널,서울역
32506,공항철도,,공항화물청사,END,DOWN,0,A2240,,20:18:00,인천공항2터미널,서울역
32507,공항철도,,운서,SAT,DOWN,0,A2240,,20:23:00,인천공항2터미널,서울역
32508,공항철도,,운서,END,DOWN,0,A2240,,20:23:00,인천공항2터미널,서울역
32509,공항철도,,영종,SAT,DOWN,0,A2240,,20:27:00,인천공항2터미널,서울역
32510,공항철도,,영종,END,DOWN,0,A2240,,20:27:00,인천공항2터미널,서울역
32511,공항철도,,청라국제도시,SAT,DOWN,0,A2240,,20:35:00,인천공항2터미널,서울역
32512,공항철도,,청라국제도시,END,DOWN,0,A2240,,20:35:00,인천공항2터미널,서울역
32513,공항철도,,검암,SAT,DOWN,0,A2240,,20:40:00,인천공항2터미널,서울역
32514,공항철도,,검암,END,DOWN,0,A2240,,20:40:00,인천공항2터미널,서울역
32515,공항철도,,계양,SAT,DOWN,0,A2240,,20:46:00,인천공항2터미널,서울역
32516,공항철도,,계양,END,DOWN,0,A2240,,20:46:00,인천공항2터미널,서울역
32517,공항철도,,김포공항,SAT,DOWN,0,A2240,,20:53:00,인천공항2터미널,서울역
32518,공항철도,,김포공항,END,DOWN,0,A2240,,20:53:00,인천공항2터미널,서울역
32519,공항철도,,마곡나루,SAT,DOWN,0,A2240,,20:56:00,인천공항2터미널,서울역
32520,공항철도,,마곡나루,END,DOWN,0,A2240,,20:56:00,인천공항2터미널,서울역
32521,공항철도,,디지털미디어시티,SAT,DOWN,0,A2240,,21:03:00,인천공항2터미널,서울역
32522,공항철도,,디지털미디어시티,END,DOWN,0,A2240,,21:03:00,인천공항2터미널,서울역
32523,공항철도,,홍대입구,SAT,DOWN,0,A2240,,21:07:00,인천공항2터미널,서울역
32524,공항철도,,홍대입구,END,DOWN,0,A2240,,21:07:00,인천공항2터미널,서울역
32525,공항철도,,공덕,SAT,DOWN,0,A2240,,21:11:00,인천공항2터미널,서울역
32526,공항철도,,공덕,END,DOWN,0,A2240,,21:11:00,인천공항2터미널,서울역
32527,공항철도,,서울역,DAY,DOWN,0,A2241,,21:34:00,서울역,인천공항2터미널
32528,공항철도,,공덕,DAY,DOWN,0,A2241,,21:38:00,서울역,인천공항2터미널
32529,공항철도,,홍대입구,DAY,DOWN,0,A2241,,21:42:00,서울역,인천공항2터미널
32530,공항철도,,디지털미디어시티,DAY,DOWN,0,A2241,,21:46:00,서울역,인천공항2터미널
32531,공항철도,,마곡나루,DAY,DOWN,0,A2241,,21:53:00,서울역,인천공항2터미널
32532,공항철도,,김포공항,DAY,DOWN,0,A2241,,21:56:00,서울역,인천공항2터미널
32533,공항철도,,계양,DAY,DOWN,0,A2241,,22:03:00,서울역,인천공항2터미널
32534,공항철도,,검암,DAY,DOWN,0,A2241,,22:09:00,서울역,인천공항2터미널
32535,공항철도,,청라국제도시,DAY,DOWN,0,A2241,,22:14:00,서울역,인천공항2터미널
32536,공항철도,,영종,DAY,DOWN,0,A2241,,22:22:00,서울역,인천공항2터미널
32537,공항철도,,운서,DAY,DOWN,0,A2241,,22:26:00,서울역,인천공항2터미널
32538,공항철도,,공항화물청사,DAY,DOWN,0,A2241,,22:31:00,서울역,인천공항2터미널
32539,공항철도,,인천공항1터미널,DAY,DOWN,0,A2241,,22:35:00,서울역,인천공항2터미널
32540,공항철도,,서울역,SAT,DOWN,0,A2241,,20:50:00,서울역,인천공항2터미널
32541,공항철도,,서울역,END,DOWN,0,A2241,,20:50:00,서울역,인천공항2터미널
32542,공항철도,,공덕,SAT,DOWN,0,A2241,,20:55:00,서울역,인천공항2터미널
32543,공항철도,,공덕,END,DOWN,0,A2241,,20:55:00,서울역,인천공항2터미널
32544,공항철도,,홍대입구,SAT,DOWN,0,A2241,,20:58:00,서울역,인천공항2터미널
32545,공항철도,,홍대입구,END,DOWN,0,A2241,,20:58:00,서울역,인천공항2터미널
32546,공항철도,,디지털미디어시티,SAT,DOWN,0,A2241,,21:02:00,서울역,인천공항2터미널
32547,공항철도,,디지털미디어시티,END,DOWN,0,A2241,,21:02:00,서울역,인천공항2터미널
32548,공항철도,,마곡나루,SAT,DOWN,0,A2241,,21:10:00,서울역,인천공항2터미널
32549,공항철도,,마곡나루,END,DOWN,0,A2241,,21:10:00,서울역,인천공항2터미널
32550,공항철도,,김포공항,SAT,DOWN,0,A2241,,21:13:00,서울역,인천공항2터미널
32551,공항철도,,김포공항,END,DOWN,0,A2241,,21:13:00,서울역,인천공항2터미널
32552,공항철도,,계양,SAT,DOWN,0,A2241,,21:19:00,서울역,인천공항2터미널
32553,공항철도,,계양,END,DOWN,0,A2241,,21:19:00,서울역,인천공항2터미널
32554,공항철도,,검암,SAT,DOWN,0,A2241,,21:25:00,서울역,인천공항2터미널
32555,공항철도,,검암,END,DOWN,0,A2241,,21:25:00,서울역,인천공항2터미널
32556,공항철도,,청라국제도시,SAT,DOWN,0,A2241,,21:30:00,서울역,인천공항2터미널
32557,공항철도,,청라국제도시,END,DOWN,0,A2241,,21:30:00,서울역,인천공항2터미널
32558,공항철도,,영종,SAT,DOWN,0,A2241,,21:39:00,서울역,인천공항2터미널
32559,공항철도,,영종,END,DOWN,0,A2241,,21:39:00,서울역,인천공항2터미널
32560,공항철도,,운서,SAT,DOWN,0,A2241,,21:43:00,서울역,인천공항2터미널
32561,공항철도,,운서,END,DOWN,0,A2241,,21:43:00,서울역,인천공항2터미널
32562,공항철도,,공항화물청사,SAT,DOWN,0,A2241,,21:47:00,서울역,인천공항2터미널
32563,공항철도,,공항화물청사,END,DOWN,0,A2241,,21:47:00,서울역,인천공항2터미널
32564,공항철도,,인천공항1터미널,SAT,DOWN,0,A2241,,21:51:00,서울역,인천공항2터미널
32565,공항철도,,인천공항1터미널,END,DOWN,0,A2241,,21:51:00,서울역,인천공항2터미널
32566,공항철도,,인천공항2터미널,DAY,DOWN,0,A2242,,20:48:00,인천공항2터미널,서울역
32567,공항철도,,인천공항1터미널,DAY,DOWN,0,A2242,,20:55:00,인천공항2터미널,서울역
32568,공항철도,,공항화물청사,DAY,DOWN,0,A2242,,20:58:00,인천공항2터미널,서울역
32569,공항철도,,운서,DAY,DOWN,0,A2242,,21:03:00,인천공항2터미널,서울역
32570,공항철도,,영종,DAY,DOWN,0,A2242,,21:07:00,인천공항2터미널,서울역
32571,공항철도,,청라국제도시,DAY,DOWN,0,A2242,,21:15:00,인천공항2터미널,서울역
32572,공항철도,,검암,DAY,DOWN,0,A2242,,21:22:00,인천공항2터미널,서울역
32573,공항철도,,계양,DAY,DOWN,0,A2242,,21:28:00,인천공항2터미널,서울역
32574,공항철도,,김포공항,DAY,DOWN,0,A2242,,21:34:00,인천공항2터미널,서울역
32575,공항철도,,마곡나루,DAY,DOWN,0,A2242,,21:37:00,인천공항2터미널,서울역
32576,공항철도,,디지털미디어시티,DAY,DOWN,0,A2242,,21:45:00,인천공항2터미널,서울역
32577,공항철도,,홍대입구,DAY,DOWN,0,A2242,,21:49:00,인천공항2터미널,서울역
32578,공항철도,,공덕,DAY,DOWN,0,A2242,,21:52:00,인천공항2터미널,서울역
32579,공항철도,,인천공항2터미널,SAT,DOWN,0,A2242,,20:16:00,인천공항2터미널,서울역
32580,공항철도,,인천공항2터미널,END,DOWN,0,A2242,,20:16:00,인천공항2터미널,서울역
32581,공항철도,,인천공항1터미널,SAT,DOWN,0,A2242,,20:22:00,인천공항2터미널,서울역
32582,공항철도,,인천공항1터미널,END,DOWN,0,A2242,,20:22:00,인천공항2터미널,서울역
32583,공항철도,,공항화물청사,SAT,DOWN,0,A2242,,20:26:00,인천공항2터미널,서울역
32584,공항철도,,공항화물청사,END,DOWN,0,A2242,,20:26:00,인천공항2터미널,서울역
32585,공항철도,,운서,SAT,DOWN,0,A2242,,20:30:00,인천공항2터미널,서울역
32586,공항철도,,운서,END,DOWN,0,A2242,,20:30:00,인천공항2터미널,서울역
32587,공항철도,,영종,SAT,DOWN,0,A2242,,20:34:00,인천공항2터미널,서울역
32588,공항철도,,영종,END,DOWN,0,A2242,,20:34:00,인천공항2터미널,서울역
32589,공항철도,,청라국제도시,SAT,DOWN,0,A2242,,20:43:00,인천공항2터미널,서울역
32590,공항철도,,청라국제도시,END,DOWN,0,A2242,,20:43:00,인천공항2터미널,서울역
32591,공항철도,,검암,SAT,DOWN,0,A2242,,20:48:00,인천공항2터미널,서울역
32592,공항철도,,검암,END,DOWN,0,A2242,,20:48:00,인천공항2터미널,서울역
32593,공항철도,,계양,SAT,DOWN,0,A2242,,20:54:00,인천공항2터미널,서울역
32594,공항철도,,계양,END,DOWN,0,A2242,,20:54:00,인천공항2터미널,서울역
32595,공항철도,,김포공항,SAT,DOWN,0,A2242,,21:00:00,인천공항2터미널,서울역
32596,공항철도,,김포공항,END,DOWN,0,A2242,,21:00:00,인천공항2터미널,서울역
32597,공항철도,,마곡나루,SAT,DOWN,0,A2242,,21:03:00,인천공항2터미널,서울역
32598,공항철도,,마곡나루,END,DOWN,0,A2242,,21:03:00,인천공항2터미널,서울역
32599,공항철도,,디지털미디어시티,SAT,DOWN,0,A2242,,21:11:00,인천공항2터미널,서울역
32600,공항철도,,디지털미디어시티,END,DOWN,0,A2242,,21:11:00,인천공항2터미널,서울역
32601,공항철도,,홍대입구,SAT,DOWN,0,A2242,,21:15:00,인천공항2터미널,서울역
32602,공항철도,,홍대입구,END,DOWN,0,A2242,,21:15:00,인천공항2터미널,서울역
32603,공항철도,,공덕,SAT,DOWN,0,A2242,,21:18:00,인천공항2터미널,서울역
32604,공항철도,,공덕,END,DOWN,0,A2242,,21:18:00,인천공항2터미널,서울역
32605,공항철도,,서울역,DAY,DOWN,0,A2243,,21:40:00,서울역,인천공항2터미널
32606,공항철도,,공덕,DAY,DOWN,0,A2243,,21:45:00,서울역,인천공항2터미널
32607,공항철도,,홍대입구,DAY,DOWN,0,A2243,,21:48:00,서울역,인천공항2터미널
32608,공항철도,,디지털미디어시티,DAY,DOWN,0,A2243,,21:52:00,서울역,인천공항2터미널
32609,공항철도,,마곡나루,DAY,DOWN,0,A2243,,22:00:00,서울역,인천공항2터미널
32610,공항철도,,김포공항,DAY,DOWN,0,A2243,,22:03:00,서울역,인천공항2터미널
32611,공항철도,,계양,DAY,DOWN,0,A2243,,22:09:00,서울역,인천공항2터미널
32612,공항철도,,검암,DAY,DOWN,0,A2243,,22:15:00,서울역,인천공항2터미널
32613,공항철도,,청라국제도시,DAY,DOWN,0,A2243,,22:20:00,서울역,인천공항2터미널
32614,공항철도,,영종,DAY,DOWN,0,A2243,,22:29:00,서울역,인천공항2터미널
32615,공항철도,,운서,DAY,DOWN,0,A2243,,22:33:00,서울역,인천공항2터미널
32616,공항철도,,공항화물청사,DAY,DOWN,0,A2243,,22:37:00,서울역,인천공항2터미널
32617,공항철도,,인천공항1터미널,DAY,DOWN,0,A2243,,22:41:00,서울역,인천공항2터미널
32618,공항철도,,서울역,SAT,DOWN,0,A2243,,20:59:00,서울역,인천공항2터미널
32619,공항철도,,서울역,END,DOWN,0,A2243,,20:59:00,서울역,인천공항2터미널
32620,공항철도,,공덕,SAT,DOWN,0,A2243,,21:04:00,서울역,인천공항2터미널
32621,공항철도,,공덕,END,DOWN,0,A2243,,21:04:00,서울역,인천공항2터미널
32622,공항철도,,홍대입구,SAT,DOWN,0,A2243,,21:07:00,서울역,인천공항2터미널
32623,공항철도,,홍대입구,END,DOWN,0,A2243,,21:07:00,서울역,인천공항2터미널
32624,공항철도,,디지털미디어시티,SAT,DOWN,0,A2243,,21:11:00,서울역,인천공항2터미널
32625,공항철도,,디지털미디어시티,END,DOWN,0,A2243,,21:11:00,서울역,인천공항2터미널
32626,공항철도,,마곡나루,SAT,DOWN,0,A2243,,21:19:00,서울역,인천공항2터미널
32627,공항철도,,마곡나루,END,DOWN,0,A2243,,21:19:00,서울역,인천공항2터미널
32628,공항철도,,김포공항,SAT,DOWN,0,A2243,,21:22:00,서울역,인천공항2터미널
32629,공항철도,,김포공항,END,DOWN,0,A2243,,21:22:00,서울역,인천공항2터미널
32630,공항철도,,계양,SAT,DOWN,0,A2243,,21:28:00,서울역,인천공항2터미널
32631,공항철도,,계양,END,DOWN,0,A2243,,21:28:00,서울역,인천공항2터미널
32632,공항철도,,검암,SAT,DOWN,0,A2243,,21:34:00,서울역,인천공항2터미널
32633,공항철도,,검암,END,DOWN,0,A2243,,21:34:00,서울역,인천공항2터미널
32634,공항철도,,청라국제도시,SAT,DOWN,0,A2243,,21:39:00,서울역,인천공항2터미널
32635,공항철도,,청라국제도시,END,DOWN,0,A2243,,21:39:00,서울역,인천공항2터미널
32636,공항철도,,영종,SAT,DOWN,0,A2243,,21:48:00,서울역,인천공항2터미널
32637,공항철도,,영종,END,DOWN,0,A2243,,21:48:00,서울역,인천공항2터미널
32638,공항철도,,운서,SAT,DOWN,0,A2243,,21:52:00,서울역,인천공항2터미널
32639,공항철도,,운서,END,DOWN,0,A2243,,21:52:00,서울역,인천공항2터미널
32640,공항철도,,공항화물청사,SAT,DOWN,0,A2243,,21:56:00,서울역,인천공항2터미널
32641,공항철도,,공항화물청사,END,DOWN,0,A2243,,21:56:00,서울역,인천공항2터미널
32642,공항철도,,인천공항1터미널,SAT,DOWN,0,A2243,,22:00:00,서울역,인천공항2터미널
32643,공항철도,,인천공항1터미널,END,DOWN,0,A2243,,22:00:00,서울역,인천공항2터미널
32644,공항철도,,인천공항2터미널,DAY,DOWN,0,A2244,,20:59:00,인천공항2터미널,서울역
32645,공항철도,,인천공항1터미널,DAY,DOWN,0,A2244,,21:05:00,인천공항2터미널,서울역
32646,공항철도,,공항화물청사,DAY,DOWN,0,A2244,,21:09:00,인천공항2터미널,서울역
32647,공항철도,,운서,DAY,DOWN,0,A2244,,21:13:00,인천공항2터미널,서울역
32648,공항철도,,영종,DAY,DOWN,0,A2244,,21:17:00,인천공항2터미널,서울역
32649,공항철도,,청라국제도시,DAY,DOWN,0,A2244,,21:26:00,인천공항2터미널,서울역
32650,공항철도,,검암,DAY,DOWN,0,A2244,,21:31:00,인천공항2터미널,서울역
32651,공항철도,,계양,DAY,DOWN,0,A2244,,21:37:00,인천공항2터미널,서울역
32652,공항철도,,김포공항,DAY,DOWN,0,A2244,,21:43:00,인천공항2터미널,서울역
32653,공항철도,,마곡나루,DAY,DOWN,0,A2244,,21:46:00,인천공항2터미널,서울역
32654,공항철도,,디지털미디어시티,DAY,DOWN,0,A2244,,21:54:00,인천공항2터미널,서울역
32655,공항철도,,홍대입구,DAY,DOWN,0,A2244,,21:58:00,인천공항2터미널,서울역
32656,공항철도,,공덕,DAY,DOWN,0,A2244,,22:01:00,인천공항2터미널,서울역
32657,공항철도,,인천공항2터미널,SAT,DOWN,0,A2244,,20:23:00,인천공항2터미널,서울역
32658,공항철도,,인천공항2터미널,END,DOWN,0,A2244,,20:23:00,인천공항2터미널,서울역
32659,공항철도,,인천공항1터미널,SAT,DOWN,0,A2244,,20:30:00,인천공항2터미널,서울역
32660,공항철도,,인천공항1터미널,END,DOWN,0,A2244,,20:30:00,인천공항2터미널,서울역
32661,공항철도,,공항화물청사,SAT,DOWN,0,A2244,,20:33:00,인천공항2터미널,서울역
32662,공항철도,,공항화물청사,END,DOWN,0,A2244,,20:33:00,인천공항2터미널,서울역
32663,공항철도,,운서,SAT,DOWN,0,A2244,,20:38:00,인천공항2터미널,서울역
32664,공항철도,,운서,END,DOWN,0,A2244,,20:38:00,인천공항2터미널,서울역
32665,공항철도,,영종,SAT,DOWN,0,A2244,,20:42:00,인천공항2터미널,서울역
32666,공항철도,,영종,END,DOWN,0,A2244,,20:42:00,인천공항2터미널,서울역
32667,공항철도,,청라국제도시,SAT,DOWN,0,A2244,,20:50:00,인천공항2터미널,서울역
32668,공항철도,,청라국제도시,END,DOWN,0,A2244,,20:50:00,인천공항2터미널,서울역
32669,공항철도,,검암,SAT,DOWN,0,A2244,,20:55:00,인천공항2터미널,서울역
32670,공항철도,,검암,END,DOWN,0,A2244,,20:55:00,인천공항2터미널,서울역
32671,공항철도,,계양,SAT,DOWN,0,A2244,,21:01:00,인천공항2터미널,서울역
32672,공항철도,,계양,END,DOWN,0,A2244,,21:01:00,인천공항2터미널,서울역
32673,공항철도,,김포공항,SAT,DOWN,0,A2244,,21:08:00,인천공항2터미널,서울역
32674,공항철도,,김포공항,END,DOWN,0,A2244,,21:08:00,인천공항2터미널,서울역
32675,공항철도,,마곡나루,SAT,DOWN,0,A2244,,21:11:00,인천공항2터미널,서울역
32676,공항철도,,마곡나루,END,DOWN,0,A2244,,21:11:00,인천공항2터미널,서울역
32677,공항철도,,디지털미디어시티,SAT,DOWN,0,A2244,,21:18:00,인천공항2터미널,서울역
32678,공항철도,,디지털미디어시티,END,DOWN,0,A2244,,21:18:00,인천공항2터미널,서울역
32679,공항철도,,홍대입구,SAT,DOWN,0,A2244,,21:22:00,인천공항2터미널,서울역
32680,공항철도,,홍대입구,END,DOWN,0,A2244,,21:22:00,인천공항2터미널,서울역
32681,공항철도,,공덕,SAT,DOWN,0,A2244,,21:26:00,인천공항2터미널,서울역
32682,공항철도,,공덕,END,DOWN,0,A2244,,21:26:00,인천공항2터미널,서울역
32683,공항철도,,서울역,DAY,DOWN,0,A2245,,21:47:00,서울역,인천공항2터미널
32684,공항철도,,공덕,DAY,DOWN,0,A2245,,21:51:00,서울역,인천공항2터미널
32685,공항철도,,홍대입구,DAY,DOWN,0,A2245,,21:55:00,서울역,인천공항2터미널
32686,공항철도,,디지털미디어시티,DAY,DOWN,0,A2245,,21:59:00,서울역,인천공항2터미널
32687,공항철도,,마곡나루,DAY,DOWN,0,A2245,,22:06:00,서울역,인천공항2터미널
32688,공항철도,,김포공항,DAY,DOWN,0,A2245,,22:09:00,서울역,인천공항2터미널
32689,공항철도,,계양,DAY,DOWN,0,A2245,,22:16:00,서울역,인천공항2터미널
32690,공항철도,,검암,DAY,DOWN,0,A2245,,22:22:00,서울역,인천공항2터미널
32691,공항철도,,청라국제도시,DAY,DOWN,0,A2245,,22:27:00,서울역,인천공항2터미널
32692,공항철도,,영종,DAY,DOWN,0,A2245,,22:35:00,서울역,인천공항2터미널
32693,공항철도,,운서,DAY,DOWN,0,A2245,,22:39:00,서울역,인천공항2터미널
32694,공항철도,,공항화물청사,DAY,DOWN,0,A2245,,22:44:00,서울역,인천공항2터미널
32695,공항철도,,인천공항1터미널,DAY,DOWN,0,A2245,,22:48:00,서울역,인천공항2터미널
32696,공항철도,,서울역,SAT,DOWN,0,A2245,,21:08:00,서울역,인천공항2터미널
32697,공항철도,,서울역,END,DOWN,0,A2245,,21:08:00,서울역,인천공항2터미널
32698,공항철도,,공덕,SAT,DOWN,0,A2245,,21:12:00,서울역,인천공항2터미널
32699,공항철도,,공덕,END,DOWN,0,A2245,,21:12:00,서울역,인천공항2터미널
32700,공항철도,,홍대입구,SAT,DOWN,0,A2245,,21:16:00,서울역,인천공항2터미널
32701,공항철도,,홍대입구,END,DOWN,0,A2245,,21:16:00,서울역,인천공항2터미널
32702,공항철도,,디지털미디어시티,SAT,DOWN,0,A2245,,21:20:00,서울역,인천공항2터미널
32703,공항철도,,디지털미디어시티,END,DOWN,0,A2245,,21:20:00,서울역,인천공항2터미널
32704,공항철도,,마곡나루,SAT,DOWN,0,A2245,,21:27:00,서울역,인천공항2터미널
32705,공항철도,,마곡나루,END,DOWN,0,A2245,,21:27:00,서울역,인천공항2터미널
32706,공항철도,,김포공항,SAT,DOWN,0,A2245,,21:30:00,서울역,인천공항2터미널
32707,공항철도,,김포공항,END,DOWN,0,A2245,,21:30:00,서울역,인천공항2터미널
32708,공항철도,,계양,SAT,DOWN,0,A2245,,21:37:00,서울역,인천공항2터미널
32709,공항철도,,계양,END,DOWN,0,A2245,,21:37:00,서울역,인천공항2터미널
32710,공항철도,,검암,SAT,DOWN,0,A2245,,21:43:00,서울역,인천공항2터미널
32711,공항철도,,검암,END,DOWN,0,A2245,,21:43:00,서울역,인천공항2터미널
32712,공항철도,,청라국제도시,SAT,DOWN,0,A2245,,21:48:00,서울역,인천공항2터미널
32713,공항철도,,청라국제도시,END,DOWN,0,A2245,,21:48:00,서울역,인천공항2터미널
32714,공항철도,,영종,SAT,DOWN,0,A2245,,21:56:00,서울역,인천공항2터미널
32715,공항철도,,영종,END,DOWN,0,A2245,,21:56:00,서울역,인천공항2터미널
32716,공항철도,,운서,SAT,DOWN,0,A2245,,22:00:00,서울역,인천공항2터미널
32717,공항철도,,운서,END,DOWN,0,A2245,,22:00:00,서울역,인천공항2터미널
32718,공항철도,,공항화물청사,SAT,DOWN,0,A2245,,22:05:00,서울역,인천공항2터미널
32719,공항철도,,공항화물청사,END,DOWN,0,A2245,,22:05:00,서울역,인천공항2터미널
32720,공항철도,,인천공항1터미널,SAT,DOWN,0,A2245,,22:09:00,서울역,인천공항2터미널
32721,공항철도,,인천공항1터미널,END,DOWN,0,A2245,,22:09:00,서울역,인천공항2터미널
32722,공항철도,,인천공항2터미널,DAY,DOWN,0,A2246,,21:07:00,인천공항2터미널,서울역
32723,공항철도,,인천공항1터미널,DAY,DOWN,0,A2246,,21:13:00,인천공항2터미널,서울역
32724,공항철도,,공항화물청사,DAY,DOWN,0,A2246,,21:17:00,인천공항2터미널,서울역
32725,공항철도,,운서,DAY,DOWN,0,A2246,,21:21:00,인천공항2터미널,서울역
32726,공항철도,,영종,DAY,DOWN,0,A2246,,21:25:00,인천공항2터미널,서울역
32727,공항철도,,청라국제도시,DAY,DOWN,0,A2246,,21:34:00,인천공항2터미널,서울역
32728,공항철도,,검암,DAY,DOWN,0,A2246,,21:39:00,인천공항2터미널,서울역
32729,공항철도,,계양,DAY,DOWN,0,A2246,,21:45:00,인천공항2터미널,서울역
32730,공항철도,,김포공항,DAY,DOWN,0,A2246,,21:51:00,인천공항2터미널,서울역
32731,공항철도,,마곡나루,DAY,DOWN,0,A2246,,21:54:00,인천공항2터미널,서울역
32732,공항철도,,디지털미디어시티,DAY,DOWN,0,A2246,,22:02:00,인천공항2터미널,서울역
32733,공항철도,,홍대입구,DAY,DOWN,0,A2246,,22:06:00,인천공항2터미널,서울역
32734,공항철도,,공덕,DAY,DOWN,0,A2246,,22:09:00,인천공항2터미널,서울역
32735,공항철도,,인천공항2터미널,SAT,DOWN,0,A2246,,20:30:00,인천공항2터미널,서울역
32736,공항철도,,인천공항2터미널,END,DOWN,0,A2246,,20:30:00,인천공항2터미널,서울역
32737,공항철도,,인천공항1터미널,SAT,DOWN,0,A2246,,20:36:00,인천공항2터미널,서울역
32738,공항철도,,인천공항1터미널,END,DOWN,0,A2246,,20:36:00,인천공항2터미널,서울역
32739,공항철도,,공항화물청사,SAT,DOWN,0,A2246,,20:40:00,인천공항2터미널,서울역
32740,공항철도,,공항화물청사,END,DOWN,0,A2246,,20:40:00,인천공항2터미널,서울역
32741,공항철도,,운서,SAT,DOWN,0,A2246,,20:44:00,인천공항2터미널,서울역
32742,공항철도,,운서,END,DOWN,0,A2246,,20:44:00,인천공항2터미널,서울역
32743,공항철도,,영종,SAT,DOWN,0,A2246,,20:48:00,인천공항2터미널,서울역
32744,공항철도,,영종,END,DOWN,0,A2246,,20:48:00,인천공항2터미널,서울역
32745,공항철도,,청라국제도시,SAT,DOWN,0,A2246,,20:57:00,인천공항2터미널,서울역
32746,공항철도,,청라국제도시,END,DOWN,0,A2246,,20:57:00,인천공항2터미널,서울역
32747,공항철도,,검암,SAT,DOWN,0,A2246,,21:02:00,인천공항2터미널,서울역
32748,공항철도,,검암,END,DOWN,0,A2246,,21:02:00,인천공항2터미널,서울역
32749,공항철도,,계양,SAT,DOWN,0,A2246,,21:08:00,인천공항2터미널,서울역
32750,공항철도,,계양,END,DOWN,0,A2246,,21:08:00,인천공항2터미널,서울역
32751,공항철도,,김포공항,SAT,DOWN,0,A2246,,21:14:00,인천공항2터미널,서울역
32752,공항철도,,김포공항,END,DOWN,0,A2246,,21:14:00,인천공항2터미널,서울역
32753,공항철도,,마곡나루,SAT,DOWN,0,A2246,,21:17:00,인천공항2터미널,서울역
32754,공항철도,,마곡나루,END,DOWN,0,A2246,,21:17:00,인천공항2터미널,서울역
32755,공항철도,,디지털미디어시티,SAT,DOWN,0,A2246,,21:25:00,인천공항2터미널,서울역
32756,공항철도,,디지털미디어시티,END,DOWN,0,A2246,,21:25:00,인천공항2터미널,서울역
32757,공항철도,,홍대입구,SAT,DOWN,0,A2246,,21:29:00,인천공항2터미널,서울역
32758,공항철도,,홍대입구,END,DOWN,0,A2246,,21:29:00,인천공항2터미널,서울역
32759,공항철도,,공덕,SAT,DOWN,0,A2246,,21:32:00,인천공항2터미널,서울역
32760,공항철도,,공덕,END,DOWN,0,A2246,,21:32:00,인천공항2터미널,서울역
32761,공항철도,,서울역,DAY,DOWN,0,A2247,,21:54:00,서울역,인천공항2터미널
32762,공항철도,,공덕,DAY,DOWN,0,A2247,,21:58:00,서울역,인천공항2터미널
32763,공항철도,,홍대입구,DAY,DOWN,0,A2247,,22:02:00,서울역,인천공항2터미널
32764,공항철도,,디지털미디어시티,DAY,DOWN,0,A2247,,22:06:00,서울역,인천공항2터미널
32765,공항철도,,마곡나루,DAY,DOWN,0,A2247,,22:13:00,서울역,인천공항2터미널
32766,공항철도,,김포공항,DAY,DOWN,0,A2247,,22:16:00,서울역,인천공항2터미널
32767,공항철도,,계양,DAY,DOWN,0,A2247,,22:23:00,서울역,인천공항2터미널
32768,공항철도,,검암,DAY,DOWN,0,A2247,,22:29:00,서울역,인천공항2터미널
32769,공항철도,,청라국제도시,DAY,DOWN,0,A2247,,22:34:00,서울역,인천공항2터미널
32770,공항철도,,영종,DAY,DOWN,0,A2247,,22:42:00,서울역,인천공항2터미널
32771,공항철도,,운서,DAY,DOWN,0,A2247,,22:46:00,서울역,인천공항2터미널
32772,공항철도,,공항화물청사,DAY,DOWN,0,A2247,,22:51:00,서울역,인천공항2터미널
32773,공항철도,,인천공항1터미널,DAY,DOWN,0,A2247,,22:55:00,서울역,인천공항2터미널
32774,공항철도,,서울역,SAT,DOWN,0,A2247,,21:16:00,서울역,인천공항2터미널
32775,공항철도,,서울역,END,DOWN,0,A2247,,21:16:00,서울역,인천공항2터미널
32776,공항철도,,공덕,SAT,DOWN,0,A2247,,21:20:00,서울역,인천공항2터미널
32777,공항철도,,공덕,END,DOWN,0,A2247,,21:20:00,서울역,인천공항2터미널
32778,공항철도,,홍대입구,SAT,DOWN,0,A2247,,21:24:00,서울역,인천공항2터미널
32779,공항철도,,홍대입구,END,DOWN,0,A2247,,21:24:00,서울역,인천공항2터미널
32780,공항철도,,디지털미디어시티,SAT,DOWN,0,A2247,,21:28:00,서울역,인천공항2터미널
32781,공항철도,,디지털미디어시티,END,DOWN,0,A2247,,21:28:00,서울역,인천공항2터미널
32782,공항철도,,마곡나루,SAT,DOWN,0,A2247,,21:35:00,서울역,인천공항2터미널
32783,공항철도,,마곡나루,END,DOWN,0,A2247,,21:35:00,서울역,인천공항2터미널
32784,공항철도,,김포공항,SAT,DOWN,0,A2247,,21:38:00,서울역,인천공항2터미널
32785,공항철도,,김포공항,END,DOWN,0,A2247,,21:38:00,서울역,인천공항2터미널
32786,공항철도,,계양,SAT,DOWN,0,A2247,,21:45:00,서울역,인천공항2터미널
32787,공항철도,,계양,END,DOWN,0,A2247,,21:45:00,서울역,인천공항2터미널
32788,공항철도,,검암,SAT,DOWN,0,A2247,,21:51:00,서울역,인천공항2터미널
32789,공항철도,,검암,END,DOWN,0,A2247,,21:51:00,서울역,인천공항2터미널
32790,공항철도,,청라국제도시,SAT,DOWN,0,A2247,,21:56:00,서울역,인천공항2터미널
32791,공항철도,,청라국제도시,END,DOWN,0,A2247,,21:56:00,서울역,인천공항2터미널
32792,공항철도,,영종,SAT,DOWN,0,A2247,,22:06:00,서울역,인천공항2터미널
32793,공항철도,,영종,END,DOWN,0,A2247,,22:06:00,서울역,인천공항2터미널
32794,공항철도,,운서,SAT,DOWN,0,A2247,,22:10:00,서울역,인천공항2터미널
32795,공항철도,,운서,END,DOWN,0,A2247,,22:10:00,서울역,인천공항2터미널
32796,공항철도,,공항화물청사,SAT,DOWN,0,A2247,,22:14:00,서울역,인천공항2터미널
32797,공항철도,,공항화물청사,END,DOWN,0,A2247,,22:14:00,서울역,인천공항2터미널
32798,공항철도,,인천공항1터미널,SAT,DOWN,0,A2247,,22:18:00,서울역,인천공항2터미널
32799,공항철도,,인천공항1터미널,END,DOWN,0,A2247,,22:18:00,서울역,인천공항2터미널
32800,공항철도,,인천공항2터미널,DAY,DOWN,0,A2248,,21:16:00,인천공항2터미널,서울역
32801,공항철도,,인천공항1터미널,DAY,DOWN,0,A2248,,21:22:00,인천공항2터미널,서울역
32802,공항철도,,공항화물청사,DAY,DOWN,0,A2248,,21:26:00,인천공항2터미널,서울역
32803,공항철도,,운서,DAY,DOWN,0,A2248,,21:30:00,인천공항2터미널,서울역
32804,공항철도,,영종,DAY,DOWN,0,A2248,,21:34:00,인천공항2터미널,서울역
32805,공항철도,,청라국제도시,DAY,DOWN,0,A2248,,21:43:00,인천공항2터미널,서울역
32806,공항철도,,검암,DAY,DOWN,0,A2248,,21:48:00,인천공항2터미널,서울역
32807,공항철도,,계양,DAY,DOWN,0,A2248,,21:54:00,인천공항2터미널,서울역
32808,공항철도,,김포공항,DAY,DOWN,0,A2248,,22:00:00,인천공항2터미널,서울역
32809,공항철도,,마곡나루,DAY,DOWN,0,A2248,,22:03:00,인천공항2터미널,서울역
32810,공항철도,,디지털미디어시티,DAY,DOWN,0,A2248,,22:11:00,인천공항2터미널,서울역
32811,공항철도,,홍대입구,DAY,DOWN,0,A2248,,22:15:00,인천공항2터미널,서울역
32812,공항철도,,공덕,DAY,DOWN,0,A2248,,22:18:00,인천공항2터미널,서울역
32813,공항철도,,인천공항2터미널,SAT,DOWN,0,A2248,,20:37:00,인천공항2터미널,서울역
32814,공항철도,,인천공항2터미널,END,DOWN,0,A2248,,20:37:00,인천공항2터미널,서울역
32815,공항철도,,인천공항1터미널,SAT,DOWN,0,A2248,,20:43:00,인천공항2터미널,서울역
32816,공항철도,,인천공항1터미널,END,DOWN,0,A2248,,20:43:00,인천공항2터미널,서울역
32817,공항철도,,공항화물청사,SAT,DOWN,0,A2248,,20:47:00,인천공항2터미널,서울역
32818,공항철도,,공항화물청사,END,DOWN,0,A2248,,20:47:00,인천공항2터미널,서울역
32819,공항철도,,운서,SAT,DOWN,0,A2248,,20:51:00,인천공항2터미널,서울역
32820,공항철도,,운서,END,DOWN,0,A2248,,20:51:00,인천공항2터미널,서울역
32821,공항철도,,영종,SAT,DOWN,0,A2248,,20:55:00,인천공항2터미널,서울역
32822,공항철도,,영종,END,DOWN,0,A2248,,20:55:00,인천공항2터미널,서울역
32823,공항철도,,청라국제도시,SAT,DOWN,0,A2248,,21:04:00,인천공항2터미널,서울역
32824,공항철도,,청라국제도시,END,DOWN,0,A2248,,21:04:00,인천공항2터미널,서울역
32825,공항철도,,검암,SAT,DOWN,0,A2248,,21:09:00,인천공항2터미널,서울역
32826,공항철도,,검암,END,DOWN,0,A2248,,21:09:00,인천공항2터미널,서울역
32827,공항철도,,계양,SAT,DOWN,0,A2248,,21:15:00,인천공항2터미널,서울역
32828,공항철도,,계양,END,DOWN,0,A2248,,21:15:00,인천공항2터미널,서울역
32829,공항철도,,김포공항,SAT,DOWN,0,A2248,,21:21:00,인천공항2터미널,서울역
32830,공항철도,,김포공항,END,DOWN,0,A2248,,21:21:00,인천공항2터미널,서울역
32831,공항철도,,마곡나루,SAT,DOWN,0,A2248,,21:24:00,인천공항2터미널,서울역
32832,공항철도,,마곡나루,END,DOWN,0,A2248,,21:24:00,인천공항2터미널,서울역
32833,공항철도,,디지털미디어시티,SAT,DOWN,0,A2248,,21:32:00,인천공항2터미널,서울역
32834,공항철도,,디지털미디어시티,END,DOWN,0,A2248,,21:32:00,인천공항2터미널,서울역
32835,공항철도,,홍대입구,SAT,DOWN,0,A2248,,21:36:00,인천공항2터미널,서울역
32836,공항철도,,홍대입구,END,DOWN,0,A2248,,21:36:00,인천공항2터미널,서울역
32837,공항철도,,공덕,SAT,DOWN,0,A2248,,21:39:00,인천공항2터미널,서울역
32838,공항철도,,공덕,END,DOWN,0,A2248,,21:39:00,인천공항2터미널,서울역
32839,공항철도,,서울역,DAY,DOWN,0,A2249,,22:01:00,서울역,인천공항2터미널
32840,공항철도,,공덕,DAY,DOWN,0,A2249,,22:05:00,서울역,인천공항2터미널
32841,공항철도,,홍대입구,DAY,DOWN,0,A2249,,22:09:00,서울역,인천공항2터미널
32842,공항철도,,디지털미디어시티,DAY,DOWN,0,A2249,,22:13:00,서울역,인천공항2터미널
32843,공항철도,,마곡나루,DAY,DOWN,0,A2249,,22:20:00,서울역,인천공항2터미널
32844,공항철도,,김포공항,DAY,DOWN,0,A2249,,22:23:00,서울역,인천공항2터미널
32845,공항철도,,계양,DAY,DOWN,0,A2249,,22:30:00,서울역,인천공항2터미널
32846,공항철도,,검암,DAY,DOWN,0,A2249,,22:36:00,서울역,인천공항2터미널
32847,공항철도,,청라국제도시,DAY,DOWN,0,A2249,,22:41:00,서울역,인천공항2터미널
32848,공항철도,,영종,DAY,DOWN,0,A2249,,22:49:00,서울역,인천공항2터미널
32849,공항철도,,운서,DAY,DOWN,0,A2249,,22:53:00,서울역,인천공항2터미널
32850,공항철도,,공항화물청사,DAY,DOWN,0,A2249,,22:58:00,서울역,인천공항2터미널
32851,공항철도,,인천공항1터미널,DAY,DOWN,0,A2249,,23:02:00,서울역,인천공항2터미널
32852,공항철도,,서울역,SAT,DOWN,0,A2249,,21:26:00,서울역,인천공항2터미널
32853,공항철도,,서울역,END,DOWN,0,A2249,,21:26:00,서울역,인천공항2터미널
32854,공항철도,,공덕,SAT,DOWN,0,A2249,,21:30:00,서울역,인천공항2터미널
32855,공항철도,,공덕,END,DOWN,0,A2249,,21:30:00,서울역,인천공항2터미널
32856,공항철도,,홍대입구,SAT,DOWN,0,A2249,,21:34:00,서울역,인천공항2터미널
32857,공항철도,,홍대입구,END,DOWN,0,A2249,,21:34:00,서울역,인천공항2터미널
32858,공항철도,,디지털미디어시티,SAT,DOWN,0,A2249,,21:39:00,서울역,인천공항2터미널
32859,공항철도,,디지털미디어시티,END,DOWN,0,A2249,,21:39:00,서울역,인천공항2터미널
32860,공항철도,,마곡나루,SAT,DOWN,0,A2249,,21:47:00,서울역,인천공항2터미널
32861,공항철도,,마곡나루,END,DOWN,0,A2249,,21:47:00,서울역,인천공항2터미널
32862,공항철도,,김포공항,SAT,DOWN,0,A2249,,21:50:00,서울역,인천공항2터미널
32863,공항철도,,김포공항,END,DOWN,0,A2249,,21:50:00,서울역,인천공항2터미널
32864,공항철도,,계양,SAT,DOWN,0,A2249,,21:56:00,서울역,인천공항2터미널
32865,공항철도,,계양,END,DOWN,0,A2249,,21:56:00,서울역,인천공항2터미널
32866,공항철도,,검암,SAT,DOWN,0,A2249,,22:02:00,서울역,인천공항2터미널
32867,공항철도,,검암,END,DOWN,0,A2249,,22:02:00,서울역,인천공항2터미널
32868,공항철도,,청라국제도시,SAT,DOWN,0,A2249,,22:07:00,서울역,인천공항2터미널
32869,공항철도,,청라국제도시,END,DOWN,0,A2249,,22:07:00,서울역,인천공항2터미널
32870,공항철도,,영종,SAT,DOWN,0,A2249,,22:16:00,서울역,인천공항2터미널
32871,공항철도,,영종,END,DOWN,0,A2249,,22:16:00,서울역,인천공항2터미널
32872,공항철도,,운서,SAT,DOWN,0,A2249,,22:20:00,서울역,인천공항2터미널
32873,공항철도,,운서,END,DOWN,0,A2249,,22:20:00,서울역,인천공항2터미널
32874,공항철도,,공항화물청사,SAT,DOWN,0,A2249,,22:24:00,서울역,인천공항2터미널
32875,공항철도,,공항화물청사,END,DOWN,0,A2249,,22:24:00,서울역,인천공항2터미널
32876,공항철도,,인천공항1터미널,SAT,DOWN,0,A2249,,22:28:00,서울역,인천공항2터미널
32877,공항철도,,인천공항1터미널,END,DOWN,0,A2249,,22:28:00,서울역,인천공항2터미널
32878,공항철도,,인천공항2터미널,DAY,DOWN,0,A2250,,21:24:00,인천공항2터미널,서울역
32879,공항철도,,인천공항1터미널,DAY,DOWN,0,A2250,,21:31:00,인천공항2터미널,서울역
32880,공항철도,,공항화물청사,DAY,DOWN,0,A2250,,21:34:00,인천공항2터미널,서울역
32881,공항철도,,운서,DAY,DOWN,0,A2250,,21:39:00,인천공항2터미널,서울역
32882,공항철도,,영종,DAY,DOWN,0,A2250,,21:43:00,인천공항2터미널,서울역
32883,공항철도,,청라국제도시,DAY,DOWN,0,A2250,,21:51:00,인천공항2터미널,서울역
32884,공항철도,,검암,DAY,DOWN,0,A2250,,21:56:00,인천공항2터미널,서울역
32885,공항철도,,계양,DAY,DOWN,0,A2250,,22:02:00,인천공항2터미널,서울역
32886,공항철도,,김포공항,DAY,DOWN,0,A2250,,22:09:00,인천공항2터미널,서울역
32887,공항철도,,마곡나루,DAY,DOWN,0,A2250,,22:12:00,인천공항2터미널,서울역
32888,공항철도,,디지털미디어시티,DAY,DOWN,0,A2250,,22:19:00,인천공항2터미널,서울역
32889,공항철도,,홍대입구,DAY,DOWN,0,A2250,,22:23:00,인천공항2터미널,서울역
32890,공항철도,,공덕,DAY,DOWN,0,A2250,,22:27:00,인천공항2터미널,서울역
32891,공항철도,,인천공항2터미널,SAT,DOWN,0,A2250,,20:42:00,인천공항2터미널,서울역
32892,공항철도,,인천공항2터미널,END,DOWN,0,A2250,,20:42:00,인천공항2터미널,서울역
32893,공항철도,,인천공항1터미널,SAT,DOWN,0,A2250,,20:49:00,인천공항2터미널,서울역
32894,공항철도,,인천공항1터미널,END,DOWN,0,A2250,,20:49:00,인천공항2터미널,서울역
32895,공항철도,,공항화물청사,SAT,DOWN,0,A2250,,20:52:00,인천공항2터미널,서울역
32896,공항철도,,공항화물청사,END,DOWN,0,A2250,,20:52:00,인천공항2터미널,서울역
32897,공항철도,,운서,SAT,DOWN,0,A2250,,20:57:00,인천공항2터미널,서울역
32898,공항철도,,운서,END,DOWN,0,A2250,,20:57:00,인천공항2터미널,서울역
32899,공항철도,,영종,SAT,DOWN,0,A2250,,21:01:00,인천공항2터미널,서울역
32900,공항철도,,영종,END,DOWN,0,A2250,,21:01:00,인천공항2터미널,서울역
32901,공항철도,,청라국제도시,SAT,DOWN,0,A2250,,21:09:00,인천공항2터미널,서울역
32902,공항철도,,청라국제도시,END,DOWN,0,A2250,,21:09:00,인천공항2터미널,서울역
32903,공항철도,,검암,SAT,DOWN,0,A2250,,21:14:00,인천공항2터미널,서울역
32904,공항철도,,검암,END,DOWN,0,A2250,,21:14:00,인천공항2터미널,서울역
32905,공항철도,,계양,SAT,DOWN,0,A2250,,21:20:00,인천공항2터미널,서울역
32906,공항철도,,계양,END,DOWN,0,A2250,,21:20:00,인천공항2터미널,서울역
32907,공항철도,,김포공항,SAT,DOWN,0,A2250,,21:27:00,인천공항2터미널,서울역
32908,공항철도,,김포공항,END,DOWN,0,A2250,,21:27:00,인천공항2터미널,서울역
32909,공항철도,,마곡나루,SAT,DOWN,0,A2250,,21:30:00,인천공항2터미널,서울역
32910,공항철도,,마곡나루,END,DOWN,0,A2250,,21:30:00,인천공항2터미널,서울역
32911,공항철도,,디지털미디어시티,SAT,DOWN,0,A2250,,21:39:00,인천공항2터미널,서울역
32912,공항철도,,디지털미디어시티,END,DOWN,0,A2250,,21:39:00,인천공항2터미널,서울역
32913,공항철도,,홍대입구,SAT,DOWN,0,A2250,,21:43:00,인천공항2터미널,서울역
32914,공항철도,,홍대입구,END,DOWN,0,A2250,,21:43:00,인천공항2터미널,서울역
32915,공항철도,,공덕,SAT,DOWN,0,A2250,,21:46:00,인천공항2터미널,서울역
32916,공항철도,,공덕,END,DOWN,0,A2250,,21:46:00,인천공항2터미널,서울역
32917,공항철도,,서울역,DAY,DOWN,0,A2251,,22:09:00,서울역,인천공항2터미널
32918,공항철도,,공덕,DAY,DOWN,0,A2251,,22:14:00,서울역,인천공항2터미널
32919,공항철도,,홍대입구,DAY,DOWN,0,A2251,,22:17:00,서울역,인천공항2터미널
32920,공항철도,,디지털미디어시티,DAY,DOWN,0,A2251,,22:21:00,서울역,인천공항2터미널
32921,공항철도,,마곡나루,DAY,DOWN,0,A2251,,22:29:00,서울역,인천공항2터미널
32922,공항철도,,김포공항,DAY,DOWN,0,A2251,,22:32:00,서울역,인천공항2터미널
32923,공항철도,,계양,DAY,DOWN,0,A2251,,22:38:00,서울역,인천공항2터미널
32924,공항철도,,검암,DAY,DOWN,0,A2251,,22:46:00,서울역,인천공항2터미널
32925,공항철도,,청라국제도시,DAY,DOWN,0,A2251,,22:51:00,서울역,인천공항2터미널
32926,공항철도,,영종,DAY,DOWN,0,A2251,,22:59:00,서울역,인천공항2터미널
32927,공항철도,,운서,DAY,DOWN,0,A2251,,23:03:00,서울역,인천공항2터미널
32928,공항철도,,공항화물청사,DAY,DOWN,0,A2251,,23:08:00,서울역,인천공항2터미널
32929,공항철도,,인천공항1터미널,DAY,DOWN,0,A2251,,23:12:00,서울역,인천공항2터미널
32930,공항철도,,서울역,SAT,DOWN,0,A2251,,21:33:00,서울역,인천공항2터미널
32931,공항철도,,서울역,END,DOWN,0,A2251,,21:33:00,서울역,인천공항2터미널
32932,공항철도,,공덕,SAT,DOWN,0,A2251,,21:38:00,서울역,인천공항2터미널
32933,공항철도,,공덕,END,DOWN,0,A2251,,21:38:00,서울역,인천공항2터미널
32934,공항철도,,홍대입구,SAT,DOWN,0,A2251,,21:41:00,서울역,인천공항2터미널
32935,공항철도,,홍대입구,END,DOWN,0,A2251,,21:41:00,서울역,인천공항2터미널
32936,공항철도,,디지털미디어시티,SAT,DOWN,0,A2251,,21:45:00,서울역,인천공항2터미널
32937,공항철도,,디지털미디어시티,END,DOWN,0,A2251,,21:45:00,서울역,인천공항2터미널
32938,공항철도,,마곡나루,SAT,DOWN,0,A2251,,21:53:00,서울역,인천공항2터미널
32939,공항철도,,마곡나루,END,DOWN,0,A2251,,21:53:00,서울역,인천공항2터미널
32940,공항철도,,김포공항,SAT,DOWN,0,A2251,,21:56:00,서울역,인천공항2터미널
32941,공항철도,,김포공항,END,DOWN,0,A2251,,21:56:00,서울역,인천공항2터미널
32942,공항철도,,계양,SAT,DOWN,0,A2251,,22:02:00,서울역,인천공항2터미널
32943,공항철도,,계양,END,DOWN,0,A2251,,22:02:00,서울역,인천공항2터미널
32944,공항철도,,검암,SAT,DOWN,0,A2251,,22:08:00,서울역,인천공항2터미널
32945,공항철도,,검암,END,DOWN,0,A2251,,22:08:00,서울역,인천공항2터미널
32946,공항철도,,청라국제도시,SAT,DOWN,0,A2251,,22:13:00,서울역,인천공항2터미널
32947,공항철도,,청라국제도시,END,DOWN,0,A2251,,22:13:00,서울역,인천공항2터미널
32948,공항철도,,영종,SAT,DOWN,0,A2251,,22:22:00,서울역,인천공항2터미널
32949,공항철도,,영종,END,DOWN,0,A2251,,22:22:00,서울역,인천공항2터미널
32950,공항철도,,운서,SAT,DOWN,0,A2251,,22:26:00,서울역,인천공항2터미널
32951,공항철도,,운서,END,DOWN,0,A2251,,22:26:00,서울역,인천공항2터미널
32952,공항철도,,공항화물청사,SAT,DOWN,0,A2251,,22:30:00,서울역,인천공항2터미널
32953,공항철도,,공항화물청사,END,DOWN,0,A2251,,22:30:00,서울역,인천공항2터미널
32954,공항철도,,인천공항1터미널,SAT,DOWN,0,A2251,,22:34:00,서울역,인천공항2터미널
32955,공항철도,,인천공항1터미널,END,DOWN,0,A2251,,22:34:00,서울역,인천공항2터미널
32956,공항철도,,인천공항2터미널,DAY,DOWN,0,A2252,,21:33:00,인천공항2터미널,서울역
32957,공항철도,,인천공항1터미널,DAY,DOWN,0,A2252,,21:39:00,인천공항2터미널,서울역
32958,공항철도,,공항화물청사,DAY,DOWN,0,A2252,,21:43:00,인천공항2터미널,서울역
32959,공항철도,,운서,DAY,DOWN,0,A2252,,21:47:00,인천공항2터미널,서울역
32960,공항철도,,영종,DAY,DOWN,0,A2252,,21:51:00,인천공항2터미널,서울역
32961,공항철도,,청라국제도시,DAY,DOWN,0,A2252,,22:00:00,인천공항2터미널,서울역
32962,공항철도,,검암,DAY,DOWN,0,A2252,,22:05:00,인천공항2터미널,서울역
32963,공항철도,,계양,DAY,DOWN,0,A2252,,22:11:00,인천공항2터미널,서울역
32964,공항철도,,김포공항,DAY,DOWN,0,A2252,,22:17:00,인천공항2터미널,서울역
32965,공항철도,,마곡나루,DAY,DOWN,0,A2252,,22:20:00,인천공항2터미널,서울역
32966,공항철도,,디지털미디어시티,DAY,DOWN,0,A2252,,22:28:00,인천공항2터미널,서울역
32967,공항철도,,홍대입구,DAY,DOWN,0,A2252,,22:32:00,인천공항2터미널,서울역
32968,공항철도,,공덕,DAY,DOWN,0,A2252,,22:35:00,인천공항2터미널,서울역
32969,공항철도,,인천공항2터미널,SAT,DOWN,0,A2252,,20:48:00,인천공항2터미널,서울역
32970,공항철도,,인천공항2터미널,END,DOWN,0,A2252,,20:48:00,인천공항2터미널,서울역
32971,공항철도,,인천공항1터미널,SAT,DOWN,0,A2252,,20:55:00,인천공항2터미널,서울역
32972,공항철도,,인천공항1터미널,END,DOWN,0,A2252,,20:55:00,인천공항2터미널,서울역
32973,공항철도,,공항화물청사,SAT,DOWN,0,A2252,,20:58:00,인천공항2터미널,서울역
32974,공항철도,,공항화물청사,END,DOWN,0,A2252,,20:58:00,인천공항2터미널,서울역
32975,공항철도,,운서,SAT,DOWN,0,A2252,,21:03:00,인천공항2터미널,서울역
32976,공항철도,,운서,END,DOWN,0,A2252,,21:03:00,인천공항2터미널,서울역
32977,공항철도,,영종,SAT,DOWN,0,A2252,,21:07:00,인천공항2터미널,서울역
32978,공항철도,,영종,END,DOWN,0,A2252,,21:07:00,인천공항2터미널,서울역
32979,공항철도,,청라국제도시,SAT,DOWN,0,A2252,,21:15:00,인천공항2터미널,서울역
32980,공항철도,,청라국제도시,END,DOWN,0,A2252,,21:15:00,인천공항2터미널,서울역
32981,공항철도,,검암,SAT,DOWN,0,A2252,,21:22:00,인천공항2터미널,서울역
32982,공항철도,,검암,END,DOWN,0,A2252,,21:22:00,인천공항2터미널,서울역
32983,공항철도,,계양,SAT,DOWN,0,A2252,,21:28:00,인천공항2터미널,서울역
32984,공항철도,,계양,END,DOWN,0,A2252,,21:28:00,인천공항2터미널,서울역
32985,공항철도,,김포공항,SAT,DOWN,0,A2252,,21:34:00,인천공항2터미널,서울역
32986,공항철도,,김포공항,END,DOWN,0,A2252,,21:34:00,인천공항2터미널,서울역
32987,공항철도,,마곡나루,SAT,DOWN,0,A2252,,21:37:00,인천공항2터미널,서울역
32988,공항철도,,마곡나루,END,DOWN,0,A2252,,21:37:00,인천공항2터미널,서울역
32989,공항철도,,디지털미디어시티,SAT,DOWN,0,A2252,,21:45:00,인천공항2터미널,서울역
32990,공항철도,,디지털미디어시티,END,DOWN,0,A2252,,21:45:00,인천공항2터미널,서울역
32991,공항철도,,홍대입구,SAT,DOWN,0,A2252,,21:49:00,인천공항2터미널,서울역
32992,공항철도,,홍대입구,END,DOWN,0,A2252,,21:49:00,인천공항2터미널,서울역
32993,공항철도,,공덕,SAT,DOWN,0,A2252,,21:52:00,인천공항2터미널,서울역
32994,공항철도,,공덕,END,DOWN,0,A2252,,21:52:00,인천공항2터미널,서울역
32995,공항철도,,서울역,DAY,DOWN,0,A2253,,22:22:00,서울역,인천공항2터미널
32996,공항철도,,공덕,DAY,DOWN,0,A2253,,22:27:00,서울역,인천공항2터미널
32997,공항철도,,홍대입구,DAY,DOWN,0,A2253,,22:30:00,서울역,인천공항2터미널
32998,공항철도,,디지털미디어시티,DAY,DOWN,0,A2253,,22:34:00,서울역,인천공항2터미널
32999,공항철도,,마곡나루,DAY,DOWN,0,A2253,,22:42:00,서울역,인천공항2터미널
33000,공항철도,,김포공항,DAY,DOWN,0,A2253,,22:45:00,서울역,인천공항2터미널
33001,공항철도,,계양,DAY,DOWN,0,A2253,,22:51:00,서울역,인천공항2터미널
33002,공항철도,,검암,DAY,DOWN,0,A2253,,22:57:00,서울역,인천공항2터미널
33003,공항철도,,청라국제도시,DAY,DOWN,0,A2253,,23:02:00,서울역,인천공항2터미널
33004,공항철도,,영종,DAY,DOWN,0,A2253,,23:11:00,서울역,인천공항2터미널
33005,공항철도,,운서,DAY,DOWN,0,A2253,,23:15:00,서울역,인천공항2터미널
33006,공항철도,,공항화물청사,DAY,DOWN,0,A2253,,23:19:00,서울역,인천공항2터미널
33007,공항철도,,인천공항1터미널,DAY,DOWN,0,A2253,,23:23:00,서울역,인천공항2터미널
33008,공항철도,,서울역,SAT,DOWN,0,A2253,,21:40:00,서울역,인천공항2터미널
33009,공항철도,,서울역,END,DOWN,0,A2253,,21:40:00,서울역,인천공항2터미널
33010,공항철도,,공덕,SAT,DOWN,0,A2253,,21:44:00,서울역,인천공항2터미널
33011,공항철도,,공덕,END,DOWN,0,A2253,,21:44:00,서울역,인천공항2터미널
33012,공항철도,,홍대입구,SAT,DOWN,0,A2253,,21:48:00,서울역,인천공항2터미널
33013,공항철도,,홍대입구,END,DOWN,0,A2253,,21:48:00,서울역,인천공항2터미널
33014,공항철도,,디지털미디어시티,SAT,DOWN,0,A2253,,21:52:00,서울역,인천공항2터미널
33015,공항철도,,디지털미디어시티,END,DOWN,0,A2253,,21:52:00,서울역,인천공항2터미널
33016,공항철도,,마곡나루,SAT,DOWN,0,A2253,,21:59:00,서울역,인천공항2터미널
33017,공항철도,,마곡나루,END,DOWN,0,A2253,,21:59:00,서울역,인천공항2터미널
33018,공항철도,,김포공항,SAT,DOWN,0,A2253,,22:02:00,서울역,인천공항2터미널
33019,공항철도,,김포공항,END,DOWN,0,A2253,,22:02:00,서울역,인천공항2터미널
33020,공항철도,,계양,SAT,DOWN,0,A2253,,22:09:00,서울역,인천공항2터미널
33021,공항철도,,계양,END,DOWN,0,A2253,,22:09:00,서울역,인천공항2터미널
33022,공항철도,,검암,SAT,DOWN,0,A2253,,22:15:00,서울역,인천공항2터미널
33023,공항철도,,검암,END,DOWN,0,A2253,,22:15:00,서울역,인천공항2터미널
33024,공항철도,,청라국제도시,SAT,DOWN,0,A2253,,22:20:00,서울역,인천공항2터미널
33025,공항철도,,청라국제도시,END,DOWN,0,A2253,,22:20:00,서울역,인천공항2터미널
33026,공항철도,,영종,SAT,DOWN,0,A2253,,22:28:00,서울역,인천공항2터미널
33027,공항철도,,영종,END,DOWN,0,A2253,,22:28:00,서울역,인천공항2터미널
33028,공항철도,,운서,SAT,DOWN,0,A2253,,22:32:00,서울역,인천공항2터미널
33029,공항철도,,운서,END,DOWN,0,A2253,,22:32:00,서울역,인천공항2터미널
33030,공항철도,,공항화물청사,SAT,DOWN,0,A2253,,22:37:00,서울역,인천공항2터미널
33031,공항철도,,공항화물청사,END,DOWN,0,A2253,,22:37:00,서울역,인천공항2터미널
33032,공항철도,,인천공항1터미널,SAT,DOWN,0,A2253,,22:41:00,서울역,인천공항2터미널
33033,공항철도,,인천공항1터미널,END,DOWN,0,A2253,,22:41:00,서울역,인천공항2터미널
33034,공항철도,,인천공항2터미널,DAY,DOWN,0,A2254,,21:43:00,인천공항2터미널,서울역
33035,공항철도,,인천공항1터미널,DAY,DOWN,0,A2254,,21:49:00,인천공항2터미널,서울역
33036,공항철도,,공항화물청사,DAY,DOWN,0,A2254,,21:53:00,인천공항2터미널,서울역
33037,공항철도,,운서,DAY,DOWN,0,A2254,,21:57:00,인천공항2터미널,서울역
33038,공항철도,,영종,DAY,DOWN,0,A2254,,22:01:00,인천공항2터미널,서울역
33039,공항철도,,청라국제도시,DAY,DOWN,0,A2254,,22:10:00,인천공항2터미널,서울역
33040,공항철도,,검암,DAY,DOWN,0,A2254,,22:16:00,인천공항2터미널,서울역
33041,공항철도,,계양,DAY,DOWN,0,A2254,,22:22:00,인천공항2터미널,서울역
33042,공항철도,,김포공항,DAY,DOWN,0,A2254,,22:29:00,인천공항2터미널,서울역
33043,공항철도,,마곡나루,DAY,DOWN,0,A2254,,22:32:00,인천공항2터미널,서울역
33044,공항철도,,디지털미디어시티,DAY,DOWN,0,A2254,,22:39:00,인천공항2터미널,서울역
33045,공항철도,,홍대입구,DAY,DOWN,0,A2254,,22:43:00,인천공항2터미널,서울역
33046,공항철도,,공덕,DAY,DOWN,0,A2254,,22:47:00,인천공항2터미널,서울역
33047,공항철도,,인천공항2터미널,SAT,DOWN,0,A2254,,21:00:00,인천공항2터미널,서울역
33048,공항철도,,인천공항2터미널,END,DOWN,0,A2254,,21:00:00,인천공항2터미널,서울역
33049,공항철도,,인천공항1터미널,SAT,DOWN,0,A2254,,21:06:00,인천공항2터미널,서울역
33050,공항철도,,인천공항1터미널,END,DOWN,0,A2254,,21:06:00,인천공항2터미널,서울역
33051,공항철도,,공항화물청사,SAT,DOWN,0,A2254,,21:10:00,인천공항2터미널,서울역
33052,공항철도,,공항화물청사,END,DOWN,0,A2254,,21:10:00,인천공항2터미널,서울역
33053,공항철도,,운서,SAT,DOWN,0,A2254,,21:14:00,인천공항2터미널,서울역
33054,공항철도,,운서,END,DOWN,0,A2254,,21:14:00,인천공항2터미널,서울역
33055,공항철도,,영종,SAT,DOWN,0,A2254,,21:18:00,인천공항2터미널,서울역
33056,공항철도,,영종,END,DOWN,0,A2254,,21:18:00,인천공항2터미널,서울역
33057,공항철도,,청라국제도시,SAT,DOWN,0,A2254,,21:27:00,인천공항2터미널,서울역
33058,공항철도,,청라국제도시,END,DOWN,0,A2254,,21:27:00,인천공항2터미널,서울역
33059,공항철도,,검암,SAT,DOWN,0,A2254,,21:32:00,인천공항2터미널,서울역
33060,공항철도,,검암,END,DOWN,0,A2254,,21:32:00,인천공항2터미널,서울역
33061,공항철도,,계양,SAT,DOWN,0,A2254,,21:38:00,인천공항2터미널,서울역
33062,공항철도,,계양,END,DOWN,0,A2254,,21:38:00,인천공항2터미널,서울역
33063,공항철도,,김포공항,SAT,DOWN,0,A2254,,21:44:00,인천공항2터미널,서울역
33064,공항철도,,김포공항,END,DOWN,0,A2254,,21:44:00,인천공항2터미널,서울역
33065,공항철도,,마곡나루,SAT,DOWN,0,A2254,,21:47:00,인천공항2터미널,서울역
33066,공항철도,,마곡나루,END,DOWN,0,A2254,,21:47:00,인천공항2터미널,서울역
33067,공항철도,,디지털미디어시티,SAT,DOWN,0,A2254,,21:55:00,인천공항2터미널,서울역
33068,공항철도,,디지털미디어시티,END,DOWN,0,A2254,,21:55:00,인천공항2터미널,서울역
33069,공항철도,,홍대입구,SAT,DOWN,0,A2254,,21:59:00,인천공항2터미널,서울역
33070,공항철도,,홍대입구,END,DOWN,0,A2254,,21:59:00,인천공항2터미널,서울역
33071,공항철도,,공덕,SAT,DOWN,0,A2254,,22:02:00,인천공항2터미널,서울역
33072,공항철도,,공덕,END,DOWN,0,A2254,,22:02:00,인천공항2터미널,서울역
33073,공항철도,,서울역,DAY,DOWN,0,A2255,,22:32:00,서울역,인천공항2터미널
33074,공항철도,,공덕,DAY,DOWN,0,A2255,,22:36:00,서울역,인천공항2터미널
33075,공항철도,,홍대입구,DAY,DOWN,0,A2255,,22:40:00,서울역,인천공항2터미널
33076,공항철도,,디지털미디어시티,DAY,DOWN,0,A2255,,22:44:00,서울역,인천공항2터미널
33077,공항철도,,마곡나루,DAY,DOWN,0,A2255,,22:51:00,서울역,인천공항2터미널
33078,공항철도,,김포공항,DAY,DOWN,0,A2255,,22:54:00,서울역,인천공항2터미널
33079,공항철도,,계양,DAY,DOWN,0,A2255,,23:01:00,서울역,인천공항2터미널
33080,공항철도,,검암,DAY,DOWN,0,A2255,,23:07:00,서울역,인천공항2터미널
33081,공항철도,,청라국제도시,DAY,DOWN,0,A2255,,23:12:00,서울역,인천공항2터미널
33082,공항철도,,영종,DAY,DOWN,0,A2255,,23:20:00,서울역,인천공항2터미널
33083,공항철도,,운서,DAY,DOWN,0,A2255,,23:24:00,서울역,인천공항2터미널
33084,공항철도,,공항화물청사,DAY,DOWN,0,A2255,,23:29:00,서울역,인천공항2터미널
33085,공항철도,,인천공항1터미널,DAY,DOWN,0,A2255,,23:33:00,서울역,인천공항2터미널
33086,공항철도,,서울역,SAT,DOWN,0,A2255,,21:47:00,서울역,인천공항2터미널
33087,공항철도,,서울역,END,DOWN,0,A2255,,21:47:00,서울역,인천공항2터미널
33088,공항철도,,공덕,SAT,DOWN,0,A2255,,21:51:00,서울역,인천공항2터미널
33089,공항철도,,공덕,END,DOWN,0,A2255,,21:51:00,서울역,인천공항2터미널
33090,공항철도,,홍대입구,SAT,DOWN,0,A2255,,21:55:00,서울역,인천공항2터미널
33091,공항철도,,홍대입구,END,DOWN,0,A2255,,21:55:00,서울역,인천공항2터미널
33092,공항철도,,디지털미디어시티,SAT,DOWN,0,A2255,,21:59:00,서울역,인천공항2터미널
33093,공항철도,,디지털미디어시티,END,DOWN,0,A2255,,21:59:00,서울역,인천공항2터미널
33094,공항철도,,마곡나루,SAT,DOWN,0,A2255,,22:06:00,서울역,인천공항2터미널
33095,공항철도,,마곡나루,END,DOWN,0,A2255,,22:06:00,서울역,인천공항2터미널
33096,공항철도,,김포공항,SAT,DOWN,0,A2255,,22:09:00,서울역,인천공항2터미널
33097,공항철도,,김포공항,END,DOWN,0,A2255,,22:09:00,서울역,인천공항2터미널
33098,공항철도,,계양,SAT,DOWN,0,A2255,,22:16:00,서울역,인천공항2터미널
33099,공항철도,,계양,END,DOWN,0,A2255,,22:16:00,서울역,인천공항2터미널
33100,공항철도,,검암,SAT,DOWN,0,A2255,,22:22:00,서울역,인천공항2터미널
33101,공항철도,,검암,END,DOWN,0,A2255,,22:22:00,서울역,인천공항2터미널
33102,공항철도,,청라국제도시,SAT,DOWN,0,A2255,,22:27:00,서울역,인천공항2터미널
33103,공항철도,,청라국제도시,END,DOWN,0,A2255,,22:27:00,서울역,인천공항2터미널
33104,공항철도,,영종,SAT,DOWN,0,A2255,,22:35:00,서울역,인천공항2터미널
33105,공항철도,,영종,END,DOWN,0,A2255,,22:35:00,서울역,인천공항2터미널
33106,공항철도,,운서,SAT,DOWN,0,A2255,,22:39:00,서울역,인천공항2터미널
33107,공항철도,,운서,END,DOWN,0,A2255,,22:39:00,서울역,인천공항2터미널
33108,공항철도,,공항화물청사,SAT,DOWN,0,A2255,,22:44:00,서울역,인천공항2터미널
33109,공항철도,,공항화물청사,END,DOWN,0,A2255,,22:44:00,서울역,인천공항2터미널
33110,공항철도,,인천공항1터미널,SAT,DOWN,0,A2255,,22:48:00,서울역,인천공항2터미널
33111,공항철도,,인천공항1터미널,END,DOWN,0,A2255,,22:48:00,서울역,인천공항2터미널
33112,공항철도,,인천공항2터미널,DAY,DOWN,0,A2256,,21:54:00,인천공항2터미널,서울역
33113,공항철도,,인천공항1터미널,DAY,DOWN,0,A2256,,22:00:00,인천공항2터미널,서울역
33114,공항철도,,공항화물청사,DAY,DOWN,0,A2256,,22:04:00,인천공항2터미널,서울역
33115,공항철도,,운서,DAY,DOWN,0,A2256,,22:08:00,인천공항2터미널,서울역
33116,공항철도,,영종,DAY,DOWN,0,A2256,,22:12:00,인천공항2터미널,서울역
33117,공항철도,,청라국제도시,DAY,DOWN,0,A2256,,22:21:00,인천공항2터미널,서울역
33118,공항철도,,검암,DAY,DOWN,0,A2256,,22:26:00,인천공항2터미널,서울역
33119,공항철도,,계양,DAY,DOWN,0,A2256,,22:32:00,인천공항2터미널,서울역
33120,공항철도,,김포공항,DAY,DOWN,0,A2256,,22:38:00,인천공항2터미널,서울역
33121,공항철도,,마곡나루,DAY,DOWN,0,A2256,,22:41:00,인천공항2터미널,서울역
33122,공항철도,,디지털미디어시티,DAY,DOWN,0,A2256,,22:49:00,인천공항2터미널,서울역
33123,공항철도,,홍대입구,DAY,DOWN,0,A2256,,22:53:00,인천공항2터미널,서울역
33124,공항철도,,공덕,DAY,DOWN,0,A2256,,22:56:00,인천공항2터미널,서울역
33125,공항철도,,인천공항2터미널,SAT,DOWN,0,A2256,,21:10:00,인천공항2터미널,서울역
33126,공항철도,,인천공항2터미널,END,DOWN,0,A2256,,21:10:00,인천공항2터미널,서울역
33127,공항철도,,인천공항1터미널,SAT,DOWN,0,A2256,,21:16:00,인천공항2터미널,서울역
33128,공항철도,,인천공항1터미널,END,DOWN,0,A2256,,21:16:00,인천공항2터미널,서울역
33129,공항철도,,공항화물청사,SAT,DOWN,0,A2256,,21:20:00,인천공항2터미널,서울역
33130,공항철도,,공항화물청사,END,DOWN,0,A2256,,21:20:00,인천공항2터미널,서울역
33131,공항철도,,운서,SAT,DOWN,0,A2256,,21:24:00,인천공항2터미널,서울역
33132,공항철도,,운서,END,DOWN,0,A2256,,21:24:00,인천공항2터미널,서울역
33133,공항철도,,영종,SAT,DOWN,0,A2256,,21:28:00,인천공항2터미널,서울역
33134,공항철도,,영종,END,DOWN,0,A2256,,21:28:00,인천공항2터미널,서울역
33135,공항철도,,청라국제도시,SAT,DOWN,0,A2256,,21:37:00,인천공항2터미널,서울역
33136,공항철도,,청라국제도시,END,DOWN,0,A2256,,21:37:00,인천공항2터미널,서울역
33137,공항철도,,검암,SAT,DOWN,0,A2256,,21:42:00,인천공항2터미널,서울역
33138,공항철도,,검암,END,DOWN,0,A2256,,21:42:00,인천공항2터미널,서울역
33139,공항철도,,계양,SAT,DOWN,0,A2256,,21:48:00,인천공항2터미널,서울역
33140,공항철도,,계양,END,DOWN,0,A2256,,21:48:00,인천공항2터미널,서울역
33141,공항철도,,김포공항,SAT,DOWN,0,A2256,,21:54:00,인천공항2터미널,서울역
33142,공항철도,,김포공항,END,DOWN,0,A2256,,21:54:00,인천공항2터미널,서울역
33143,공항철도,,마곡나루,SAT,DOWN,0,A2256,,21:57:00,인천공항2터미널,서울역
33144,공항철도,,마곡나루,END,DOWN,0,A2256,,21:57:00,인천공항2터미널,서울역
33145,공항철도,,디지털미디어시티,SAT,DOWN,0,A2256,,22:05:00,인천공항2터미널,서울역
33146,공항철도,,디지털미디어시티,END,DOWN,0,A2256,,22:05:00,인천공항2터미널,서울역
33147,공항철도,,홍대입구,SAT,DOWN,0,A2256,,22:09:00,인천공항2터미널,서울역
33148,공항철도,,홍대입구,END,DOWN,0,A2256,,22:09:00,인천공항2터미널,서울역
33149,공항철도,,공덕,SAT,DOWN,0,A2256,,22:12:00,인천공항2터미널,서울역
33150,공항철도,,공덕,END,DOWN,0,A2256,,22:12:00,인천공항2터미널,서울역
33151,공항철도,,서울역,DAY,DOWN,0,A2257,,22:40:00,서울역,인천공항2터미널
33152,공항철도,,공덕,DAY,DOWN,0,A2257,,22:44:00,서울역,인천공항2터미널
33153,공항철도,,홍대입구,DAY,DOWN,0,A2257,,22:48:00,서울역,인천공항2터미널
33154,공항철도,,디지털미디어시티,DAY,DOWN,0,A2257,,22:52:00,서울역,인천공항2터미널
33155,공항철도,,마곡나루,DAY,DOWN,0,A2257,,22:59:00,서울역,인천공항2터미널
33156,공항철도,,김포공항,DAY,DOWN,0,A2257,,23:02:00,서울역,인천공항2터미널
33157,공항철도,,계양,DAY,DOWN,0,A2257,,23:09:00,서울역,인천공항2터미널
33158,공항철도,,검암,DAY,DOWN,0,A2257,,23:15:00,서울역,인천공항2터미널
33159,공항철도,,청라국제도시,DAY,DOWN,0,A2257,,23:20:00,서울역,인천공항2터미널
33160,공항철도,,영종,DAY,DOWN,0,A2257,,23:28:00,서울역,인천공항2터미널
33161,공항철도,,운서,DAY,DOWN,0,A2257,,23:32:00,서울역,인천공항2터미널
33162,공항철도,,공항화물청사,DAY,DOWN,0,A2257,,23:37:00,서울역,인천공항2터미널
33163,공항철도,,인천공항1터미널,DAY,DOWN,0,A2257,,23:41:00,서울역,인천공항2터미널
33164,공항철도,,서울역,SAT,DOWN,0,A2257,,21:54:00,서울역,인천공항2터미널
33165,공항철도,,서울역,END,DOWN,0,A2257,,21:54:00,서울역,인천공항2터미널
33166,공항철도,,공덕,SAT,DOWN,0,A2257,,21:58:00,서울역,인천공항2터미널
33167,공항철도,,공덕,END,DOWN,0,A2257,,21:58:00,서울역,인천공항2터미널
33168,공항철도,,홍대입구,SAT,DOWN,0,A2257,,22:02:00,서울역,인천공항2터미널
33169,공항철도,,홍대입구,END,DOWN,0,A2257,,22:02:00,서울역,인천공항2터미널
33170,공항철도,,디지털미디어시티,SAT,DOWN,0,A2257,,22:06:00,서울역,인천공항2터미널
33171,공항철도,,디지털미디어시티,END,DOWN,0,A2257,,22:06:00,서울역,인천공항2터미널
33172,공항철도,,마곡나루,SAT,DOWN,0,A2257,,22:13:00,서울역,인천공항2터미널
33173,공항철도,,마곡나루,END,DOWN,0,A2257,,22:13:00,서울역,인천공항2터미널
33174,공항철도,,김포공항,SAT,DOWN,0,A2257,,22:16:00,서울역,인천공항2터미널
33175,공항철도,,김포공항,END,DOWN,0,A2257,,22:16:00,서울역,인천공항2터미널
33176,공항철도,,계양,SAT,DOWN,0,A2257,,22:23:00,서울역,인천공항2터미널
33177,공항철도,,계양,END,DOWN,0,A2257,,22:23:00,서울역,인천공항2터미널
33178,공항철도,,검암,SAT,DOWN,0,A2257,,22:29:00,서울역,인천공항2터미널
33179,공항철도,,검암,END,DOWN,0,A2257,,22:29:00,서울역,인천공항2터미널
33180,공항철도,,청라국제도시,SAT,DOWN,0,A2257,,22:34:00,서울역,인천공항2터미널
33181,공항철도,,청라국제도시,END,DOWN,0,A2257,,22:34:00,서울역,인천공항2터미널
33182,공항철도,,영종,SAT,DOWN,0,A2257,,22:42:00,서울역,인천공항2터미널
33183,공항철도,,영종,END,DOWN,0,A2257,,22:42:00,서울역,인천공항2터미널
33184,공항철도,,운서,SAT,DOWN,0,A2257,,22:46:00,서울역,인천공항2터미널
33185,공항철도,,운서,END,DOWN,0,A2257,,22:46:00,서울역,인천공항2터미널
33186,공항철도,,공항화물청사,SAT,DOWN,0,A2257,,22:51:00,서울역,인천공항2터미널
33187,공항철도,,공항화물청사,END,DOWN,0,A2257,,22:51:00,서울역,인천공항2터미널
33188,공항철도,,인천공항1터미널,SAT,DOWN,0,A2257,,22:55:00,서울역,인천공항2터미널
33189,공항철도,,인천공항1터미널,END,DOWN,0,A2257,,22:55:00,서울역,인천공항2터미널
33190,공항철도,,인천공항2터미널,DAY,DOWN,0,A2258,,22:04:00,인천공항2터미널,서울역
33191,공항철도,,인천공항1터미널,DAY,DOWN,0,A2258,,22:10:00,인천공항2터미널,서울역
33192,공항철도,,공항화물청사,DAY,DOWN,0,A2258,,22:14:00,인천공항2터미널,서울역
33193,공항철도,,운서,DAY,DOWN,0,A2258,,22:18:00,인천공항2터미널,서울역
33194,공항철도,,영종,DAY,DOWN,0,A2258,,22:22:00,인천공항2터미널,서울역
33195,공항철도,,청라국제도시,DAY,DOWN,0,A2258,,22:31:00,인천공항2터미널,서울역
33196,공항철도,,검암,DAY,DOWN,0,A2258,,22:36:00,인천공항2터미널,서울역
33197,공항철도,,계양,DAY,DOWN,0,A2258,,22:42:00,인천공항2터미널,서울역
33198,공항철도,,김포공항,DAY,DOWN,0,A2258,,22:48:00,인천공항2터미널,서울역
33199,공항철도,,마곡나루,DAY,DOWN,0,A2258,,22:51:00,인천공항2터미널,서울역
33200,공항철도,,디지털미디어시티,DAY,DOWN,0,A2258,,22:59:00,인천공항2터미널,서울역
33201,공항철도,,홍대입구,DAY,DOWN,0,A2258,,23:03:00,인천공항2터미널,서울역
33202,공항철도,,공덕,DAY,DOWN,0,A2258,,23:06:00,인천공항2터미널,서울역
33203,공항철도,,인천공항2터미널,SAT,DOWN,0,A2258,,21:20:00,인천공항2터미널,서울역
33204,공항철도,,인천공항2터미널,END,DOWN,0,A2258,,21:20:00,인천공항2터미널,서울역
33205,공항철도,,인천공항1터미널,SAT,DOWN,0,A2258,,21:26:00,인천공항2터미널,서울역
33206,공항철도,,인천공항1터미널,END,DOWN,0,A2258,,21:26:00,인천공항2터미널,서울역
33207,공항철도,,공항화물청사,SAT,DOWN,0,A2258,,21:30:00,인천공항2터미널,서울역
33208,공항철도,,공항화물청사,END,DOWN,0,A2258,,21:30:00,인천공항2터미널,서울역
33209,공항철도,,운서,SAT,DOWN,0,A2258,,21:34:00,인천공항2터미널,서울역
33210,공항철도,,운서,END,DOWN,0,A2258,,21:34:00,인천공항2터미널,서울역
33211,공항철도,,영종,SAT,DOWN,0,A2258,,21:38:00,인천공항2터미널,서울역
33212,공항철도,,영종,END,DOWN,0,A2258,,21:38:00,인천공항2터미널,서울역
33213,공항철도,,청라국제도시,SAT,DOWN,0,A2258,,21:47:00,인천공항2터미널,서울역
33214,공항철도,,청라국제도시,END,DOWN,0,A2258,,21:47:00,인천공항2터미널,서울역
33215,공항철도,,검암,SAT,DOWN,0,A2258,,21:52:00,인천공항2터미널,서울역
33216,공항철도,,검암,END,DOWN,0,A2258,,21:52:00,인천공항2터미널,서울역
33217,공항철도,,계양,SAT,DOWN,0,A2258,,21:58:00,인천공항2터미널,서울역
33218,공항철도,,계양,END,DOWN,0,A2258,,21:58:00,인천공항2터미널,서울역
33219,공항철도,,김포공항,SAT,DOWN,0,A2258,,22:04:00,인천공항2터미널,서울역
33220,공항철도,,김포공항,END,DOWN,0,A2258,,22:04:00,인천공항2터미널,서울역
33221,공항철도,,마곡나루,SAT,DOWN,0,A2258,,22:07:00,인천공항2터미널,서울역
33222,공항철도,,마곡나루,END,DOWN,0,A2258,,22:07:00,인천공항2터미널,서울역
33223,공항철도,,디지털미디어시티,SAT,DOWN,0,A2258,,22:15:00,인천공항2터미널,서울역
33224,공항철도,,디지털미디어시티,END,DOWN,0,A2258,,22:15:00,인천공항2터미널,서울역
33225,공항철도,,홍대입구,SAT,DOWN,0,A2258,,22:19:00,인천공항2터미널,서울역
33226,공항철도,,홍대입구,END,DOWN,0,A2258,,22:19:00,인천공항2터미널,서울역
33227,공항철도,,공덕,SAT,DOWN,0,A2258,,22:22:00,인천공항2터미널,서울역
33228,공항철도,,공덕,END,DOWN,0,A2258,,22:22:00,인천공항2터미널,서울역
33229,공항철도,,서울역,DAY,DOWN,0,A2259,,22:49:00,서울역,인천공항2터미널
33230,공항철도,,공덕,DAY,DOWN,0,A2259,,22:54:00,서울역,인천공항2터미널
33231,공항철도,,홍대입구,DAY,DOWN,0,A2259,,22:57:00,서울역,인천공항2터미널
33232,공항철도,,디지털미디어시티,DAY,DOWN,0,A2259,,23:01:00,서울역,인천공항2터미널
33233,공항철도,,마곡나루,DAY,DOWN,0,A2259,,23:09:00,서울역,인천공항2터미널
33234,공항철도,,김포공항,DAY,DOWN,0,A2259,,23:12:00,서울역,인천공항2터미널
33235,공항철도,,계양,DAY,DOWN,0,A2259,,23:18:00,서울역,인천공항2터미널
33236,공항철도,,검암,DAY,DOWN,0,A2259,,23:26:00,서울역,인천공항2터미널
33237,공항철도,,청라국제도시,DAY,DOWN,0,A2259,,23:31:00,서울역,인천공항2터미널
33238,공항철도,,영종,DAY,DOWN,0,A2259,,23:39:00,서울역,인천공항2터미널
33239,공항철도,,운서,DAY,DOWN,0,A2259,,23:43:00,서울역,인천공항2터미널
33240,공항철도,,공항화물청사,DAY,DOWN,0,A2259,,23:48:00,서울역,인천공항2터미널
33241,공항철도,,인천공항1터미널,DAY,DOWN,0,A2259,,23:52:00,서울역,인천공항2터미널
33242,공항철도,,서울역,SAT,DOWN,0,A2259,,22:01:00,서울역,인천공항2터미널
33243,공항철도,,서울역,END,DOWN,0,A2259,,22:01:00,서울역,인천공항2터미널
33244,공항철도,,공덕,SAT,DOWN,0,A2259,,22:05:00,서울역,인천공항2터미널
33245,공항철도,,공덕,END,DOWN,0,A2259,,22:05:00,서울역,인천공항2터미널
33246,공항철도,,홍대입구,SAT,DOWN,0,A2259,,22:09:00,서울역,인천공항2터미널
33247,공항철도,,홍대입구,END,DOWN,0,A2259,,22:09:00,서울역,인천공항2터미널
33248,공항철도,,디지털미디어시티,SAT,DOWN,0,A2259,,22:13:00,서울역,인천공항2터미널
33249,공항철도,,디지털미디어시티,END,DOWN,0,A2259,,22:13:00,서울역,인천공항2터미널
33250,공항철도,,마곡나루,SAT,DOWN,0,A2259,,22:20:00,서울역,인천공항2터미널
33251,공항철도,,마곡나루,END,DOWN,0,A2259,,22:20:00,서울역,인천공항2터미널
33252,공항철도,,김포공항,SAT,DOWN,0,A2259,,22:23:00,서울역,인천공항2터미널
33253,공항철도,,김포공항,END,DOWN,0,A2259,,22:23:00,서울역,인천공항2터미널
33254,공항철도,,계양,SAT,DOWN,0,A2259,,22:30:00,서울역,인천공항2터미널
33255,공항철도,,계양,END,DOWN,0,A2259,,22:30:00,서울역,인천공항2터미널
33256,공항철도,,검암,SAT,DOWN,0,A2259,,22:36:00,서울역,인천공항2터미널
33257,공항철도,,검암,END,DOWN,0,A2259,,22:36:00,서울역,인천공항2터미널
33258,공항철도,,청라국제도시,SAT,DOWN,0,A2259,,22:41:00,서울역,인천공항2터미널
33259,공항철도,,청라국제도시,END,DOWN,0,A2259,,22:41:00,서울역,인천공항2터미널
33260,공항철도,,영종,SAT,DOWN,0,A2259,,22:49:00,서울역,인천공항2터미널
33261,공항철도,,영종,END,DOWN,0,A2259,,22:49:00,서울역,인천공항2터미널
33262,공항철도,,운서,SAT,DOWN,0,A2259,,22:53:00,서울역,인천공항2터미널
33263,공항철도,,운서,END,DOWN,0,A2259,,22:53:00,서울역,인천공항2터미널
33264,공항철도,,공항화물청사,SAT,DOWN,0,A2259,,22:58:00,서울역,인천공항2터미널
33265,공항철도,,공항화물청사,END,DOWN,0,A2259,,22:58:00,서울역,인천공항2터미널
33266,공항철도,,인천공항1터미널,SAT,DOWN,0,A2259,,23:02:00,서울역,인천공항2터미널
33267,공항철도,,인천공항1터미널,END,DOWN,0,A2259,,23:02:00,서울역,인천공항2터미널
33268,공항철도,,인천공항2터미널,DAY,DOWN,0,A2260,,22:12:00,인천공항2터미널,서울역
33269,공항철도,,인천공항1터미널,DAY,DOWN,0,A2260,,22:19:00,인천공항2터미널,서울역
33270,공항철도,,공항화물청사,DAY,DOWN,0,A2260,,22:22:00,인천공항2터미널,서울역
33271,공항철도,,운서,DAY,DOWN,0,A2260,,22:27:00,인천공항2터미널,서울역
33272,공항철도,,영종,DAY,DOWN,0,A2260,,22:31:00,인천공항2터미널,서울역
33273,공항철도,,청라국제도시,DAY,DOWN,0,A2260,,22:39:00,인천공항2터미널,서울역
33274,공항철도,,검암,DAY,DOWN,0,A2260,,22:44:00,인천공항2터미널,서울역
33275,공항철도,,계양,DAY,DOWN,0,A2260,,22:50:00,인천공항2터미널,서울역
33276,공항철도,,김포공항,DAY,DOWN,0,A2260,,22:57:00,인천공항2터미널,서울역
33277,공항철도,,마곡나루,DAY,DOWN,0,A2260,,23:00:00,인천공항2터미널,서울역
33278,공항철도,,디지털미디어시티,DAY,DOWN,0,A2260,,23:07:00,인천공항2터미널,서울역
33279,공항철도,,홍대입구,DAY,DOWN,0,A2260,,23:11:00,인천공항2터미널,서울역
33280,공항철도,,공덕,DAY,DOWN,0,A2260,,23:15:00,인천공항2터미널,서울역
33281,공항철도,,인천공항2터미널,SAT,DOWN,0,A2260,,21:26:00,인천공항2터미널,서울역
33282,공항철도,,인천공항2터미널,END,DOWN,0,A2260,,21:26:00,인천공항2터미널,서울역
33283,공항철도,,인천공항1터미널,SAT,DOWN,0,A2260,,21:32:00,인천공항2터미널,서울역
33284,공항철도,,인천공항1터미널,END,DOWN,0,A2260,,21:32:00,인천공항2터미널,서울역
33285,공항철도,,공항화물청사,SAT,DOWN,0,A2260,,21:36:00,인천공항2터미널,서울역
33286,공항철도,,공항화물청사,END,DOWN,0,A2260,,21:36:00,인천공항2터미널,서울역
33287,공항철도,,운서,SAT,DOWN,0,A2260,,21:40:00,인천공항2터미널,서울역
33288,공항철도,,운서,END,DOWN,0,A2260,,21:40:00,인천공항2터미널,서울역
33289,공항철도,,영종,SAT,DOWN,0,A2260,,21:44:00,인천공항2터미널,서울역
33290,공항철도,,영종,END,DOWN,0,A2260,,21:44:00,인천공항2터미널,서울역
33291,공항철도,,청라국제도시,SAT,DOWN,0,A2260,,21:53:00,인천공항2터미널,서울역
33292,공항철도,,청라국제도시,END,DOWN,0,A2260,,21:53:00,인천공항2터미널,서울역
33293,공항철도,,검암,SAT,DOWN,0,A2260,,21:58:00,인천공항2터미널,서울역
33294,공항철도,,검암,END,DOWN,0,A2260,,21:58:00,인천공항2터미널,서울역
33295,공항철도,,계양,SAT,DOWN,0,A2260,,22:04:00,인천공항2터미널,서울역
33296,공항철도,,계양,END,DOWN,0,A2260,,22:04:00,인천공항2터미널,서울역
33297,공항철도,,김포공항,SAT,DOWN,0,A2260,,22:10:00,인천공항2터미널,서울역
33298,공항철도,,김포공항,END,DOWN,0,A2260,,22:10:00,인천공항2터미널,서울역
33299,공항철도,,마곡나루,SAT,DOWN,0,A2260,,22:13:00,인천공항2터미널,서울역
33300,공항철도,,마곡나루,END,DOWN,0,A2260,,22:13:00,인천공항2터미널,서울역
33301,공항철도,,디지털미디어시티,SAT,DOWN,0,A2260,,22:21:00,인천공항2터미널,서울역
33302,공항철도,,디지털미디어시티,END,DOWN,0,A2260,,22:21:00,인천공항2터미널,서울역
33303,공항철도,,홍대입구,SAT,DOWN,0,A2260,,22:25:00,인천공항2터미널,서울역
33304,공항철도,,홍대입구,END,DOWN,0,A2260,,22:25:00,인천공항2터미널,서울역
33305,공항철도,,공덕,SAT,DOWN,0,A2260,,22:28:00,인천공항2터미널,서울역
33306,공항철도,,공덕,END,DOWN,0,A2260,,22:28:00,인천공항2터미널,서울역
33307,공항철도,,서울역,DAY,DOWN,0,A2261,,23:01:00,서울역,인천공항2터미널
33308,공항철도,,공덕,DAY,DOWN,0,A2261,,23:06:00,서울역,인천공항2터미널
33309,공항철도,,홍대입구,DAY,DOWN,0,A2261,,23:09:00,서울역,인천공항2터미널
33310,공항철도,,디지털미디어시티,DAY,DOWN,0,A2261,,23:13:00,서울역,인천공항2터미널
33311,공항철도,,마곡나루,DAY,DOWN,0,A2261,,23:21:00,서울역,인천공항2터미널
33312,공항철도,,김포공항,DAY,DOWN,0,A2261,,23:24:00,서울역,인천공항2터미널
33313,공항철도,,계양,DAY,DOWN,0,A2261,,23:30:00,서울역,인천공항2터미널
33314,공항철도,,검암,DAY,DOWN,0,A2261,,23:36:00,서울역,인천공항2터미널
33315,공항철도,,청라국제도시,DAY,DOWN,0,A2261,,23:41:00,서울역,인천공항2터미널
33316,공항철도,,영종,DAY,DOWN,0,A2261,,23:50:00,서울역,인천공항2터미널
33317,공항철도,,운서,DAY,DOWN,0,A2261,,23:54:00,서울역,인천공항2터미널
33318,공항철도,,공항화물청사,DAY,DOWN,0,A2261,,23:58:00,서울역,인천공항2터미널
33319,공항철도,,인천공항1터미널,DAY,DOWN,0,A2261,,00:02:00,서울역,인천공항2터미널
33320,공항철도,,서울역,SAT,DOWN,0,A2261,,22:09:00,서울역,인천공항2터미널
33321,공항철도,,서울역,END,DOWN,0,A2261,,22:09:00,서울역,인천공항2터미널
33322,공항철도,,공덕,SAT,DOWN,0,A2261,,22:14:00,서울역,인천공항2터미널
33323,공항철도,,공덕,END,DOWN,0,A2261,,22:14:00,서울역,인천공항2터미널
33324,공항철도,,홍대입구,SAT,DOWN,0,A2261,,22:17:00,서울역,인천공항2터미널
33325,공항철도,,홍대입구,END,DOWN,0,A2261,,22:17:00,서울역,인천공항2터미널
33326,공항철도,,디지털미디어시티,SAT,DOWN,0,A2261,,22:21:00,서울역,인천공항2터미널
33327,공항철도,,디지털미디어시티,END,DOWN,0,A2261,,22:21:00,서울역,인천공항2터미널
33328,공항철도,,마곡나루,SAT,DOWN,0,A2261,,22:29:00,서울역,인천공항2터미널
33329,공항철도,,마곡나루,END,DOWN,0,A2261,,22:29:00,서울역,인천공항2터미널
33330,공항철도,,김포공항,SAT,DOWN,0,A2261,,22:32:00,서울역,인천공항2터미널
33331,공항철도,,김포공항,END,DOWN,0,A2261,,22:32:00,서울역,인천공항2터미널
33332,공항철도,,계양,SAT,DOWN,0,A2261,,22:38:00,서울역,인천공항2터미널
33333,공항철도,,계양,END,DOWN,0,A2261,,22:38:00,서울역,인천공항2터미널
33334,공항철도,,검암,SAT,DOWN,0,A2261,,22:46:00,서울역,인천공항2터미널
33335,공항철도,,검암,END,DOWN,0,A2261,,22:46:00,서울역,인천공항2터미널
33336,공항철도,,청라국제도시,SAT,DOWN,0,A2261,,22:51:00,서울역,인천공항2터미널
33337,공항철도,,청라국제도시,END,DOWN,0,A2261,,22:51:00,서울역,인천공항2터미널
33338,공항철도,,영종,SAT,DOWN,0,A2261,,22:59:00,서울역,인천공항2터미널
33339,공항철도,,영종,END,DOWN,0,A2261,,22:59:00,서울역,인천공항2터미널
33340,공항철도,,운서,SAT,DOWN,0,A2261,,23:03:00,서울역,인천공항2터미널
33341,공항철도,,운서,END,DOWN,0,A2261,,23:03:00,서울역,인천공항2터미널
33342,공항철도,,공항화물청사,SAT,DOWN,0,A2261,,23:08:00,서울역,인천공항2터미널
33343,공항철도,,공항화물청사,END,DOWN,0,A2261,,23:08:00,서울역,인천공항2터미널
33344,공항철도,,인천공항1터미널,SAT,DOWN,0,A2261,,23:12:00,서울역,인천공항2터미널
33345,공항철도,,인천공항1터미널,END,DOWN,0,A2261,,23:12:00,서울역,인천공항2터미널
33346,공항철도,,인천공항2터미널,DAY,DOWN,0,A2262,,22:22:00,인천공항2터미널,서울역
33347,공항철도,,인천공항1터미널,DAY,DOWN,0,A2262,,22:29:00,인천공항2터미널,서울역
33348,공항철도,,공항화물청사,DAY,DOWN,0,A2262,,22:32:00,인천공항2터미널,서울역
33349,공항철도,,운서,DAY,DOWN,0,A2262,,22:37:00,인천공항2터미널,서울역
33350,공항철도,,영종,DAY,DOWN,0,A2262,,22:41:00,인천공항2터미널,서울역
33351,공항철도,,청라국제도시,DAY,DOWN,0,A2262,,22:49:00,인천공항2터미널,서울역
33352,공항철도,,검암,DAY,DOWN,0,A2262,,22:54:00,인천공항2터미널,서울역
33353,공항철도,,계양,DAY,DOWN,0,A2262,,23:00:00,인천공항2터미널,서울역
33354,공항철도,,김포공항,DAY,DOWN,0,A2262,,23:07:00,인천공항2터미널,서울역
33355,공항철도,,마곡나루,DAY,DOWN,0,A2262,,23:10:00,인천공항2터미널,서울역
33356,공항철도,,디지털미디어시티,DAY,DOWN,0,A2262,,23:17:00,인천공항2터미널,서울역
33357,공항철도,,홍대입구,DAY,DOWN,0,A2262,,23:21:00,인천공항2터미널,서울역
33358,공항철도,,공덕,DAY,DOWN,0,A2262,,23:25:00,인천공항2터미널,서울역
33359,공항철도,,인천공항2터미널,SAT,DOWN,0,A2262,,21:33:00,인천공항2터미널,서울역
33360,공항철도,,인천공항2터미널,END,DOWN,0,A2262,,21:33:00,인천공항2터미널,서울역
33361,공항철도,,인천공항1터미널,SAT,DOWN,0,A2262,,21:39:00,인천공항2터미널,서울역
33362,공항철도,,인천공항1터미널,END,DOWN,0,A2262,,21:39:00,인천공항2터미널,서울역
33363,공항철도,,공항화물청사,SAT,DOWN,0,A2262,,21:43:00,인천공항2터미널,서울역
33364,공항철도,,공항화물청사,END,DOWN,0,A2262,,21:43:00,인천공항2터미널,서울역
33365,공항철도,,운서,SAT,DOWN,0,A2262,,21:47:00,인천공항2터미널,서울역
33366,공항철도,,운서,END,DOWN,0,A2262,,21:47:00,인천공항2터미널,서울역
33367,공항철도,,영종,SAT,DOWN,0,A2262,,21:51:00,인천공항2터미널,서울역
33368,공항철도,,영종,END,DOWN,0,A2262,,21:51:00,인천공항2터미널,서울역
33369,공항철도,,청라국제도시,SAT,DOWN,0,A2262,,22:00:00,인천공항2터미널,서울역
33370,공항철도,,청라국제도시,END,DOWN,0,A2262,,22:00:00,인천공항2터미널,서울역
33371,공항철도,,검암,SAT,DOWN,0,A2262,,22:05:00,인천공항2터미널,서울역
33372,공항철도,,검암,END,DOWN,0,A2262,,22:05:00,인천공항2터미널,서울역
33373,공항철도,,계양,SAT,DOWN,0,A2262,,22:11:00,인천공항2터미널,서울역
33374,공항철도,,계양,END,DOWN,0,A2262,,22:11:00,인천공항2터미널,서울역
33375,공항철도,,김포공항,SAT,DOWN,0,A2262,,22:17:00,인천공항2터미널,서울역
33376,공항철도,,김포공항,END,DOWN,0,A2262,,22:17:00,인천공항2터미널,서울역
33377,공항철도,,마곡나루,SAT,DOWN,0,A2262,,22:20:00,인천공항2터미널,서울역
33378,공항철도,,마곡나루,END,DOWN,0,A2262,,22:20:00,인천공항2터미널,서울역
33379,공항철도,,디지털미디어시티,SAT,DOWN,0,A2262,,22:28:00,인천공항2터미널,서울역
33380,공항철도,,디지털미디어시티,END,DOWN,0,A2262,,22:28:00,인천공항2터미널,서울역
33381,공항철도,,홍대입구,SAT,DOWN,0,A2262,,22:32:00,인천공항2터미널,서울역
33382,공항철도,,홍대입구,END,DOWN,0,A2262,,22:32:00,인천공항2터미널,서울역
33383,공항철도,,공덕,SAT,DOWN,0,A2262,,22:35:00,인천공항2터미널,서울역
33384,공항철도,,공덕,END,DOWN,0,A2262,,22:35:00,인천공항2터미널,서울역
33385,공항철도,,서울역,DAY,DOWN,0,A2263,,23:10:00,서울역,인천공항2터미널
33386,공항철도,,공덕,DAY,DOWN,0,A2263,,23:14:00,서울역,인천공항2터미널
33387,공항철도,,홍대입구,DAY,DOWN,0,A2263,,23:18:00,서울역,인천공항2터미널
33388,공항철도,,디지털미디어시티,DAY,DOWN,0,A2263,,23:22:00,서울역,인천공항2터미널
33389,공항철도,,마곡나루,DAY,DOWN,0,A2263,,23:29:00,서울역,인천공항2터미널
33390,공항철도,,김포공항,DAY,DOWN,0,A2263,,23:32:00,서울역,인천공항2터미널
33391,공항철도,,계양,DAY,DOWN,0,A2263,,23:39:00,서울역,인천공항2터미널
33392,공항철도,,검암,DAY,DOWN,0,A2263,,23:45:00,서울역,인천공항2터미널
33393,공항철도,,청라국제도시,DAY,DOWN,0,A2263,,23:50:00,서울역,인천공항2터미널
33394,공항철도,,영종,DAY,DOWN,0,A2263,,23:58:00,서울역,인천공항2터미널
33395,공항철도,,운서,DAY,DOWN,0,A2263,,00:02:00,서울역,인천공항2터미널
33396,공항철도,,공항화물청사,DAY,DOWN,0,A2263,,00:07:00,서울역,인천공항2터미널
33397,공항철도,,인천공항1터미널,DAY,DOWN,0,A2263,,00:11:00,서울역,인천공항2터미널
33398,공항철도,,서울역,SAT,DOWN,0,A2263,,22:16:00,서울역,인천공항2터미널
33399,공항철도,,서울역,END,DOWN,0,A2263,,22:16:00,서울역,인천공항2터미널
33400,공항철도,,공덕,SAT,DOWN,0,A2263,,22:20:00,서울역,인천공항2터미널
33401,공항철도,,공덕,END,DOWN,0,A2263,,22:20:00,서울역,인천공항2터미널
33402,공항철도,,홍대입구,SAT,DOWN,0,A2263,,22:24:00,서울역,인천공항2터미널
33403,공항철도,,홍대입구,END,DOWN,0,A2263,,22:24:00,서울역,인천공항2터미널
33404,공항철도,,디지털미디어시티,SAT,DOWN,0,A2263,,22:29:00,서울역,인천공항2터미널
33405,공항철도,,디지털미디어시티,END,DOWN,0,A2263,,22:29:00,서울역,인천공항2터미널
33406,공항철도,,마곡나루,SAT,DOWN,0,A2263,,22:37:00,서울역,인천공항2터미널
33407,공항철도,,마곡나루,END,DOWN,0,A2263,,22:37:00,서울역,인천공항2터미널
33408,공항철도,,김포공항,SAT,DOWN,0,A2263,,22:40:00,서울역,인천공항2터미널
33409,공항철도,,김포공항,END,DOWN,0,A2263,,22:40:00,서울역,인천공항2터미널
33410,공항철도,,계양,SAT,DOWN,0,A2263,,22:46:00,서울역,인천공항2터미널
33411,공항철도,,계양,END,DOWN,0,A2263,,22:46:00,서울역,인천공항2터미널
33412,공항철도,,검암,SAT,DOWN,0,A2263,,22:52:00,서울역,인천공항2터미널
33413,공항철도,,검암,END,DOWN,0,A2263,,22:52:00,서울역,인천공항2터미널
33414,공항철도,,청라국제도시,SAT,DOWN,0,A2263,,22:57:00,서울역,인천공항2터미널
33415,공항철도,,청라국제도시,END,DOWN,0,A2263,,22:57:00,서울역,인천공항2터미널
33416,공항철도,,영종,SAT,DOWN,0,A2263,,23:06:00,서울역,인천공항2터미널
33417,공항철도,,영종,END,DOWN,0,A2263,,23:06:00,서울역,인천공항2터미널
33418,공항철도,,운서,SAT,DOWN,0,A2263,,23:10:00,서울역,인천공항2터미널
33419,공항철도,,운서,END,DOWN,0,A2263,,23:10:00,서울역,인천공항2터미널
33420,공항철도,,공항화물청사,SAT,DOWN,0,A2263,,23:14:00,서울역,인천공항2터미널
33421,공항철도,,공항화물청사,END,DOWN,0,A2263,,23:14:00,서울역,인천공항2터미널
33422,공항철도,,인천공항1터미널,SAT,DOWN,0,A2263,,23:18:00,서울역,인천공항2터미널
33423,공항철도,,인천공항1터미널,END,DOWN,0,A2263,,23:18:00,서울역,인천공항2터미널
33424,공항철도,,인천공항2터미널,DAY,DOWN,0,A2264,,22:33:00,인천공항2터미널,서울역
33425,공항철도,,인천공항1터미널,DAY,DOWN,0,A2264,,22:40:00,인천공항2터미널,서울역
33426,공항철도,,공항화물청사,DAY,DOWN,0,A2264,,22:43:00,인천공항2터미널,서울역
33427,공항철도,,운서,DAY,DOWN,0,A2264,,22:48:00,인천공항2터미널,서울역
33428,공항철도,,영종,DAY,DOWN,0,A2264,,22:52:00,인천공항2터미널,서울역
33429,공항철도,,청라국제도시,DAY,DOWN,0,A2264,,23:00:00,인천공항2터미널,서울역
33430,공항철도,,검암,DAY,DOWN,0,A2264,,23:07:00,인천공항2터미널,서울역
33431,공항철도,,계양,DAY,DOWN,0,A2264,,23:13:00,인천공항2터미널,서울역
33432,공항철도,,김포공항,DAY,DOWN,0,A2264,,23:19:00,인천공항2터미널,서울역
33433,공항철도,,마곡나루,DAY,DOWN,0,A2264,,23:22:00,인천공항2터미널,서울역
33434,공항철도,,디지털미디어시티,DAY,DOWN,0,A2264,,23:30:00,인천공항2터미널,서울역
33435,공항철도,,홍대입구,DAY,DOWN,0,A2264,,23:34:00,인천공항2터미널,서울역
33436,공항철도,,공덕,DAY,DOWN,0,A2264,,23:37:00,인천공항2터미널,서울역
33437,공항철도,,인천공항2터미널,SAT,DOWN,0,A2264,,21:43:00,인천공항2터미널,서울역
33438,공항철도,,인천공항2터미널,END,DOWN,0,A2264,,21:43:00,인천공항2터미널,서울역
33439,공항철도,,인천공항1터미널,SAT,DOWN,0,A2264,,21:50:00,인천공항2터미널,서울역
33440,공항철도,,인천공항1터미널,END,DOWN,0,A2264,,21:50:00,인천공항2터미널,서울역
33441,공항철도,,공항화물청사,SAT,DOWN,0,A2264,,21:53:00,인천공항2터미널,서울역
33442,공항철도,,공항화물청사,END,DOWN,0,A2264,,21:53:00,인천공항2터미널,서울역
33443,공항철도,,운서,SAT,DOWN,0,A2264,,21:58:00,인천공항2터미널,서울역
33444,공항철도,,운서,END,DOWN,0,A2264,,21:58:00,인천공항2터미널,서울역
33445,공항철도,,영종,SAT,DOWN,0,A2264,,22:02:00,인천공항2터미널,서울역
33446,공항철도,,영종,END,DOWN,0,A2264,,22:02:00,인천공항2터미널,서울역
33447,공항철도,,청라국제도시,SAT,DOWN,0,A2264,,22:10:00,인천공항2터미널,서울역
33448,공항철도,,청라국제도시,END,DOWN,0,A2264,,22:10:00,인천공항2터미널,서울역
33449,공항철도,,검암,SAT,DOWN,0,A2264,,22:17:00,인천공항2터미널,서울역
33450,공항철도,,검암,END,DOWN,0,A2264,,22:17:00,인천공항2터미널,서울역
33451,공항철도,,계양,SAT,DOWN,0,A2264,,22:23:00,인천공항2터미널,서울역
33452,공항철도,,계양,END,DOWN,0,A2264,,22:23:00,인천공항2터미널,서울역
33453,공항철도,,김포공항,SAT,DOWN,0,A2264,,22:29:00,인천공항2터미널,서울역
33454,공항철도,,김포공항,END,DOWN,0,A2264,,22:29:00,인천공항2터미널,서울역
33455,공항철도,,마곡나루,SAT,DOWN,0,A2264,,22:32:00,인천공항2터미널,서울역
33456,공항철도,,마곡나루,END,DOWN,0,A2264,,22:32:00,인천공항2터미널,서울역
33457,공항철도,,디지털미디어시티,SAT,DOWN,0,A2264,,22:40:00,인천공항2터미널,서울역
33458,공항철도,,디지털미디어시티,END,DOWN,0,A2264,,22:40:00,인천공항2터미널,서울역
33459,공항철도,,홍대입구,SAT,DOWN,0,A2264,,22:44:00,인천공항2터미널,서울역
33460,공항철도,,홍대입구,END,DOWN,0,A2264,,22:44:00,인천공항2터미널,서울역
33461,공항철도,,공덕,SAT,DOWN,0,A2264,,22:47:00,인천공항2터미널,서울역
33462,공항철도,,공덕,END,DOWN,0,A2264,,22:47:00,인천공항2터미널,서울역
33463,공항철도,,서울역,DAY,DOWN,0,A2265,,23:26:00,서울역,인천공항2터미널
33464,공항철도,,공덕,DAY,DOWN,0,A2265,,23:30:00,서울역,인천공항2터미널
33465,공항철도,,홍대입구,DAY,DOWN,0,A2265,,23:34:00,서울역,인천공항2터미널
33466,공항철도,,디지털미디어시티,DAY,DOWN,0,A2265,,23:38:00,서울역,인천공항2터미널
33467,공항철도,,마곡나루,DAY,DOWN,0,A2265,,23:45:00,서울역,인천공항2터미널
33468,공항철도,,김포공항,DAY,DOWN,0,A2265,,23:48:00,서울역,인천공항2터미널
33469,공항철도,,계양,DAY,DOWN,0,A2265,,23:55:00,서울역,인천공항2터미널
33470,공항철도,,검암,DAY,DOWN,0,A2265,,00:01:00,서울역,인천공항2터미널
33471,공항철도,,청라국제도시,DAY,DOWN,0,A2265,,00:06:00,서울역,인천공항2터미널
33472,공항철도,,영종,DAY,DOWN,0,A2265,,00:14:00,서울역,인천공항2터미널
33473,공항철도,,운서,DAY,DOWN,0,A2265,,00:18:00,서울역,인천공항2터미널
33474,공항철도,,공항화물청사,DAY,DOWN,0,A2265,,00:23:00,서울역,인천공항2터미널
33475,공항철도,,인천공항1터미널,DAY,DOWN,0,A2265,,00:27:00,서울역,인천공항2터미널
33476,공항철도,,서울역,SAT,DOWN,0,A2265,,22:27:00,서울역,인천공항2터미널
33477,공항철도,,서울역,END,DOWN,0,A2265,,22:27:00,서울역,인천공항2터미널
33478,공항철도,,공덕,SAT,DOWN,0,A2265,,22:32:00,서울역,인천공항2터미널
33479,공항철도,,공덕,END,DOWN,0,A2265,,22:32:00,서울역,인천공항2터미널
33480,공항철도,,홍대입구,SAT,DOWN,0,A2265,,22:35:00,서울역,인천공항2터미널
33481,공항철도,,홍대입구,END,DOWN,0,A2265,,22:35:00,서울역,인천공항2터미널
33482,공항철도,,디지털미디어시티,SAT,DOWN,0,A2265,,22:39:00,서울역,인천공항2터미널
33483,공항철도,,디지털미디어시티,END,DOWN,0,A2265,,22:39:00,서울역,인천공항2터미널
33484,공항철도,,마곡나루,SAT,DOWN,0,A2265,,22:47:00,서울역,인천공항2터미널
33485,공항철도,,마곡나루,END,DOWN,0,A2265,,22:47:00,서울역,인천공항2터미널
33486,공항철도,,김포공항,SAT,DOWN,0,A2265,,22:50:00,서울역,인천공항2터미널
33487,공항철도,,김포공항,END,DOWN,0,A2265,,22:50:00,서울역,인천공항2터미널
33488,공항철도,,계양,SAT,DOWN,0,A2265,,22:56:00,서울역,인천공항2터미널
33489,공항철도,,계양,END,DOWN,0,A2265,,22:56:00,서울역,인천공항2터미널
33490,공항철도,,검암,SAT,DOWN,0,A2265,,23:02:00,서울역,인천공항2터미널
33491,공항철도,,검암,END,DOWN,0,A2265,,23:02:00,서울역,인천공항2터미널
33492,공항철도,,청라국제도시,SAT,DOWN,0,A2265,,23:07:00,서울역,인천공항2터미널
33493,공항철도,,청라국제도시,END,DOWN,0,A2265,,23:07:00,서울역,인천공항2터미널
33494,공항철도,,영종,SAT,DOWN,0,A2265,,23:16:00,서울역,인천공항2터미널
33495,공항철도,,영종,END,DOWN,0,A2265,,23:16:00,서울역,인천공항2터미널
33496,공항철도,,운서,SAT,DOWN,0,A2265,,23:20:00,서울역,인천공항2터미널
33497,공항철도,,운서,END,DOWN,0,A2265,,23:20:00,서울역,인천공항2터미널
33498,공항철도,,공항화물청사,SAT,DOWN,0,A2265,,23:24:00,서울역,인천공항2터미널
33499,공항철도,,공항화물청사,END,DOWN,0,A2265,,23:24:00,서울역,인천공항2터미널
33500,공항철도,,인천공항1터미널,SAT,DOWN,0,A2265,,23:28:00,서울역,인천공항2터미널
33501,공항철도,,인천공항1터미널,END,DOWN,0,A2265,,23:28:00,서울역,인천공항2터미널
33502,공항철도,,인천공항2터미널,DAY,DOWN,0,A2266,,22:47:00,인천공항2터미널,서울역
33503,공항철도,,인천공항1터미널,DAY,DOWN,0,A2266,,22:53:00,인천공항2터미널,서울역
33504,공항철도,,공항화물청사,DAY,DOWN,0,A2266,,22:57:00,인천공항2터미널,서울역
33505,공항철도,,운서,DAY,DOWN,0,A2266,,23:01:00,인천공항2터미널,서울역
33506,공항철도,,영종,DAY,DOWN,0,A2266,,23:05:00,인천공항2터미널,서울역
33507,공항철도,,청라국제도시,DAY,DOWN,0,A2266,,23:14:00,인천공항2터미널,서울역
33508,공항철도,,검암,DAY,DOWN,0,A2266,,23:19:00,인천공항2터미널,서울역
33509,공항철도,,계양,DAY,DOWN,0,A2266,,23:25:00,인천공항2터미널,서울역
33510,공항철도,,김포공항,DAY,DOWN,0,A2266,,23:31:00,인천공항2터미널,서울역
33511,공항철도,,마곡나루,DAY,DOWN,0,A2266,,23:34:00,인천공항2터미널,서울역
33512,공항철도,,디지털미디어시티,DAY,DOWN,0,A2266,,23:42:00,인천공항2터미널,서울역
33513,공항철도,,홍대입구,DAY,DOWN,0,A2266,,23:46:00,인천공항2터미널,서울역
33514,공항철도,,공덕,DAY,DOWN,0,A2266,,23:49:00,인천공항2터미널,서울역
33515,공항철도,,인천공항2터미널,SAT,DOWN,0,A2266,,21:55:00,인천공항2터미널,서울역
33516,공항철도,,인천공항2터미널,END,DOWN,0,A2266,,21:55:00,인천공항2터미널,서울역
33517,공항철도,,인천공항1터미널,SAT,DOWN,0,A2266,,22:01:00,인천공항2터미널,서울역
33518,공항철도,,인천공항1터미널,END,DOWN,0,A2266,,22:01:00,인천공항2터미널,서울역
33519,공항철도,,공항화물청사,SAT,DOWN,0,A2266,,22:05:00,인천공항2터미널,서울역
33520,공항철도,,공항화물청사,END,DOWN,0,A2266,,22:05:00,인천공항2터미널,서울역
33521,공항철도,,운서,SAT,DOWN,0,A2266,,22:09:00,인천공항2터미널,서울역
33522,공항철도,,운서,END,DOWN,0,A2266,,22:09:00,인천공항2터미널,서울역
33523,공항철도,,영종,SAT,DOWN,0,A2266,,22:13:00,인천공항2터미널,서울역
33524,공항철도,,영종,END,DOWN,0,A2266,,22:13:00,인천공항2터미널,서울역
33525,공항철도,,청라국제도시,SAT,DOWN,0,A2266,,22:22:00,인천공항2터미널,서울역
33526,공항철도,,청라국제도시,END,DOWN,0,A2266,,22:22:00,인천공항2터미널,서울역
33527,공항철도,,검암,SAT,DOWN,0,A2266,,22:27:00,인천공항2터미널,서울역
33528,공항철도,,검암,END,DOWN,0,A2266,,22:27:00,인천공항2터미널,서울역
33529,공항철도,,계양,SAT,DOWN,0,A2266,,22:33:00,인천공항2터미널,서울역
33530,공항철도,,계양,END,DOWN,0,A2266,,22:33:00,인천공항2터미널,서울역
33531,공항철도,,김포공항,SAT,DOWN,0,A2266,,22:39:00,인천공항2터미널,서울역
33532,공항철도,,김포공항,END,DOWN,0,A2266,,22:39:00,인천공항2터미널,서울역
33533,공항철도,,마곡나루,SAT,DOWN,0,A2266,,22:42:00,인천공항2터미널,서울역
33534,공항철도,,마곡나루,END,DOWN,0,A2266,,22:42:00,인천공항2터미널,서울역
33535,공항철도,,디지털미디어시티,SAT,DOWN,0,A2266,,22:50:00,인천공항2터미널,서울역
33536,공항철도,,디지털미디어시티,END,DOWN,0,A2266,,22:50:00,인천공항2터미널,서울역
33537,공항철도,,홍대입구,SAT,DOWN,0,A2266,,22:54:00,인천공항2터미널,서울역
33538,공항철도,,홍대입구,END,DOWN,0,A2266,,22:54:00,인천공항2터미널,서울역
33539,공항철도,,공덕,SAT,DOWN,0,A2266,,22:57:00,인천공항2터미널,서울역
33540,공항철도,,공덕,END,DOWN,0,A2266,,22:57:00,인천공항2터미널,서울역
33541,공항철도,,서울역,DAY,DOWN,0,A2267,,23:40:00,서울역,인천공항2터미널
33542,공항철도,,공덕,DAY,DOWN,0,A2267,,23:44:00,서울역,인천공항2터미널
33543,공항철도,,홍대입구,DAY,DOWN,0,A2267,,23:48:00,서울역,인천공항2터미널
33544,공항철도,,디지털미디어시티,DAY,DOWN,0,A2267,,23:52:00,서울역,인천공항2터미널
33545,공항철도,,마곡나루,DAY,DOWN,0,A2267,,23:59:00,서울역,인천공항2터미널
33546,공항철도,,김포공항,DAY,DOWN,0,A2267,,00:02:00,서울역,인천공항2터미널
33547,공항철도,,계양,DAY,DOWN,0,A2267,,00:09:00,서울역,인천공항2터미널
33548,공항철도,,검암,DAY,DOWN,0,A2267,,00:15:00,서울역,인천공항2터미널
33549,공항철도,,청라국제도시,DAY,DOWN,0,A2267,,00:20:00,서울역,인천공항2터미널
33550,공항철도,,영종,DAY,DOWN,0,A2267,,00:28:00,서울역,인천공항2터미널
33551,공항철도,,운서,DAY,DOWN,0,A2267,,00:32:00,서울역,인천공항2터미널
33552,공항철도,,공항화물청사,DAY,DOWN,0,A2267,,00:37:00,서울역,인천공항2터미널
33553,공항철도,,인천공항1터미널,DAY,DOWN,0,A2267,,00:41:00,서울역,인천공항2터미널
33554,공항철도,,서울역,SAT,DOWN,0,A2267,,22:40:00,서울역,인천공항2터미널
33555,공항철도,,서울역,END,DOWN,0,A2267,,22:40:00,서울역,인천공항2터미널
33556,공항철도,,공덕,SAT,DOWN,0,A2267,,22:44:00,서울역,인천공항2터미널
33557,공항철도,,공덕,END,DOWN,0,A2267,,22:44:00,서울역,인천공항2터미널
33558,공항철도,,홍대입구,SAT,DOWN,0,A2267,,22:48:00,서울역,인천공항2터미널
33559,공항철도,,홍대입구,END,DOWN,0,A2267,,22:48:00,서울역,인천공항2터미널
33560,공항철도,,디지털미디어시티,SAT,DOWN,0,A2267,,22:52:00,서울역,인천공항2터미널
33561,공항철도,,디지털미디어시티,END,DOWN,0,A2267,,22:52:00,서울역,인천공항2터미널
33562,공항철도,,마곡나루,SAT,DOWN,0,A2267,,22:59:00,서울역,인천공항2터미널
33563,공항철도,,마곡나루,END,DOWN,0,A2267,,22:59:00,서울역,인천공항2터미널
33564,공항철도,,김포공항,SAT,DOWN,0,A2267,,23:02:00,서울역,인천공항2터미널
33565,공항철도,,김포공항,END,DOWN,0,A2267,,23:02:00,서울역,인천공항2터미널
33566,공항철도,,계양,SAT,DOWN,0,A2267,,23:09:00,서울역,인천공항2터미널
33567,공항철도,,계양,END,DOWN,0,A2267,,23:09:00,서울역,인천공항2터미널
33568,공항철도,,검암,SAT,DOWN,0,A2267,,23:15:00,서울역,인천공항2터미널
33569,공항철도,,검암,END,DOWN,0,A2267,,23:15:00,서울역,인천공항2터미널
33570,공항철도,,청라국제도시,SAT,DOWN,0,A2267,,23:20:00,서울역,인천공항2터미널
33571,공항철도,,청라국제도시,END,DOWN,0,A2267,,23:20:00,서울역,인천공항2터미널
33572,공항철도,,영종,SAT,DOWN,0,A2267,,23:28:00,서울역,인천공항2터미널
33573,공항철도,,영종,END,DOWN,0,A2267,,23:28:00,서울역,인천공항2터미널
33574,공항철도,,운서,SAT,DOWN,0,A2267,,23:32:00,서울역,인천공항2터미널
33575,공항철도,,운서,END,DOWN,0,A2267,,23:32:00,서울역,인천공항2터미널
33576,공항철도,,공항화물청사,SAT,DOWN,0,A2267,,23:37:00,서울역,인천공항2터미널
33577,공항철도,,공항화물청사,END,DOWN,0,A2267,,23:37:00,서울역,인천공항2터미널
33578,공항철도,,인천공항1터미널,SAT,DOWN,0,A2267,,23:41:00,서울역,인천공항2터미널
33579,공항철도,,인천공항1터미널,END,DOWN,0,A2267,,23:41:00,서울역,인천공항2터미널
33580,공항철도,,인천공항2터미널,DAY,DOWN,0,A2268,,22:57:00,인천공항2터미널,서울역
33581,공항철도,,인천공항1터미널,DAY,DOWN,0,A2268,,23:03:00,인천공항2터미널,서울역
33582,공항철도,,공항화물청사,DAY,DOWN,0,A2268,,23:07:00,인천공항2터미널,서울역
33583,공항철도,,운서,DAY,DOWN,0,A2268,,23:11:00,인천공항2터미널,서울역
33584,공항철도,,영종,DAY,DOWN,0,A2268,,23:15:00,인천공항2터미널,서울역
33585,공항철도,,청라국제도시,DAY,DOWN,0,A2268,,23:24:00,인천공항2터미널,서울역
33586,공항철도,,검암,DAY,DOWN,0,A2268,,23:29:00,인천공항2터미널,서울역
33587,공항철도,,계양,DAY,DOWN,0,A2268,,23:35:00,인천공항2터미널,서울역
33588,공항철도,,김포공항,DAY,DOWN,0,A2268,,23:41:00,인천공항2터미널,서울역
33589,공항철도,,마곡나루,DAY,DOWN,0,A2268,,23:44:00,인천공항2터미널,서울역
33590,공항철도,,디지털미디어시티,DAY,DOWN,0,A2268,,23:52:00,인천공항2터미널,서울역
33591,공항철도,,홍대입구,DAY,DOWN,0,A2268,,23:56:00,인천공항2터미널,서울역
33592,공항철도,,공덕,DAY,DOWN,0,A2268,,23:59:00,인천공항2터미널,서울역
33593,공항철도,,인천공항2터미널,SAT,DOWN,0,A2268,,22:04:00,인천공항2터미널,서울역
33594,공항철도,,인천공항2터미널,END,DOWN,0,A2268,,22:04:00,인천공항2터미널,서울역
33595,공항철도,,인천공항1터미널,SAT,DOWN,0,A2268,,22:11:00,인천공항2터미널,서울역
33596,공항철도,,인천공항1터미널,END,DOWN,0,A2268,,22:11:00,인천공항2터미널,서울역
33597,공항철도,,공항화물청사,SAT,DOWN,0,A2268,,22:14:00,인천공항2터미널,서울역
33598,공항철도,,공항화물청사,END,DOWN,0,A2268,,22:14:00,인천공항2터미널,서울역
33599,공항철도,,운서,SAT,DOWN,0,A2268,,22:19:00,인천공항2터미널,서울역
33600,공항철도,,운서,END,DOWN,0,A2268,,22:19:00,인천공항2터미널,서울역
33601,공항철도,,영종,SAT,DOWN,0,A2268,,22:23:00,인천공항2터미널,서울역
33602,공항철도,,영종,END,DOWN,0,A2268,,22:23:00,인천공항2터미널,서울역
33603,공항철도,,청라국제도시,SAT,DOWN,0,A2268,,22:31:00,인천공항2터미널,서울역
33604,공항철도,,청라국제도시,END,DOWN,0,A2268,,22:31:00,인천공항2터미널,서울역
33605,공항철도,,검암,SAT,DOWN,0,A2268,,22:36:00,인천공항2터미널,서울역
33606,공항철도,,검암,END,DOWN,0,A2268,,22:36:00,인천공항2터미널,서울역
33607,공항철도,,계양,SAT,DOWN,0,A2268,,22:42:00,인천공항2터미널,서울역
33608,공항철도,,계양,END,DOWN,0,A2268,,22:42:00,인천공항2터미널,서울역
33609,공항철도,,김포공항,SAT,DOWN,0,A2268,,22:49:00,인천공항2터미널,서울역
33610,공항철도,,김포공항,END,DOWN,0,A2268,,22:49:00,인천공항2터미널,서울역
33611,공항철도,,마곡나루,SAT,DOWN,0,A2268,,22:52:00,인천공항2터미널,서울역
33612,공항철도,,마곡나루,END,DOWN,0,A2268,,22:52:00,인천공항2터미널,서울역
33613,공항철도,,디지털미디어시티,SAT,DOWN,0,A2268,,22:59:00,인천공항2터미널,서울역
33614,공항철도,,디지털미디어시티,END,DOWN,0,A2268,,22:59:00,인천공항2터미널,서울역
33615,공항철도,,홍대입구,SAT,DOWN,0,A2268,,23:03:00,인천공항2터미널,서울역
33616,공항철도,,홍대입구,END,DOWN,0,A2268,,23:03:00,인천공항2터미널,서울역
33617,공항철도,,공덕,SAT,DOWN,0,A2268,,23:07:00,인천공항2터미널,서울역
33618,공항철도,,공덕,END,DOWN,0,A2268,,23:07:00,인천공항2터미널,서울역
33619,공항철도,,서울역,SAT,DOWN,0,A2269,,22:49:00,서울역,인천공항2터미널
33620,공항철도,,서울역,END,DOWN,0,A2269,,22:49:00,서울역,인천공항2터미널
33621,공항철도,,공덕,SAT,DOWN,0,A2269,,22:54:00,서울역,인천공항2터미널
33622,공항철도,,공덕,END,DOWN,0,A2269,,22:54:00,서울역,인천공항2터미널
33623,공항철도,,홍대입구,SAT,DOWN,0,A2269,,22:57:00,서울역,인천공항2터미널
33624,공항철도,,홍대입구,END,DOWN,0,A2269,,22:57:00,서울역,인천공항2터미널
33625,공항철도,,디지털미디어시티,SAT,DOWN,0,A2269,,23:01:00,서울역,인천공항2터미널
33626,공항철도,,디지털미디어시티,END,DOWN,0,A2269,,23:01:00,서울역,인천공항2터미널
33627,공항철도,,마곡나루,SAT,DOWN,0,A2269,,23:09:00,서울역,인천공항2터미널
33628,공항철도,,마곡나루,END,DOWN,0,A2269,,23:09:00,서울역,인천공항2터미널
33629,공항철도,,김포공항,SAT,DOWN,0,A2269,,23:12:00,서울역,인천공항2터미널
33630,공항철도,,김포공항,END,DOWN,0,A2269,,23:12:00,서울역,인천공항2터미널
33631,공항철도,,계양,SAT,DOWN,0,A2269,,23:18:00,서울역,인천공항2터미널
33632,공항철도,,계양,END,DOWN,0,A2269,,23:18:00,서울역,인천공항2터미널
33633,공항철도,,검암,SAT,DOWN,0,A2269,,23:26:00,서울역,인천공항2터미널
33634,공항철도,,검암,END,DOWN,0,A2269,,23:26:00,서울역,인천공항2터미널
33635,공항철도,,청라국제도시,SAT,DOWN,0,A2269,,23:31:00,서울역,인천공항2터미널
33636,공항철도,,청라국제도시,END,DOWN,0,A2269,,23:31:00,서울역,인천공항2터미널
33637,공항철도,,영종,SAT,DOWN,0,A2269,,23:39:00,서울역,인천공항2터미널
33638,공항철도,,영종,END,DOWN,0,A2269,,23:39:00,서울역,인천공항2터미널
33639,공항철도,,운서,SAT,DOWN,0,A2269,,23:43:00,서울역,인천공항2터미널
33640,공항철도,,운서,END,DOWN,0,A2269,,23:43:00,서울역,인천공항2터미널
33641,공항철도,,공항화물청사,SAT,DOWN,0,A2269,,23:48:00,서울역,인천공항2터미널
33642,공항철도,,공항화물청사,END,DOWN,0,A2269,,23:48:00,서울역,인천공항2터미널
33643,공항철도,,인천공항1터미널,SAT,DOWN,0,A2269,,23:52:00,서울역,인천공항2터미널
33644,공항철도,,인천공항1터미널,END,DOWN,0,A2269,,23:52:00,서울역,인천공항2터미널
33645,공항철도,,인천공항2터미널,DAY,DOWN,0,A2270,,23:13:00,인천공항2터미널,서울역
33646,공항철도,,인천공항1터미널,DAY,DOWN,0,A2270,,23:19:00,인천공항2터미널,서울역
33647,공항철도,,공항화물청사,DAY,DOWN,0,A2270,,23:23:00,인천공항2터미널,서울역
33648,공항철도,,운서,DAY,DOWN,0,A2270,,23:27:00,인천공항2터미널,서울역
33649,공항철도,,영종,DAY,DOWN,0,A2270,,23:31:00,인천공항2터미널,서울역
33650,공항철도,,청라국제도시,DAY,DOWN,0,A2270,,23:40:00,인천공항2터미널,서울역
33651,공항철도,,검암,DAY,DOWN,0,A2270,,23:45:00,인천공항2터미널,서울역
33652,공항철도,,계양,DAY,DOWN,0,A2270,,23:51:00,인천공항2터미널,서울역
33653,공항철도,,김포공항,DAY,DOWN,0,A2270,,23:57:00,인천공항2터미널,서울역
33654,공항철도,,마곡나루,DAY,DOWN,0,A2270,,00:00:00,인천공항2터미널,서울역
33655,공항철도,,디지털미디어시티,DAY,DOWN,0,A2270,,00:08:00,인천공항2터미널,서울역
33656,공항철도,,홍대입구,DAY,DOWN,0,A2270,,00:12:00,인천공항2터미널,서울역
33657,공항철도,,공덕,DAY,DOWN,0,A2270,,00:15:00,인천공항2터미널,서울역
33658,공항철도,,인천공항2터미널,SAT,DOWN,0,A2270,,22:13:00,인천공항2터미널,서울역
33659,공항철도,,인천공항2터미널,END,DOWN,0,A2270,,22:13:00,인천공항2터미널,서울역
33660,공항철도,,인천공항1터미널,SAT,DOWN,0,A2270,,22:20:00,인천공항2터미널,서울역
33661,공항철도,,인천공항1터미널,END,DOWN,0,A2270,,22:20:00,인천공항2터미널,서울역
33662,공항철도,,공항화물청사,SAT,DOWN,0,A2270,,22:23:00,인천공항2터미널,서울역
33663,공항철도,,공항화물청사,END,DOWN,0,A2270,,22:23:00,인천공항2터미널,서울역
33664,공항철도,,운서,SAT,DOWN,0,A2270,,22:28:00,인천공항2터미널,서울역
33665,공항철도,,운서,END,DOWN,0,A2270,,22:28:00,인천공항2터미널,서울역
33666,공항철도,,영종,SAT,DOWN,0,A2270,,22:32:00,인천공항2터미널,서울역
33667,공항철도,,영종,END,DOWN,0,A2270,,22:32:00,인천공항2터미널,서울역
33668,공항철도,,청라국제도시,SAT,DOWN,0,A2270,,22:40:00,인천공항2터미널,서울역
33669,공항철도,,청라국제도시,END,DOWN,0,A2270,,22:40:00,인천공항2터미널,서울역
33670,공항철도,,검암,SAT,DOWN,0,A2270,,22:45:00,인천공항2터미널,서울역
33671,공항철도,,검암,END,DOWN,0,A2270,,22:45:00,인천공항2터미널,서울역
33672,공항철도,,계양,SAT,DOWN,0,A2270,,22:51:00,인천공항2터미널,서울역
33673,공항철도,,계양,END,DOWN,0,A2270,,22:51:00,인천공항2터미널,서울역
33674,공항철도,,김포공항,SAT,DOWN,0,A2270,,22:58:00,인천공항2터미널,서울역
33675,공항철도,,김포공항,END,DOWN,0,A2270,,22:58:00,인천공항2터미널,서울역
33676,공항철도,,마곡나루,SAT,DOWN,0,A2270,,23:01:00,인천공항2터미널,서울역
33677,공항철도,,마곡나루,END,DOWN,0,A2270,,23:01:00,인천공항2터미널,서울역
33678,공항철도,,디지털미디어시티,SAT,DOWN,0,A2270,,23:08:00,인천공항2터미널,서울역
33679,공항철도,,디지털미디어시티,END,DOWN,0,A2270,,23:08:00,인천공항2터미널,서울역
33680,공항철도,,홍대입구,SAT,DOWN,0,A2270,,23:12:00,인천공항2터미널,서울역
33681,공항철도,,홍대입구,END,DOWN,0,A2270,,23:12:00,인천공항2터미널,서울역
33682,공항철도,,공덕,SAT,DOWN,0,A2270,,23:16:00,인천공항2터미널,서울역
33683,공항철도,,공덕,END,DOWN,0,A2270,,23:16:00,인천공항2터미널,서울역
33684,공항철도,,서울역,SAT,DOWN,0,A2271,,23:01:00,서울역,인천공항2터미널
33685,공항철도,,서울역,END,DOWN,0,A2271,,23:01:00,서울역,인천공항2터미널
33686,공항철도,,공덕,SAT,DOWN,0,A2271,,23:06:00,서울역,인천공항2터미널
33687,공항철도,,공덕,END,DOWN,0,A2271,,23:06:00,서울역,인천공항2터미널
33688,공항철도,,홍대입구,SAT,DOWN,0,A2271,,23:09:00,서울역,인천공항2터미널
33689,공항철도,,홍대입구,END,DOWN,0,A2271,,23:09:00,서울역,인천공항2터미널
33690,공항철도,,디지털미디어시티,SAT,DOWN,0,A2271,,23:13:00,서울역,인천공항2터미널
33691,공항철도,,디지털미디어시티,END,DOWN,0,A2271,,23:13:00,서울역,인천공항2터미널
33692,공항철도,,마곡나루,SAT,DOWN,0,A2271,,23:21:00,서울역,인천공항2터미널
33693,공항철도,,마곡나루,END,DOWN,0,A2271,,23:21:00,서울역,인천공항2터미널
33694,공항철도,,김포공항,SAT,DOWN,0,A2271,,23:24:00,서울역,인천공항2터미널
33695,공항철도,,김포공항,END,DOWN,0,A2271,,23:24:00,서울역,인천공항2터미널
33696,공항철도,,계양,SAT,DOWN,0,A2271,,23:30:00,서울역,인천공항2터미널
33697,공항철도,,계양,END,DOWN,0,A2271,,23:30:00,서울역,인천공항2터미널
33698,공항철도,,검암,SAT,DOWN,0,A2271,,23:36:00,서울역,인천공항2터미널
33699,공항철도,,검암,END,DOWN,0,A2271,,23:36:00,서울역,인천공항2터미널
33700,공항철도,,청라국제도시,SAT,DOWN,0,A2271,,23:41:00,서울역,인천공항2터미널
33701,공항철도,,청라국제도시,END,DOWN,0,A2271,,23:41:00,서울역,인천공항2터미널
33702,공항철도,,영종,SAT,DOWN,0,A2271,,23:50:00,서울역,인천공항2터미널
33703,공항철도,,영종,END,DOWN,0,A2271,,23:50:00,서울역,인천공항2터미널
33704,공항철도,,운서,SAT,DOWN,0,A2271,,23:54:00,서울역,인천공항2터미널
33705,공항철도,,운서,END,DOWN,0,A2271,,23:54:00,서울역,인천공항2터미널
33706,공항철도,,공항화물청사,SAT,DOWN,0,A2271,,23:58:00,서울역,인천공항2터미널
33707,공항철도,,공항화물청사,END,DOWN,0,A2271,,23:58:00,서울역,인천공항2터미널
33708,공항철도,,인천공항1터미널,SAT,DOWN,0,A2271,,00:02:00,서울역,인천공항2터미널
33709,공항철도,,인천공항1터미널,END,DOWN,0,A2271,,00:02:00,서울역,인천공항2터미널
33710,공항철도,,인천공항2터미널,DAY,DOWN,0,A2272,,23:32:00,인천공항2터미널,서울역
33711,공항철도,,인천공항1터미널,DAY,DOWN,0,A2272,,23:38:00,인천공항2터미널,서울역
33712,공항철도,,공항화물청사,DAY,DOWN,0,A2272,,23:42:00,인천공항2터미널,서울역
33713,공항철도,,운서,DAY,DOWN,0,A2272,,23:46:00,인천공항2터미널,서울역
33714,공항철도,,영종,DAY,DOWN,0,A2272,,23:50:00,인천공항2터미널,서울역
33715,공항철도,,청라국제도시,DAY,DOWN,0,A2272,,23:59:00,인천공항2터미널,서울역
33716,공항철도,,검암,DAY,DOWN,0,A2272,,00:04:00,인천공항2터미널,서울역
33717,공항철도,,계양,DAY,DOWN,0,A2272,,00:10:00,인천공항2터미널,서울역
33718,공항철도,,김포공항,DAY,DOWN,0,A2272,,00:16:00,인천공항2터미널,서울역
33719,공항철도,,마곡나루,DAY,DOWN,0,A2272,,00:19:00,인천공항2터미널,서울역
33720,공항철도,,디지털미디어시티,DAY,DOWN,0,A2272,,00:27:00,인천공항2터미널,서울역
33721,공항철도,,홍대입구,DAY,DOWN,0,A2272,,00:31:00,인천공항2터미널,서울역
33722,공항철도,,공덕,DAY,DOWN,0,A2272,,00:34:00,인천공항2터미널,서울역
33723,공항철도,,인천공항2터미널,SAT,DOWN,0,A2272,,22:23:00,인천공항2터미널,서울역
33724,공항철도,,인천공항2터미널,END,DOWN,0,A2272,,22:23:00,인천공항2터미널,서울역
33725,공항철도,,인천공항1터미널,SAT,DOWN,0,A2272,,22:29:00,인천공항2터미널,서울역
33726,공항철도,,인천공항1터미널,END,DOWN,0,A2272,,22:29:00,인천공항2터미널,서울역
33727,공항철도,,공항화물청사,SAT,DOWN,0,A2272,,22:33:00,인천공항2터미널,서울역
33728,공항철도,,공항화물청사,END,DOWN,0,A2272,,22:33:00,인천공항2터미널,서울역
33729,공항철도,,운서,SAT,DOWN,0,A2272,,22:37:00,인천공항2터미널,서울역
33730,공항철도,,운서,END,DOWN,0,A2272,,22:37:00,인천공항2터미널,서울역
33731,공항철도,,영종,SAT,DOWN,0,A2272,,22:41:00,인천공항2터미널,서울역
33732,공항철도,,영종,END,DOWN,0,A2272,,22:41:00,인천공항2터미널,서울역
33733,공항철도,,청라국제도시,SAT,DOWN,0,A2272,,22:50:00,인천공항2터미널,서울역
33734,공항철도,,청라국제도시,END,DOWN,0,A2272,,22:50:00,인천공항2터미널,서울역
33735,공항철도,,검암,SAT,DOWN,0,A2272,,22:55:00,인천공항2터미널,서울역
33736,공항철도,,검암,END,DOWN,0,A2272,,22:55:00,인천공항2터미널,서울역
33737,공항철도,,계양,SAT,DOWN,0,A2272,,23:01:00,인천공항2터미널,서울역
33738,공항철도,,계양,END,DOWN,0,A2272,,23:01:00,인천공항2터미널,서울역
33739,공항철도,,김포공항,SAT,DOWN,0,A2272,,23:07:00,인천공항2터미널,서울역
33740,공항철도,,김포공항,END,DOWN,0,A2272,,23:07:00,인천공항2터미널,서울역
33741,공항철도,,마곡나루,SAT,DOWN,0,A2272,,23:10:00,인천공항2터미널,서울역
33742,공항철도,,마곡나루,END,DOWN,0,A2272,,23:10:00,인천공항2터미널,서울역
33743,공항철도,,디지털미디어시티,SAT,DOWN,0,A2272,,23:18:00,인천공항2터미널,서울역
33744,공항철도,,디지털미디어시티,END,DOWN,0,A2272,,23:18:00,인천공항2터미널,서울역
33745,공항철도,,홍대입구,SAT,DOWN,0,A2272,,23:22:00,인천공항2터미널,서울역
33746,공항철도,,홍대입구,END,DOWN,0,A2272,,23:22:00,인천공항2터미널,서울역
33747,공항철도,,공덕,SAT,DOWN,0,A2272,,23:25:00,인천공항2터미널,서울역
33748,공항철도,,공덕,END,DOWN,0,A2272,,23:25:00,인천공항2터미널,서울역
33749,공항철도,,서울역,SAT,DOWN,0,A2273,,23:10:00,서울역,인천공항2터미널
33750,공항철도,,서울역,END,DOWN,0,A2273,,23:10:00,서울역,인천공항2터미널
33751,공항철도,,공덕,SAT,DOWN,0,A2273,,23:14:00,서울역,인천공항2터미널
33752,공항철도,,공덕,END,DOWN,0,A2273,,23:14:00,서울역,인천공항2터미널
33753,공항철도,,홍대입구,SAT,DOWN,0,A2273,,23:18:00,서울역,인천공항2터미널
33754,공항철도,,홍대입구,END,DOWN,0,A2273,,23:18:00,서울역,인천공항2터미널
33755,공항철도,,디지털미디어시티,SAT,DOWN,0,A2273,,23:22:00,서울역,인천공항2터미널
33756,공항철도,,디지털미디어시티,END,DOWN,0,A2273,,23:22:00,서울역,인천공항2터미널
33757,공항철도,,마곡나루,SAT,DOWN,0,A2273,,23:29:00,서울역,인천공항2터미널
33758,공항철도,,마곡나루,END,DOWN,0,A2273,,23:29:00,서울역,인천공항2터미널
33759,공항철도,,김포공항,SAT,DOWN,0,A2273,,23:32:00,서울역,인천공항2터미널
33760,공항철도,,김포공항,END,DOWN,0,A2273,,23:32:00,서울역,인천공항2터미널
33761,공항철도,,계양,SAT,DOWN,0,A2273,,23:39:00,서울역,인천공항2터미널
33762,공항철도,,계양,END,DOWN,0,A2273,,23:39:00,서울역,인천공항2터미널
33763,공항철도,,검암,SAT,DOWN,0,A2273,,23:45:00,서울역,인천공항2터미널
33764,공항철도,,검암,END,DOWN,0,A2273,,23:45:00,서울역,인천공항2터미널
33765,공항철도,,청라국제도시,SAT,DOWN,0,A2273,,23:50:00,서울역,인천공항2터미널
33766,공항철도,,청라국제도시,END,DOWN,0,A2273,,23:50:00,서울역,인천공항2터미널
33767,공항철도,,영종,SAT,DOWN,0,A2273,,23:58:00,서울역,인천공항2터미널
33768,공항철도,,영종,END,DOWN,0,A2273,,23:58:00,서울역,인천공항2터미널
33769,공항철도,,운서,SAT,DOWN,0,A2273,,00:02:00,서울역,인천공항2터미널
33770,공항철도,,운서,END,DOWN,0,A2273,,00:02:00,서울역,인천공항2터미널
33771,공항철도,,공항화물청사,SAT,DOWN,0,A2273,,00:07:00,서울역,인천공항2터미널
33772,공항철도,,공항화물청사,END,DOWN,0,A2273,,00:07:00,서울역,인천공항2터미널
33773,공항철도,,인천공항1터미널,SAT,DOWN,0,A2273,,00:11:00,서울역,인천공항2터미널
33774,공항철도,,인천공항1터미널,END,DOWN,0,A2273,,00:11:00,서울역,인천공항2터미널
33775,공항철도,,인천공항2터미널,SAT,DOWN,0,A2274,,22:33:00,인천공항2터미널,서울역
33776,공항철도,,인천공항2터미널,END,DOWN,0,A2274,,22:33:00,인천공항2터미널,서울역
33777,공항철도,,인천공항1터미널,SAT,DOWN,0,A2274,,22:40:00,인천공항2터미널,서울역
33778,공항철도,,인천공항1터미널,END,DOWN,0,A2274,,22:40:00,인천공항2터미널,서울역
33779,공항철도,,공항화물청사,SAT,DOWN,0,A2274,,22:43:00,인천공항2터미널,서울역
33780,공항철도,,공항화물청사,END,DOWN,0,A2274,,22:43:00,인천공항2터미널,서울역
33781,공항철도,,운서,SAT,DOWN,0,A2274,,22:48:00,인천공항2터미널,서울역
33782,공항철도,,운서,END,DOWN,0,A2274,,22:48:00,인천공항2터미널,서울역
33783,공항철도,,영종,SAT,DOWN,0,A2274,,22:52:00,인천공항2터미널,서울역
33784,공항철도,,영종,END,DOWN,0,A2274,,22:52:00,인천공항2터미널,서울역
33785,공항철도,,청라국제도시,SAT,DOWN,0,A2274,,23:00:00,인천공항2터미널,서울역
33786,공항철도,,청라국제도시,END,DOWN,0,A2274,,23:00:00,인천공항2터미널,서울역
33787,공항철도,,검암,SAT,DOWN,0,A2274,,23:07:00,인천공항2터미널,서울역
33788,공항철도,,검암,END,DOWN,0,A2274,,23:07:00,인천공항2터미널,서울역
33789,공항철도,,계양,SAT,DOWN,0,A2274,,23:13:00,인천공항2터미널,서울역
33790,공항철도,,계양,END,DOWN,0,A2274,,23:13:00,인천공항2터미널,서울역
33791,공항철도,,김포공항,SAT,DOWN,0,A2274,,23:19:00,인천공항2터미널,서울역
33792,공항철도,,김포공항,END,DOWN,0,A2274,,23:19:00,인천공항2터미널,서울역
33793,공항철도,,마곡나루,SAT,DOWN,0,A2274,,23:22:00,인천공항2터미널,서울역
33794,공항철도,,마곡나루,END,DOWN,0,A2274,,23:22:00,인천공항2터미널,서울역
33795,공항철도,,디지털미디어시티,SAT,DOWN,0,A2274,,23:30:00,인천공항2터미널,서울역
33796,공항철도,,디지털미디어시티,END,DOWN,0,A2274,,23:30:00,인천공항2터미널,서울역
33797,공항철도,,홍대입구,SAT,DOWN,0,A2274,,23:34:00,인천공항2터미널,서울역
33798,공항철도,,홍대입구,END,DOWN,0,A2274,,23:34:00,인천공항2터미널,서울역
33799,공항철도,,공덕,SAT,DOWN,0,A2274,,23:37:00,인천공항2터미널,서울역
33800,공항철도,,공덕,END,DOWN,0,A2274,,23:37:00,인천공항2터미널,서울역
33801,공항철도,,서울역,SAT,DOWN,0,A2275,,23:26:00,서울역,인천공항2터미널
33802,공항철도,,서울역,END,DOWN,0,A2275,,23:26:00,서울역,인천공항2터미널
33803,공항철도,,공덕,SAT,DOWN,0,A2275,,23:30:00,서울역,인천공항2터미널
33804,공항철도,,공덕,END,DOWN,0,A2275,,23:30:00,서울역,인천공항2터미널
33805,공항철도,,홍대입구,SAT,DOWN,0,A2275,,23:34:00,서울역,인천공항2터미널
33806,공항철도,,홍대입구,END,DOWN,0,A2275,,23:34:00,서울역,인천공항2터미널
33807,공항철도,,디지털미디어시티,SAT,DOWN,0,A2275,,23:38:00,서울역,인천공항2터미널
33808,공항철도,,디지털미디어시티,END,DOWN,0,A2275,,23:38:00,서울역,인천공항2터미널
33809,공항철도,,마곡나루,SAT,DOWN,0,A2275,,23:45:00,서울역,인천공항2터미널
33810,공항철도,,마곡나루,END,DOWN,0,A2275,,23:45:00,서울역,인천공항2터미널
33811,공항철도,,김포공항,SAT,DOWN,0,A2275,,23:48:00,서울역,인천공항2터미널
33812,공항철도,,김포공항,END,DOWN,0,A2275,,23:48:00,서울역,인천공항2터미널
33813,공항철도,,계양,SAT,DOWN,0,A2275,,23:55:00,서울역,인천공항2터미널
33814,공항철도,,계양,END,DOWN,0,A2275,,23:55:00,서울역,인천공항2터미널
33815,공항철도,,검암,SAT,DOWN,0,A2275,,00:01:00,서울역,인천공항2터미널
33816,공항철도,,검암,END,DOWN,0,A2275,,00:01:00,서울역,인천공항2터미널
33817,공항철도,,청라국제도시,SAT,DOWN,0,A2275,,00:06:00,서울역,인천공항2터미널
33818,공항철도,,청라국제도시,END,DOWN,0,A2275,,00:06:00,서울역,인천공항2터미널
33819,공항철도,,영종,SAT,DOWN,0,A2275,,00:14:00,서울역,인천공항2터미널
33820,공항철도,,영종,END,DOWN,0,A2275,,00:14:00,서울역,인천공항2터미널
33821,공항철도,,운서,SAT,DOWN,0,A2275,,00:18:00,서울역,인천공항2터미널
33822,공항철도,,운서,END,DOWN,0,A2275,,00:18:00,서울역,인천공항2터미널
33823,공항철도,,공항화물청사,SAT,DOWN,0,A2275,,00:23:00,서울역,인천공항2터미널
33824,공항철도,,공항화물청사,END,DOWN,0,A2275,,00:23:00,서울역,인천공항2터미널
33825,공항철도,,인천공항1터미널,SAT,DOWN,0,A2275,,00:27:00,서울역,인천공항2터미널
33826,공항철도,,인천공항1터미널,END,DOWN,0,A2275,,00:27:00,서울역,인천공항2터미널
33827,공항철도,,인천공항2터미널,SAT,DOWN,0,A2276,,22:45:00,인천공항2터미널,서울역
33828,공항철도,,인천공항2터미널,END,DOWN,0,A2276,,22:45:00,인천공항2터미널,서울역
33829,공항철도,,인천공항1터미널,SAT,DOWN,0,A2276,,22:51:00,인천공항2터미널,서울역
33830,공항철도,,인천공항1터미널,END,DOWN,0,A2276,,22:51:00,인천공항2터미널,서울역
33831,공항철도,,공항화물청사,SAT,DOWN,0,A2276,,22:55:00,인천공항2터미널,서울역
33832,공항철도,,공항화물청사,END,DOWN,0,A2276,,22:55:00,인천공항2터미널,서울역
33833,공항철도,,운서,SAT,DOWN,0,A2276,,22:59:00,인천공항2터미널,서울역
33834,공항철도,,운서,END,DOWN,0,A2276,,22:59:00,인천공항2터미널,서울역
33835,공항철도,,영종,SAT,DOWN,0,A2276,,23:03:00,인천공항2터미널,서울역
33836,공항철도,,영종,END,DOWN,0,A2276,,23:03:00,인천공항2터미널,서울역
33837,공항철도,,청라국제도시,SAT,DOWN,0,A2276,,23:12:00,인천공항2터미널,서울역
33838,공항철도,,청라국제도시,END,DOWN,0,A2276,,23:12:00,인천공항2터미널,서울역
33839,공항철도,,검암,SAT,DOWN,0,A2276,,23:17:00,인천공항2터미널,서울역
33840,공항철도,,검암,END,DOWN,0,A2276,,23:17:00,인천공항2터미널,서울역
33841,공항철도,,계양,SAT,DOWN,0,A2276,,23:23:00,인천공항2터미널,서울역
33842,공항철도,,계양,END,DOWN,0,A2276,,23:23:00,인천공항2터미널,서울역
33843,공항철도,,김포공항,SAT,DOWN,0,A2276,,23:29:00,인천공항2터미널,서울역
33844,공항철도,,김포공항,END,DOWN,0,A2276,,23:29:00,인천공항2터미널,서울역
33845,공항철도,,마곡나루,SAT,DOWN,0,A2276,,23:32:00,인천공항2터미널,서울역
33846,공항철도,,마곡나루,END,DOWN,0,A2276,,23:32:00,인천공항2터미널,서울역
33847,공항철도,,디지털미디어시티,SAT,DOWN,0,A2276,,23:40:00,인천공항2터미널,서울역
33848,공항철도,,디지털미디어시티,END,DOWN,0,A2276,,23:40:00,인천공항2터미널,서울역
33849,공항철도,,홍대입구,SAT,DOWN,0,A2276,,23:44:00,인천공항2터미널,서울역
33850,공항철도,,홍대입구,END,DOWN,0,A2276,,23:44:00,인천공항2터미널,서울역
33851,공항철도,,공덕,SAT,DOWN,0,A2276,,23:47:00,인천공항2터미널,서울역
33852,공항철도,,공덕,END,DOWN,0,A2276,,23:47:00,인천공항2터미널,서울역
33853,공항철도,,서울역,SAT,DOWN,0,A2277,,23:40:00,서울역,인천공항2터미널
33854,공항철도,,서울역,END,DOWN,0,A2277,,23:40:00,서울역,인천공항2터미널
33855,공항철도,,공덕,SAT,DOWN,0,A2277,,23:44:00,서울역,인천공항2터미널
33856,공항철도,,공덕,END,DOWN,0,A2277,,23:44:00,서울역,인천공항2터미널
33857,공항철도,,홍대입구,SAT,DOWN,0,A2277,,23:48:00,서울역,인천공항2터미널
33858,공항철도,,홍대입구,END,DOWN,0,A2277,,23:48:00,서울역,인천공항2터미널
33859,공항철도,,디지털미디어시티,SAT,DOWN,0,A2277,,23:52:00,서울역,인천공항2터미널
33860,공항철도,,디지털미디어시티,END,DOWN,0,A2277,,23:52:00,서울역,인천공항2터미널
33861,공항철도,,마곡나루,SAT,DOWN,0,A2277,,23:59:00,서울역,인천공항2터미널
33862,공항철도,,마곡나루,END,DOWN,0,A2277,,23:59:00,서울역,인천공항2터미널
33863,공항철도,,김포공항,SAT,DOWN,0,A2277,,00:02:00,서울역,인천공항2터미널
33864,공항철도,,김포공항,END,DOWN,0,A2277,,00:02:00,서울역,인천공항2터미널
33865,공항철도,,계양,SAT,DOWN,0,A2277,,00:09:00,서울역,인천공항2터미널
33866,공항철도,,계양,END,DOWN,0,A2277,,00:09:00,서울역,인천공항2터미널
33867,공항철도,,검암,SAT,DOWN,0,A2277,,00:15:00,서울역,인천공항2터미널
33868,공항철도,,검암,END,DOWN,0,A2277,,00:15:00,서울역,인천공항2터미널
33869,공항철도,,청라국제도시,SAT,DOWN,0,A2277,,00:20:00,서울역,인천공항2터미널
33870,공항철도,,청라국제도시,END,DOWN,0,A2277,,00:20:00,서울역,인천공항2터미널
33871,공항철도,,영종,SAT,DOWN,0,A2277,,00:28:00,서울역,인천공항2터미널
33872,공항철도,,영종,END,DOWN,0,A2277,,00:28:00,서울역,인천공항2터미널
33873,공항철도,,운서,SAT,DOWN,0,A2277,,00:32:00,서울역,인천공항2터미널
33874,공항철도,,운서,END,DOWN,0,A2277,,00:32:00,서울역,인천공항2터미널
33875,공항철도,,공항화물청사,SAT,DOWN,0,A2277,,00:37:00,서울역,인천공항2터미널
33876,공항철도,,공항화물청사,END,DOWN,0,A2277,,00:37:00,서울역,인천공항2터미널
33877,공항철도,,인천공항1터미널,SAT,DOWN,0,A2277,,00:41:00,서울역,인천공항2터미널
33878,공항철도,,인천공항1터미널,END,DOWN,0,A2277,,00:41:00,서울역,인천공항2터미널
33879,공항철도,,인천공항2터미널,SAT,DOWN,0,A2278,,22:57:00,인천공항2터미널,서울역
33880,공항철도,,인천공항2터미널,END,DOWN,0,A2278,,22:57:00,인천공항2터미널,서울역
33881,공항철도,,인천공항1터미널,SAT,DOWN,0,A2278,,23:03:00,인천공항2터미널,서울역
33882,공항철도,,인천공항1터미널,END,DOWN,0,A2278,,23:03:00,인천공항2터미널,서울역
33883,공항철도,,공항화물청사,SAT,DOWN,0,A2278,,23:07:00,인천공항2터미널,서울역
33884,공항철도,,공항화물청사,END,DOWN,0,A2278,,23:07:00,인천공항2터미널,서울역
33885,공항철도,,운서,SAT,DOWN,0,A2278,,23:11:00,인천공항2터미널,서울역
33886,공항철도,,운서,END,DOWN,0,A2278,,23:11:00,인천공항2터미널,서울역
33887,공항철도,,영종,SAT,DOWN,0,A2278,,23:15:00,인천공항2터미널,서울역
33888,공항철도,,영종,END,DOWN,0,A2278,,23:15:00,인천공항2터미널,서울역
33889,공항철도,,청라국제도시,SAT,DOWN,0,A2278,,23:24:00,인천공항2터미널,서울역
33890,공항철도,,청라국제도시,END,DOWN,0,A2278,,23:24:00,인천공항2터미널,서울역
33891,공항철도,,검암,SAT,DOWN,0,A2278,,23:29:00,인천공항2터미널,서울역
33892,공항철도,,검암,END,DOWN,0,A2278,,23:29:00,인천공항2터미널,서울역
33893,공항철도,,계양,SAT,DOWN,0,A2278,,23:35:00,인천공항2터미널,서울역
33894,공항철도,,계양,END,DOWN,0,A2278,,23:35:00,인천공항2터미널,서울역
33895,공항철도,,김포공항,SAT,DOWN,0,A2278,,23:41:00,인천공항2터미널,서울역
33896,공항철도,,김포공항,END,DOWN,0,A2278,,23:41:00,인천공항2터미널,서울역
33897,공항철도,,마곡나루,SAT,DOWN,0,A2278,,23:44:00,인천공항2터미널,서울역
33898,공항철도,,마곡나루,END,DOWN,0,A2278,,23:44:00,인천공항2터미널,서울역
33899,공항철도,,디지털미디어시티,SAT,DOWN,0,A2278,,23:52:00,인천공항2터미널,서울역
33900,공항철도,,디지털미디어시티,END,DOWN,0,A2278,,23:52:00,인천공항2터미널,서울역
33901,공항철도,,홍대입구,SAT,DOWN,0,A2278,,23:56:00,인천공항2터미널,서울역
33902,공항철도,,홍대입구,END,DOWN,0,A2278,,23:56:00,인천공항2터미널,서울역
33903,공항철도,,공덕,SAT,DOWN,0,A2278,,23:59:00,인천공항2터미널,서울역
33904,공항철도,,공덕,END,DOWN,0,A2278,,23:59:00,인천공항2터미널,서울역
33905,공항철도,,인천공항2터미널,SAT,DOWN,0,A2280,,23:13:00,인천공항2터미널,서울역
33906,공항철도,,인천공항2터미널,END,DOWN,0,A2280,,23:13:00,인천공항2터미널,서울역
33907,공항철도,,인천공항1터미널,SAT,DOWN,0,A2280,,23:19:00,인천공항2터미널,서울역
33908,공항철도,,인천공항1터미널,END,DOWN,0,A2280,,23:19:00,인천공항2터미널,서울역
33909,공항철도,,공항화물청사,SAT,DOWN,0,A2280,,23:23:00,인천공항2터미널,서울역
33910,공항철도,,공항화물청사,END,DOWN,0,A2280,,23:23:00,인천공항2터미널,서울역
33911,공항철도,,운서,SAT,DOWN,0,A2280,,23:27:00,인천공항2터미널,서울역
33912,공항철도,,운서,END,DOWN,0,A2280,,23:27:00,인천공항2터미널,서울역
33913,공항철도,,영종,SAT,DOWN,0,A2280,,23:31:00,인천공항2터미널,서울역
33914,공항철도,,영종,END,DOWN,0,A2280,,23:31:00,인천공항2터미널,서울역
33915,공항철도,,청라국제도시,SAT,DOWN,0,A2280,,23:40:00,인천공항2터미널,서울역
33916,공항철도,,청라국제도시,END,DOWN,0,A2280,,23:40:00,인천공항2터미널,서울역
33917,공항철도,,검암,SAT,DOWN,0,A2280,,23:45:00,인천공항2터미널,서울역
33918,공항철도,,검암,END,DOWN,0,A2280,,23:45:00,인천공항2터미널,서울역
33919,공항철도,,계양,SAT,DOWN,0,A2280,,23:51:00,인천공항2터미널,서울역
33920,공항철도,,계양,END,DOWN,0,A2280,,23:51:00,인천공항2터미널,서울역
33921,공항철도,,김포공항,SAT,DOWN,0,A2280,,23:57:00,인천공항2터미널,서울역
33922,공항철도,,김포공항,END,DOWN,0,A2280,,23:57:00,인천공항2터미널,서울역
33923,공항철도,,마곡나루,SAT,DOWN,0,A2280,,00:00:00,인천공항2터미널,서울역
33924,공항철도,,마곡나루,END,DOWN,0,A2280,,00:00:00,인천공항2터미널,서울역
33925,공항철도,,디지털미디어시티,SAT,DOWN,0,A2280,,00:08:00,인천공항2터미널,서울역
33926,공항철도,,디지털미디어시티,END,DOWN,0,A2280,,00:08:00,인천공항2터미널,서울역
33927,공항철도,,홍대입구,SAT,DOWN,0,A2280,,00:12:00,인천공항2터미널,서울역
33928,공항철도,,홍대입구,END,DOWN,0,A2280,,00:12:00,인천공항2터미널,서울역
33929,공항철도,,공덕,SAT,DOWN,0,A2280,,00:15:00,인천공항2터미널,서울역
33930,공항철도,,공덕,END,DOWN,0,A2280,,00:15:00,인천공항2터미널,서울역
33931,공항철도,,인천공항2터미널,SAT,DOWN,0,A2282,,23:32:00,인천공항2터미널,서울역
33932,공항철도,,인천공항2터미널,END,DOWN,0,A2282,,23:32:00,인천공항2터미널,서울역
33933,공항철도,,인천공항1터미널,SAT,DOWN,0,A2282,,23:38:00,인천공항2터미널,서울역
33934,공항철도,,인천공항1터미널,END,DOWN,0,A2282,,23:38:00,인천공항2터미널,서울역
33935,공항철도,,공항화물청사,SAT,DOWN,0,A2282,,23:42:00,인천공항2터미널,서울역
33936,공항철도,,공항화물청사,END,DOWN,0,A2282,,23:42:00,인천공항2터미널,서울역
33937,공항철도,,운서,SAT,DOWN,0,A2282,,23:46:00,인천공항2터미널,서울역
33938,공항철도,,운서,END,DOWN,0,A2282,,23:46:00,인천공항2터미널,서울역
33939,공항철도,,영종,SAT,DOWN,0,A2282,,23:50:00,인천공항2터미널,서울역
33940,공항철도,,영종,END,DOWN,0,A2282,,23:50:00,인천공항2터미널,서울역
33941,공항철도,,청라국제도시,SAT,DOWN,0,A2282,,23:59:00,인천공항2터미널,서울역
33942,공항철도,,청라국제도시,END,DOWN,0,A2282,,23:59:00,인천공항2터미널,서울역
33943,공항철도,,검암,SAT,DOWN,0,A2282,,00:04:00,인천공항2터미널,서울역
33944,공항철도,,검암,END,DOWN,0,A2282,,00:04:00,인천공항2터미널,서울역
33945,공항철도,,계양,SAT,DOWN,0,A2282,,00:10:00,인천공항2터미널,서울역
33946,공항철도,,계양,END,DOWN,0,A2282,,00:10:00,인천공항2터미널,서울역
33947,공항철도,,김포공항,SAT,DOWN,0,A2282,,00:16:00,인천공항2터미널,서울역
33948,공항철도,,김포공항,END,DOWN,0,A2282,,00:16:00,인천공항2터미널,서울역
33949,공항철도,,마곡나루,SAT,DOWN,0,A2282,,00:19:00,인천공항2터미널,서울역
33950,공항철도,,마곡나루,END,DOWN,0,A2282,,00:19:00,인천공항2터미널,서울역
33951,공항철도,,디지털미디어시티,SAT,DOWN,0,A2282,,00:27:00,인천공항2터미널,서울역
33952,공항철도,,디지털미디어시티,END,DOWN,0,A2282,,00:27:00,인천공항2터미널,서울역
33953,공항철도,,홍대입구,SAT,DOWN,0,A2282,,00:31:00,인천공항2터미널,서울역
33954,공항철도,,홍대입구,END,DOWN,0,A2282,,00:31:00,인천공항2터미널,서울역
33955,공항철도,,공덕,SAT,DOWN,0,A2282,,00:34:00,인천공항2터미널,서울역
33956,공항철도,,공덕,END,DOWN,0,A2282,,00:34:00,인천공항2터미널,서울역
33957,공항철도,,인천공항2터미널,DAY,DOWN,0,A2352,,23:50:00,인천공항2터미널,디지털미디어시티
33958,공항철도,,인천공항1터미널,DAY,DOWN,0,A2352,,23:56:00,인천공항2터미널,디지털미디어시티
33959,공항철도,,공항화물청사,DAY,DOWN,0,A2352,,00:00:00,인천공항2터미널,디지털미디어시티
33960,공항철도,,운서,DAY,DOWN,0,A2352,,00:04:00,인천공항2터미널,디지털미디어시티
33961,공항철도,,영종,DAY,DOWN,0,A2352,,00:08:00,인천공항2터미널,디지털미디어시티
33962,공항철도,,청라국제도시,DAY,DOWN,0,A2352,,00:17:00,인천공항2터미널,디지털미디어시티
33963,공항철도,,검암,DAY,DOWN,0,A2352,,00:22:00,인천공항2터미널,디지털미디어시티
33964,공항철도,,계양,DAY,DOWN,0,A2352,,00:28:00,인천공항2터미널,디지털미디어시티
33965,공항철도,,김포공항,DAY,DOWN,0,A2352,,00:34:00,인천공항2터미널,디지털미디어시티
33966,공항철도,,마곡나루,DAY,DOWN,0,A2352,,00:37:00,인천공항2터미널,디지털미디어시티
33967,공항철도,,인천공항2터미널,SAT,DOWN,0,A2352,,23:50:00,인천공항2터미널,디지털미디어시티
33968,공항철도,,인천공항2터미널,END,DOWN,0,A2352,,23:50:00,인천공항2터미널,디지털미디어시티
33969,공항철도,,인천공항1터미널,SAT,DOWN,0,A2352,,23:56:00,인천공항2터미널,디지털미디어시티
33970,공항철도,,인천공항1터미널,END,DOWN,0,A2352,,23:56:00,인천공항2터미널,디지털미디어시티
33971,공항철도,,공항화물청사,SAT,DOWN,0,A2352,,00:00:00,인천공항2터미널,디지털미디어시티
33972,공항철도,,공항화물청사,END,DOWN,0,A2352,,00:00:00,인천공항2터미널,디지털미디어시티
33973,공항철도,,운서,SAT,DOWN,0,A2352,,00:04:00,인천공항2터미널,디지털미디어시티
33974,공항철도,,운서,END,DOWN,0,A2352,,00:04:00,인천공항2터미널,디지털미디어시티
33975,공항철도,,영종,SAT,DOWN,0,A2352,,00:08:00,인천공항2터미널,디지털미디어시티
33976,공항철도,,영종,END,DOWN,0,A2352,,00:08:00,인천공항2터미널,디지털미디어시티
33977,공항철도,,청라국제도시,SAT,DOWN,0,A2352,,00:17:00,인천공항2터미널,디지털미디어시티
33978,공항철도,,청라국제도시,END,DOWN,0,A2352,,00:17:00,인천공항2터미널,디지털미디어시티
33979,공항철도,,검암,SAT,DOWN,0,A2352,,00:22:00,인천공항2터미널,디지털미디어시티
33980,공항철도,,검암,END,DOWN,0,A2352,,00:22:00,인천공항2터미널,디지털미디어시티
33981,공항철도,,계양,SAT,DOWN,0,A2352,,00:28:00,인천공항2터미널,디지털미디어시티
33982,공항철도,,계양,END,DOWN,0,A2352,,00:28:00,인천공항2터미널,디지털미디어시티
33983,공항철도,,김포공항,SAT,DOWN,0,A2352,,00:34:00,인천공항2터미널,디지털미디어시티
33984,공항철도,,김포공항,END,DOWN,0,A2352,,00:34:00,인천공항2터미널,디지털미디어시티
33985,공항철도,,마곡나루,SAT,DOWN,0,A2352,,00:37:00,인천공항2터미널,디지털미디어시티
33986,공항철도,,마곡나루,END,DOWN,0,A2352,,00:37:00,인천공항2터미널,디지털미디어시티
33987,공항철도,,검암,DAY,DOWN,0,A2371,,05:08:00,검암,인천공항2터미널
33988,공항철도,,청라국제도시,DAY,DOWN,0,A2371,,05:13:00,검암,인천공항2터미널
33989,공항철도,,영종,DAY,DOWN,0,A2371,,05:22:00,검암,인천공항2터미널
33990,공항철도,,운서,DAY,DOWN,0,A2371,,05:26:00,검암,인천공항2터미널
33991,공항철도,,공항화물청사,DAY,DOWN,0,A2371,,05:31:00,검암,인천공항2터미널
33992,공항철도,,인천공항1터미널,DAY,DOWN,0,A2371,,05:35:00,검암,인천공항2터미널
33993,공항철도,,검암,SAT,DOWN,0,A2371,,05:08:00,검암,인천공항2터미널
33994,공항철도,,검암,END,DOWN,0,A2371,,05:08:00,검암,인천공항2터미널
33995,공항철도,,청라국제도시,SAT,DOWN,0,A2371,,05:13:00,검암,인천공항2터미널
33996,공항철도,,청라국제도시,END,DOWN,0,A2371,,05:13:00,검암,인천공항2터미널
33997,공항철도,,영종,SAT,DOWN,0,A2371,,05:22:00,검암,인천공항2터미널
33998,공항철도,,영종,END,DOWN,0,A2371,,05:22:00,검암,인천공항2터미널
33999,공항철도,,운서,SAT,DOWN,0,A2371,,05:26:00,검암,인천공항2터미널
34000,공항철도,,운서,END,DOWN,0,A2371,,05:26:00,검암,인천공항2터미널
34001,공항철도,,공항화물청사,SAT,DOWN,0,A2371,,05:31:00,검암,인천공항2터미널
34002,공항철도,,공항화물청사,END,DOWN,0,A2371,,05:31:00,검암,인천공항2터미널
34003,공항철도,,인천공항1터미널,SAT,DOWN,0,A2371,,05:35:00,검암,인천공항2터미널
34004,공항철도,,인천공항1터미널,END,DOWN,0,A2371,,05:35:00,검암,인천공항2터미널
34005,공항철도,,검암,DAY,DOWN,0,A2373,,05:26:00,검암,인천공항2터미널
34006,공항철도,,청라국제도시,DAY,DOWN,0,A2373,,05:31:00,검암,인천공항2터미널
34007,공항철도,,영종,DAY,DOWN,0,A2373,,05:39:00,검암,인천공항2터미널
34008,공항철도,,운서,DAY,DOWN,0,A2373,,05:43:00,검암,인천공항2터미널
34009,공항철도,,공항화물청사,DAY,DOWN,0,A2373,,05:48:00,검암,인천공항2터미널
34010,공항철도,,인천공항1터미널,DAY,DOWN,0,A2373,,05:52:00,검암,인천공항2터미널
34011,공항철도,,검암,SAT,DOWN,0,A2373,,05:26:00,검암,인천공항2터미널
34012,공항철도,,검암,END,DOWN,0,A2373,,05:26:00,검암,인천공항2터미널
34013,공항철도,,청라국제도시,SAT,DOWN,0,A2373,,05:31:00,검암,인천공항2터미널
34014,공항철도,,청라국제도시,END,DOWN,0,A2373,,05:31:00,검암,인천공항2터미널
34015,공항철도,,영종,SAT,DOWN,0,A2373,,05:39:00,검암,인천공항2터미널
34016,공항철도,,영종,END,DOWN,0,A2373,,05:39:00,검암,인천공항2터미널
34017,공항철도,,운서,SAT,DOWN,0,A2373,,05:43:00,검암,인천공항2터미널
34018,공항철도,,운서,END,DOWN,0,A2373,,05:43:00,검암,인천공항2터미널
34019,공항철도,,공항화물청사,SAT,DOWN,0,A2373,,05:48:00,검암,인천공항2터미널
34020,공항철도,,공항화물청사,END,DOWN,0,A2373,,05:48:00,검암,인천공항2터미널
34021,공항철도,,인천공항1터미널,SAT,DOWN,0,A2373,,05:52:00,검암,인천공항2터미널
34022,공항철도,,인천공항1터미널,END,DOWN,0,A2373,,05:52:00,검암,인천공항2터미널
34023,공항철도,,검암,DAY,DOWN,0,A2375,,05:40:00,검암,인천공항2터미널
34024,공항철도,,청라국제도시,DAY,DOWN,0,A2375,,05:45:00,검암,인천공항2터미널
34025,공항철도,,영종,DAY,DOWN,0,A2375,,05:53:00,검암,인천공항2터미널
34026,공항철도,,운서,DAY,DOWN,0,A2375,,05:57:00,검암,인천공항2터미널
34027,공항철도,,공항화물청사,DAY,DOWN,0,A2375,,06:02:00,검암,인천공항2터미널
34028,공항철도,,인천공항1터미널,DAY,DOWN,0,A2375,,06:06:00,검암,인천공항2터미널
34029,공항철도,,검암,SAT,DOWN,0,A2375,,05:40:00,검암,인천공항2터미널
34030,공항철도,,검암,END,DOWN,0,A2375,,05:40:00,검암,인천공항2터미널
34031,공항철도,,청라국제도시,SAT,DOWN,0,A2375,,05:45:00,검암,인천공항2터미널
34032,공항철도,,청라국제도시,END,DOWN,0,A2375,,05:45:00,검암,인천공항2터미널
34033,공항철도,,영종,SAT,DOWN,0,A2375,,05:53:00,검암,인천공항2터미널
34034,공항철도,,영종,END,DOWN,0,A2375,,05:53:00,검암,인천공항2터미널
34035,공항철도,,운서,SAT,DOWN,0,A2375,,05:57:00,검암,인천공항2터미널
34036,공항철도,,운서,END,DOWN,0,A2375,,05:57:00,검암,인천공항2터미널
34037,공항철도,,공항화물청사,SAT,DOWN,0,A2375,,06:02:00,검암,인천공항2터미널
34038,공항철도,,공항화물청사,END,DOWN,0,A2375,,06:02:00,검암,인천공항2터미널
34039,공항철도,,인천공항1터미널,SAT,DOWN,0,A2375,,06:06:00,검암,인천공항2터미널
34040,공항철도,,인천공항1터미널,END,DOWN,0,A2375,,06:06:00,검암,인천공항2터미널
34041,공항철도,,서울역,DAY,DOWN,0,A3001,,06:48:00,서울역,검암
34042,공항철도,,공덕,DAY,DOWN,0,A3001,,06:52:00,서울역,검암
34043,공항철도,,홍대입구,DAY,DOWN,0,A3001,,06:56:00,서울역,검암
34044,공항철도,,디지털미디어시티,DAY,DOWN,0,A3001,,07:00:00,서울역,검암
34045,공항철도,,마곡나루,DAY,DOWN,0,A3001,,07:07:00,서울역,검암
34046,공항철도,,김포공항,DAY,DOWN,0,A3001,,07:10:00,서울역,검암
34047,공항철도,,계양,DAY,DOWN,0,A3001,,07:17:00,서울역,검암
34048,공항철도,,서울역,SAT,DOWN,0,A3001,,07:43:00,서울역,검암
34049,공항철도,,서울역,END,DOWN,0,A3001,,07:43:00,서울역,검암
34050,공항철도,,공덕,SAT,DOWN,0,A3001,,07:48:00,서울역,검암
34051,공항철도,,공덕,END,DOWN,0,A3001,,07:48:00,서울역,검암
34052,공항철도,,홍대입구,SAT,DOWN,0,A3001,,07:51:00,서울역,검암
34053,공항철도,,홍대입구,END,DOWN,0,A3001,,07:51:00,서울역,검암
34054,공항철도,,디지털미디어시티,SAT,DOWN,0,A3001,,07:55:00,서울역,검암
34055,공항철도,,디지털미디어시티,END,DOWN,0,A3001,,07:55:00,서울역,검암
34056,공항철도,,마곡나루,SAT,DOWN,0,A3001,,08:03:00,서울역,검암
34057,공항철도,,마곡나루,END,DOWN,0,A3001,,08:03:00,서울역,검암
34058,공항철도,,김포공항,SAT,DOWN,0,A3001,,08:06:00,서울역,검암
34059,공항철도,,김포공항,END,DOWN,0,A3001,,08:06:00,서울역,검암
34060,공항철도,,계양,SAT,DOWN,0,A3001,,08:12:00,서울역,검암
34061,공항철도,,계양,END,DOWN,0,A3001,,08:12:00,서울역,검암
34062,공항철도,,검암,DAY,DOWN,0,A3002,,05:30:00,검암,서울역
34063,공항철도,,계양,DAY,DOWN,0,A3002,,05:36:00,검암,서울역
34064,공항철도,,김포공항,DAY,DOWN,0,A3002,,05:42:00,검암,서울역
34065,공항철도,,마곡나루,DAY,DOWN,0,A3002,,05:45:00,검암,서울역
34066,공항철도,,디지털미디어시티,DAY,DOWN,0,A3002,,05:53:00,검암,서울역
34067,공항철도,,홍대입구,DAY,DOWN,0,A3002,,05:57:00,검암,서울역
34068,공항철도,,공덕,DAY,DOWN,0,A3002,,06:01:00,검암,서울역
34069,공항철도,,검암,SAT,DOWN,0,A3002,,05:30:00,검암,서울역
34070,공항철도,,검암,END,DOWN,0,A3002,,05:30:00,검암,서울역
34071,공항철도,,계양,SAT,DOWN,0,A3002,,05:36:00,검암,서울역
34072,공항철도,,계양,END,DOWN,0,A3002,,05:36:00,검암,서울역
34073,공항철도,,김포공항,SAT,DOWN,0,A3002,,05:42:00,검암,서울역
34074,공항철도,,김포공항,END,DOWN,0,A3002,,05:42:00,검암,서울역
34075,공항철도,,마곡나루,SAT,DOWN,0,A3002,,05:45:00,검암,서울역
34076,공항철도,,마곡나루,END,DOWN,0,A3002,,05:45:00,검암,서울역
34077,공항철도,,디지털미디어시티,SAT,DOWN,0,A3002,,05:53:00,검암,서울역
34078,공항철도,,디지털미디어시티,END,DOWN,0,A3002,,05:53:00,검암,서울역
34079,공항철도,,홍대입구,SAT,DOWN,0,A3002,,05:57:00,검암,서울역
34080,공항철도,,홍대입구,END,DOWN,0,A3002,,05:57:00,검암,서울역
34081,공항철도,,공덕,SAT,DOWN,0,A3002,,06:01:00,검암,서울역
34082,공항철도,,공덕,END,DOWN,0,A3002,,06:01:00,검암,서울역
34083,공항철도,,서울역,DAY,DOWN,0,A3003,,07:00:00,서울역,검암
34084,공항철도,,공덕,DAY,DOWN,0,A3003,,07:05:00,서울역,검암
34085,공항철도,,홍대입구,DAY,DOWN,0,A3003,,07:08:00,서울역,검암
34086,공항철도,,디지털미디어시티,DAY,DOWN,0,A3003,,07:12:00,서울역,검암
34087,공항철도,,마곡나루,DAY,DOWN,0,A3003,,07:20:00,서울역,검암
34088,공항철도,,김포공항,DAY,DOWN,0,A3003,,07:23:00,서울역,검암
34089,공항철도,,계양,DAY,DOWN,0,A3003,,07:29:00,서울역,검암
34090,공항철도,,서울역,SAT,DOWN,0,A3003,,08:08:00,서울역,검암
34091,공항철도,,서울역,END,DOWN,0,A3003,,08:08:00,서울역,검암
34092,공항철도,,공덕,SAT,DOWN,0,A3003,,08:13:00,서울역,검암
34093,공항철도,,공덕,END,DOWN,0,A3003,,08:13:00,서울역,검암
34094,공항철도,,홍대입구,SAT,DOWN,0,A3003,,08:16:00,서울역,검암
34095,공항철도,,홍대입구,END,DOWN,0,A3003,,08:16:00,서울역,검암
34096,공항철도,,디지털미디어시티,SAT,DOWN,0,A3003,,08:20:00,서울역,검암
34097,공항철도,,디지털미디어시티,END,DOWN,0,A3003,,08:20:00,서울역,검암
34098,공항철도,,마곡나루,SAT,DOWN,0,A3003,,08:28:00,서울역,검암
34099,공항철도,,마곡나루,END,DOWN,0,A3003,,08:28:00,서울역,검암
34100,공항철도,,김포공항,SAT,DOWN,0,A3003,,08:31:00,서울역,검암
34101,공항철도,,김포공항,END,DOWN,0,A3003,,08:31:00,서울역,검암
34102,공항철도,,계양,SAT,DOWN,0,A3003,,08:37:00,서울역,검암
34103,공항철도,,계양,END,DOWN,0,A3003,,08:37:00,서울역,검암
34104,공항철도,,검암,DAY,DOWN,0,A3004,,07:38:00,검암,서울역
34105,공항철도,,계양,DAY,DOWN,0,A3004,,07:44:00,검암,서울역
34106,공항철도,,김포공항,DAY,DOWN,0,A3004,,07:51:00,검암,서울역
34107,공항철도,,마곡나루,DAY,DOWN,0,A3004,,07:54:00,검암,서울역
34108,공항철도,,디지털미디어시티,DAY,DOWN,0,A3004,,08:02:00,검암,서울역
34109,공항철도,,홍대입구,DAY,DOWN,0,A3004,,08:06:00,검암,서울역
34110,공항철도,,공덕,DAY,DOWN,0,A3004,,08:09:00,검암,서울역
34111,공항철도,,검암,SAT,DOWN,0,A3004,,08:25:00,검암,서울역
34112,공항철도,,검암,END,DOWN,0,A3004,,08:25:00,검암,서울역
34113,공항철도,,계양,SAT,DOWN,0,A3004,,08:31:00,검암,서울역
34114,공항철도,,계양,END,DOWN,0,A3004,,08:31:00,검암,서울역
34115,공항철도,,김포공항,SAT,DOWN,0,A3004,,08:37:00,검암,서울역
34116,공항철도,,김포공항,END,DOWN,0,A3004,,08:37:00,검암,서울역
34117,공항철도,,마곡나루,SAT,DOWN,0,A3004,,08:40:00,검암,서울역
34118,공항철도,,마곡나루,END,DOWN,0,A3004,,08:40:00,검암,서울역
34119,공항철도,,디지털미디어시티,SAT,DOWN,0,A3004,,08:48:00,검암,서울역
34120,공항철도,,디지털미디어시티,END,DOWN,0,A3004,,08:48:00,검암,서울역
34121,공항철도,,홍대입구,SAT,DOWN,0,A3004,,08:52:00,검암,서울역
34122,공항철도,,홍대입구,END,DOWN,0,A3004,,08:52:00,검암,서울역
34123,공항철도,,공덕,SAT,DOWN,0,A3004,,08:55:00,검암,서울역
34124,공항철도,,공덕,END,DOWN,0,A3004,,08:55:00,검암,서울역
34125,공항철도,,서울역,DAY,DOWN,0,A3005,,07:09:00,서울역,검암
34126,공항철도,,공덕,DAY,DOWN,0,A3005,,07:14:00,서울역,검암
34127,공항철도,,홍대입구,DAY,DOWN,0,A3005,,07:17:00,서울역,검암
34128,공항철도,,디지털미디어시티,DAY,DOWN,0,A3005,,07:21:00,서울역,검암
34129,공항철도,,마곡나루,DAY,DOWN,0,A3005,,07:29:00,서울역,검암
34130,공항철도,,김포공항,DAY,DOWN,0,A3005,,07:32:00,서울역,검암
34131,공항철도,,계양,DAY,DOWN,0,A3005,,07:38:00,서울역,검암
34132,공항철도,,서울역,SAT,DOWN,0,A3005,,09:14:00,서울역,검암
34133,공항철도,,서울역,END,DOWN,0,A3005,,09:14:00,서울역,검암
34134,공항철도,,공덕,SAT,DOWN,0,A3005,,09:18:00,서울역,검암
34135,공항철도,,공덕,END,DOWN,0,A3005,,09:18:00,서울역,검암
34136,공항철도,,홍대입구,SAT,DOWN,0,A3005,,09:22:00,서울역,검암
34137,공항철도,,홍대입구,END,DOWN,0,A3005,,09:22:00,서울역,검암
34138,공항철도,,디지털미디어시티,SAT,DOWN,0,A3005,,09:26:00,서울역,검암
34139,공항철도,,디지털미디어시티,END,DOWN,0,A3005,,09:26:00,서울역,검암
34140,공항철도,,마곡나루,SAT,DOWN,0,A3005,,09:33:00,서울역,검암
34141,공항철도,,마곡나루,END,DOWN,0,A3005,,09:33:00,서울역,검암
34142,공항철도,,김포공항,SAT,DOWN,0,A3005,,09:36:00,서울역,검암
34143,공항철도,,김포공항,END,DOWN,0,A3005,,09:36:00,서울역,검암
34144,공항철도,,계양,SAT,DOWN,0,A3005,,09:43:00,서울역,검암
34145,공항철도,,계양,END,DOWN,0,A3005,,09:43:00,서울역,검암
34146,공항철도,,검암,DAY,DOWN,0,A3006,,07:45:00,검암,서울역
34147,공항철도,,계양,DAY,DOWN,0,A3006,,07:51:00,검암,서울역
34148,공항철도,,김포공항,DAY,DOWN,0,A3006,,07:58:00,검암,서울역
34149,공항철도,,마곡나루,DAY,DOWN,0,A3006,,08:01:00,검암,서울역
34150,공항철도,,디지털미디어시티,DAY,DOWN,0,A3006,,08:08:00,검암,서울역
34151,공항철도,,홍대입구,DAY,DOWN,0,A3006,,08:12:00,검암,서울역
34152,공항철도,,공덕,DAY,DOWN,0,A3006,,08:16:00,검암,서울역
34153,공항철도,,검암,SAT,DOWN,0,A3006,,08:57:00,검암,서울역
34154,공항철도,,검암,END,DOWN,0,A3006,,08:57:00,검암,서울역
34155,공항철도,,계양,SAT,DOWN,0,A3006,,09:03:00,검암,서울역
34156,공항철도,,계양,END,DOWN,0,A3006,,09:03:00,검암,서울역
34157,공항철도,,김포공항,SAT,DOWN,0,A3006,,09:09:00,검암,서울역
34158,공항철도,,김포공항,END,DOWN,0,A3006,,09:09:00,검암,서울역
34159,공항철도,,마곡나루,SAT,DOWN,0,A3006,,09:12:00,검암,서울역
34160,공항철도,,마곡나루,END,DOWN,0,A3006,,09:12:00,검암,서울역
34161,공항철도,,디지털미디어시티,SAT,DOWN,0,A3006,,09:20:00,검암,서울역
34162,공항철도,,디지털미디어시티,END,DOWN,0,A3006,,09:20:00,검암,서울역
34163,공항철도,,홍대입구,SAT,DOWN,0,A3006,,09:24:00,검암,서울역
34164,공항철도,,홍대입구,END,DOWN,0,A3006,,09:24:00,검암,서울역
34165,공항철도,,공덕,SAT,DOWN,0,A3006,,09:27:00,검암,서울역
34166,공항철도,,공덕,END,DOWN,0,A3006,,09:27:00,검암,서울역
34167,공항철도,,서울역,DAY,DOWN,0,A3007,,07:22:00,서울역,검암
34168,공항철도,,공덕,DAY,DOWN,0,A3007,,07:27:00,서울역,검암
34169,공항철도,,홍대입구,DAY,DOWN,0,A3007,,07:30:00,서울역,검암
34170,공항철도,,디지털미디어시티,DAY,DOWN,0,A3007,,07:34:00,서울역,검암
34171,공항철도,,마곡나루,DAY,DOWN,0,A3007,,07:42:00,서울역,검암
34172,공항철도,,김포공항,DAY,DOWN,0,A3007,,07:45:00,서울역,검암
34173,공항철도,,계양,DAY,DOWN,0,A3007,,07:51:00,서울역,검암
34174,공항철도,,서울역,SAT,DOWN,0,A3007,,09:47:00,서울역,검암
34175,공항철도,,서울역,END,DOWN,0,A3007,,09:47:00,서울역,검암
34176,공항철도,,공덕,SAT,DOWN,0,A3007,,09:52:00,서울역,검암
34177,공항철도,,공덕,END,DOWN,0,A3007,,09:52:00,서울역,검암
34178,공항철도,,홍대입구,SAT,DOWN,0,A3007,,09:55:00,서울역,검암
34179,공항철도,,홍대입구,END,DOWN,0,A3007,,09:55:00,서울역,검암
34180,공항철도,,디지털미디어시티,SAT,DOWN,0,A3007,,09:59:00,서울역,검암
34181,공항철도,,디지털미디어시티,END,DOWN,0,A3007,,09:59:00,서울역,검암
34182,공항철도,,마곡나루,SAT,DOWN,0,A3007,,10:07:00,서울역,검암
34183,공항철도,,마곡나루,END,DOWN,0,A3007,,10:07:00,서울역,검암
34184,공항철도,,김포공항,SAT,DOWN,0,A3007,,10:10:00,서울역,검암
34185,공항철도,,김포공항,END,DOWN,0,A3007,,10:10:00,서울역,검암
34186,공항철도,,계양,SAT,DOWN,0,A3007,,10:16:00,서울역,검암
34187,공항철도,,계양,END,DOWN,0,A3007,,10:16:00,서울역,검암
34188,공항철도,,검암,DAY,DOWN,0,A3008,,07:52:00,검암,서울역
34189,공항철도,,계양,DAY,DOWN,0,A3008,,07:58:00,검암,서울역
34190,공항철도,,김포공항,DAY,DOWN,0,A3008,,08:05:00,검암,서울역
34191,공항철도,,마곡나루,DAY,DOWN,0,A3008,,08:08:00,검암,서울역
34192,공항철도,,디지털미디어시티,DAY,DOWN,0,A3008,,08:15:00,검암,서울역
34193,공항철도,,홍대입구,DAY,DOWN,0,A3008,,08:19:00,검암,서울역
34194,공항철도,,공덕,DAY,DOWN,0,A3008,,08:23:00,검암,서울역
34195,공항철도,,검암,SAT,DOWN,0,A3008,,09:56:00,검암,서울역
34196,공항철도,,검암,END,DOWN,0,A3008,,09:56:00,검암,서울역
34197,공항철도,,계양,SAT,DOWN,0,A3008,,10:02:00,검암,서울역
34198,공항철도,,계양,END,DOWN,0,A3008,,10:02:00,검암,서울역
34199,공항철도,,김포공항,SAT,DOWN,0,A3008,,10:09:00,검암,서울역
34200,공항철도,,김포공항,END,DOWN,0,A3008,,10:09:00,검암,서울역
34201,공항철도,,마곡나루,SAT,DOWN,0,A3008,,10:12:00,검암,서울역
34202,공항철도,,마곡나루,END,DOWN,0,A3008,,10:12:00,검암,서울역
34203,공항철도,,디지털미디어시티,SAT,DOWN,0,A3008,,10:19:00,검암,서울역
34204,공항철도,,디지털미디어시티,END,DOWN,0,A3008,,10:19:00,검암,서울역
34205,공항철도,,홍대입구,SAT,DOWN,0,A3008,,10:23:00,검암,서울역
34206,공항철도,,홍대입구,END,DOWN,0,A3008,,10:23:00,검암,서울역
34207,공항철도,,공덕,SAT,DOWN,0,A3008,,10:27:00,검암,서울역
34208,공항철도,,공덕,END,DOWN,0,A3008,,10:27:00,검암,서울역
34209,공항철도,,서울역,DAY,DOWN,0,A3009,,07:32:00,서울역,검암
34210,공항철도,,공덕,DAY,DOWN,0,A3009,,07:37:00,서울역,검암
34211,공항철도,,홍대입구,DAY,DOWN,0,A3009,,07:40:00,서울역,검암
34212,공항철도,,디지털미디어시티,DAY,DOWN,0,A3009,,07:44:00,서울역,검암
34213,공항철도,,마곡나루,DAY,DOWN,0,A3009,,07:52:00,서울역,검암
34214,공항철도,,김포공항,DAY,DOWN,0,A3009,,07:55:00,서울역,검암
34215,공항철도,,계양,DAY,DOWN,0,A3009,,08:01:00,서울역,검암
34216,공항철도,,서울역,SAT,DOWN,0,A3009,,10:09:00,서울역,검암
34217,공항철도,,서울역,END,DOWN,0,A3009,,10:09:00,서울역,검암
34218,공항철도,,공덕,SAT,DOWN,0,A3009,,10:14:00,서울역,검암
34219,공항철도,,공덕,END,DOWN,0,A3009,,10:14:00,서울역,검암
34220,공항철도,,홍대입구,SAT,DOWN,0,A3009,,10:17:00,서울역,검암
34221,공항철도,,홍대입구,END,DOWN,0,A3009,,10:17:00,서울역,검암
34222,공항철도,,디지털미디어시티,SAT,DOWN,0,A3009,,10:21:00,서울역,검암
34223,공항철도,,디지털미디어시티,END,DOWN,0,A3009,,10:21:00,서울역,검암
34224,공항철도,,마곡나루,SAT,DOWN,0,A3009,,10:29:00,서울역,검암
34225,공항철도,,마곡나루,END,DOWN,0,A3009,,10:29:00,서울역,검암
34226,공항철도,,김포공항,SAT,DOWN,0,A3009,,10:32:00,서울역,검암
34227,공항철도,,김포공항,END,DOWN,0,A3009,,10:32:00,서울역,검암
34228,공항철도,,계양,SAT,DOWN,0,A3009,,10:38:00,서울역,검암
34229,공항철도,,계양,END,DOWN,0,A3009,,10:38:00,서울역,검암
34230,공항철도,,검암,DAY,DOWN,0,A3010,,08:03:00,검암,서울역
34231,공항철도,,계양,DAY,DOWN,0,A3010,,08:09:00,검암,서울역
34232,공항철도,,김포공항,DAY,DOWN,0,A3010,,08:16:00,검암,서울역
34233,공항철도,,마곡나루,DAY,DOWN,0,A3010,,08:19:00,검암,서울역
34234,공항철도,,디지털미디어시티,DAY,DOWN,0,A3010,,08:26:00,검암,서울역
34235,공항철도,,홍대입구,DAY,DOWN,0,A3010,,08:30:00,검암,서울역
34236,공항철도,,공덕,DAY,DOWN,0,A3010,,08:34:00,검암,서울역
34237,공항철도,,검암,SAT,DOWN,0,A3010,,10:29:00,검암,서울역
34238,공항철도,,검암,END,DOWN,0,A3010,,10:29:00,검암,서울역
34239,공항철도,,계양,SAT,DOWN,0,A3010,,10:35:00,검암,서울역
34240,공항철도,,계양,END,DOWN,0,A3010,,10:35:00,검암,서울역
34241,공항철도,,김포공항,SAT,DOWN,0,A3010,,10:42:00,검암,서울역
34242,공항철도,,김포공항,END,DOWN,0,A3010,,10:42:00,검암,서울역
34243,공항철도,,마곡나루,SAT,DOWN,0,A3010,,10:45:00,검암,서울역
34244,공항철도,,마곡나루,END,DOWN,0,A3010,,10:45:00,검암,서울역
34245,공항철도,,디지털미디어시티,SAT,DOWN,0,A3010,,10:54:00,검암,서울역
34246,공항철도,,디지털미디어시티,END,DOWN,0,A3010,,10:54:00,검암,서울역
34247,공항철도,,홍대입구,SAT,DOWN,0,A3010,,10:58:00,검암,서울역
34248,공항철도,,홍대입구,END,DOWN,0,A3010,,10:58:00,검암,서울역
34249,공항철도,,공덕,SAT,DOWN,0,A3010,,11:01:00,검암,서울역
34250,공항철도,,공덕,END,DOWN,0,A3010,,11:01:00,검암,서울역
34251,공항철도,,서울역,DAY,DOWN,0,A3011,,07:43:00,서울역,검암
34252,공항철도,,공덕,DAY,DOWN,0,A3011,,07:47:00,서울역,검암
34253,공항철도,,홍대입구,DAY,DOWN,0,A3011,,07:51:00,서울역,검암
34254,공항철도,,디지털미디어시티,DAY,DOWN,0,A3011,,07:55:00,서울역,검암
34255,공항철도,,마곡나루,DAY,DOWN,0,A3011,,08:02:00,서울역,검암
34256,공항철도,,김포공항,DAY,DOWN,0,A3011,,08:05:00,서울역,검암
34257,공항철도,,계양,DAY,DOWN,0,A3011,,08:12:00,서울역,검암
34258,공항철도,,서울역,SAT,DOWN,0,A3011,,11:10:00,서울역,검암
34259,공항철도,,서울역,END,DOWN,0,A3011,,11:10:00,서울역,검암
34260,공항철도,,공덕,SAT,DOWN,0,A3011,,11:15:00,서울역,검암
34261,공항철도,,공덕,END,DOWN,0,A3011,,11:15:00,서울역,검암
34262,공항철도,,홍대입구,SAT,DOWN,0,A3011,,11:18:00,서울역,검암
34263,공항철도,,홍대입구,END,DOWN,0,A3011,,11:18:00,서울역,검암
34264,공항철도,,디지털미디어시티,SAT,DOWN,0,A3011,,11:22:00,서울역,검암
34265,공항철도,,디지털미디어시티,END,DOWN,0,A3011,,11:22:00,서울역,검암
34266,공항철도,,마곡나루,SAT,DOWN,0,A3011,,11:30:00,서울역,검암
34267,공항철도,,마곡나루,END,DOWN,0,A3011,,11:30:00,서울역,검암
34268,공항철도,,김포공항,SAT,DOWN,0,A3011,,11:33:00,서울역,검암
34269,공항철도,,김포공항,END,DOWN,0,A3011,,11:33:00,서울역,검암
34270,공항철도,,계양,SAT,DOWN,0,A3011,,11:39:00,서울역,검암
34271,공항철도,,계양,END,DOWN,0,A3011,,11:39:00,서울역,검암
34272,공항철도,,검암,DAY,DOWN,0,A3012,,08:16:00,검암,서울역
34273,공항철도,,계양,DAY,DOWN,0,A3012,,08:22:00,검암,서울역
34274,공항철도,,김포공항,DAY,DOWN,0,A3012,,08:29:00,검암,서울역
34275,공항철도,,마곡나루,DAY,DOWN,0,A3012,,08:32:00,검암,서울역
34276,공항철도,,디지털미디어시티,DAY,DOWN,0,A3012,,08:40:00,검암,서울역
34277,공항철도,,홍대입구,DAY,DOWN,0,A3012,,08:44:00,검암,서울역
34278,공항철도,,공덕,DAY,DOWN,0,A3012,,08:47:00,검암,서울역
34279,공항철도,,검암,SAT,DOWN,0,A3012,,10:50:00,검암,서울역
34280,공항철도,,검암,END,DOWN,0,A3012,,10:50:00,검암,서울역
34281,공항철도,,계양,SAT,DOWN,0,A3012,,10:56:00,검암,서울역
34282,공항철도,,계양,END,DOWN,0,A3012,,10:56:00,검암,서울역
34283,공항철도,,김포공항,SAT,DOWN,0,A3012,,11:03:00,검암,서울역
34284,공항철도,,김포공항,END,DOWN,0,A3012,,11:03:00,검암,서울역
34285,공항철도,,마곡나루,SAT,DOWN,0,A3012,,11:06:00,검암,서울역
34286,공항철도,,마곡나루,END,DOWN,0,A3012,,11:06:00,검암,서울역
34287,공항철도,,디지털미디어시티,SAT,DOWN,0,A3012,,11:13:00,검암,서울역
34288,공항철도,,디지털미디어시티,END,DOWN,0,A3012,,11:13:00,검암,서울역
34289,공항철도,,홍대입구,SAT,DOWN,0,A3012,,11:17:00,검암,서울역
34290,공항철도,,홍대입구,END,DOWN,0,A3012,,11:17:00,검암,서울역
34291,공항철도,,공덕,SAT,DOWN,0,A3012,,11:21:00,검암,서울역
34292,공항철도,,공덕,END,DOWN,0,A3012,,11:21:00,검암,서울역
34293,공항철도,,서울역,DAY,DOWN,0,A3013,,07:51:00,서울역,검암
34294,공항철도,,공덕,DAY,DOWN,0,A3013,,07:56:00,서울역,검암
34295,공항철도,,홍대입구,DAY,DOWN,0,A3013,,07:59:00,서울역,검암
34296,공항철도,,디지털미디어시티,DAY,DOWN,0,A3013,,08:03:00,서울역,검암
34297,공항철도,,마곡나루,DAY,DOWN,0,A3013,,08:11:00,서울역,검암
34298,공항철도,,김포공항,DAY,DOWN,0,A3013,,08:14:00,서울역,검암
34299,공항철도,,계양,DAY,DOWN,0,A3013,,08:20:00,서울역,검암
34300,공항철도,,서울역,SAT,DOWN,0,A3013,,12:27:00,서울역,검암
34301,공항철도,,서울역,END,DOWN,0,A3013,,12:27:00,서울역,검암
34302,공항철도,,공덕,SAT,DOWN,0,A3013,,12:31:00,서울역,검암
34303,공항철도,,공덕,END,DOWN,0,A3013,,12:31:00,서울역,검암
34304,공항철도,,홍대입구,SAT,DOWN,0,A3013,,12:35:00,서울역,검암
34305,공항철도,,홍대입구,END,DOWN,0,A3013,,12:35:00,서울역,검암
34306,공항철도,,디지털미디어시티,SAT,DOWN,0,A3013,,12:39:00,서울역,검암
34307,공항철도,,디지털미디어시티,END,DOWN,0,A3013,,12:39:00,서울역,검암
34308,공항철도,,마곡나루,SAT,DOWN,0,A3013,,12:46:00,서울역,검암
34309,공항철도,,마곡나루,END,DOWN,0,A3013,,12:46:00,서울역,검암
34310,공항철도,,김포공항,SAT,DOWN,0,A3013,,12:49:00,서울역,검암
34311,공항철도,,김포공항,END,DOWN,0,A3013,,12:49:00,서울역,검암
34312,공항철도,,계양,SAT,DOWN,0,A3013,,12:56:00,서울역,검암
34313,공항철도,,계양,END,DOWN,0,A3013,,12:56:00,서울역,검암
34314,공항철도,,검암,DAY,DOWN,0,A3014,,08:24:00,검암,서울역
34315,공항철도,,계양,DAY,DOWN,0,A3014,,08:30:00,검암,서울역
34316,공항철도,,김포공항,DAY,DOWN,0,A3014,,08:37:00,검암,서울역
34317,공항철도,,마곡나루,DAY,DOWN,0,A3014,,08:40:00,검암,서울역
34318,공항철도,,디지털미디어시티,DAY,DOWN,0,A3014,,08:48:00,검암,서울역
34319,공항철도,,홍대입구,DAY,DOWN,0,A3014,,08:52:00,검암,서울역
34320,공항철도,,공덕,DAY,DOWN,0,A3014,,08:55:00,검암,서울역
34321,공항철도,,검암,SAT,DOWN,0,A3014,,11:57:00,검암,서울역
34322,공항철도,,검암,END,DOWN,0,A3014,,11:57:00,검암,서울역
34323,공항철도,,계양,SAT,DOWN,0,A3014,,12:03:00,검암,서울역
34324,공항철도,,계양,END,DOWN,0,A3014,,12:03:00,검암,서울역
34325,공항철도,,김포공항,SAT,DOWN,0,A3014,,12:09:00,검암,서울역
34326,공항철도,,김포공항,END,DOWN,0,A3014,,12:09:00,검암,서울역
34327,공항철도,,마곡나루,SAT,DOWN,0,A3014,,12:12:00,검암,서울역
34328,공항철도,,마곡나루,END,DOWN,0,A3014,,12:12:00,검암,서울역
34329,공항철도,,디지털미디어시티,SAT,DOWN,0,A3014,,12:20:00,검암,서울역
34330,공항철도,,디지털미디어시티,END,DOWN,0,A3014,,12:20:00,검암,서울역
34331,공항철도,,홍대입구,SAT,DOWN,0,A3014,,12:24:00,검암,서울역
34332,공항철도,,홍대입구,END,DOWN,0,A3014,,12:24:00,검암,서울역
34333,공항철도,,공덕,SAT,DOWN,0,A3014,,12:27:00,검암,서울역
34334,공항철도,,공덕,END,DOWN,0,A3014,,12:27:00,검암,서울역
34335,공항철도,,서울역,DAY,DOWN,0,A3015,,08:02:00,서울역,검암
34336,공항철도,,공덕,DAY,DOWN,0,A3015,,08:06:00,서울역,검암
34337,공항철도,,홍대입구,DAY,DOWN,0,A3015,,08:10:00,서울역,검암
34338,공항철도,,디지털미디어시티,DAY,DOWN,0,A3015,,08:15:00,서울역,검암
34339,공항철도,,마곡나루,DAY,DOWN,0,A3015,,08:23:00,서울역,검암
34340,공항철도,,김포공항,DAY,DOWN,0,A3015,,08:26:00,서울역,검암
34341,공항철도,,계양,DAY,DOWN,0,A3015,,08:32:00,서울역,검암
34342,공항철도,,서울역,SAT,DOWN,0,A3015,,13:07:00,서울역,검암
34343,공항철도,,서울역,END,DOWN,0,A3015,,13:07:00,서울역,검암
34344,공항철도,,공덕,SAT,DOWN,0,A3015,,13:11:00,서울역,검암
34345,공항철도,,공덕,END,DOWN,0,A3015,,13:11:00,서울역,검암
34346,공항철도,,홍대입구,SAT,DOWN,0,A3015,,13:15:00,서울역,검암
34347,공항철도,,홍대입구,END,DOWN,0,A3015,,13:15:00,서울역,검암
34348,공항철도,,디지털미디어시티,SAT,DOWN,0,A3015,,13:19:00,서울역,검암
34349,공항철도,,디지털미디어시티,END,DOWN,0,A3015,,13:19:00,서울역,검암
34350,공항철도,,마곡나루,SAT,DOWN,0,A3015,,13:26:00,서울역,검암
34351,공항철도,,마곡나루,END,DOWN,0,A3015,,13:26:00,서울역,검암
34352,공항철도,,김포공항,SAT,DOWN,0,A3015,,13:29:00,서울역,검암
34353,공항철도,,김포공항,END,DOWN,0,A3015,,13:29:00,서울역,검암
34354,공항철도,,계양,SAT,DOWN,0,A3015,,13:36:00,서울역,검암
34355,공항철도,,계양,END,DOWN,0,A3015,,13:36:00,서울역,검암
34356,공항철도,,검암,DAY,DOWN,0,A3016,,08:36:00,검암,서울역
34357,공항철도,,계양,DAY,DOWN,0,A3016,,08:42:00,검암,서울역
34358,공항철도,,김포공항,DAY,DOWN,0,A3016,,08:49:00,검암,서울역
34359,공항철도,,마곡나루,DAY,DOWN,0,A3016,,08:52:00,검암,서울역
34360,공항철도,,디지털미디어시티,DAY,DOWN,0,A3016,,09:00:00,검암,서울역
34361,공항철도,,홍대입구,DAY,DOWN,0,A3016,,09:04:00,검암,서울역
34362,공항철도,,공덕,DAY,DOWN,0,A3016,,09:07:00,검암,서울역
34363,공항철도,,검암,SAT,DOWN,0,A3016,,13:11:00,검암,서울역
34364,공항철도,,검암,END,DOWN,0,A3016,,13:11:00,검암,서울역
34365,공항철도,,계양,SAT,DOWN,0,A3016,,13:17:00,검암,서울역
34366,공항철도,,계양,END,DOWN,0,A3016,,13:17:00,검암,서울역
34367,공항철도,,김포공항,SAT,DOWN,0,A3016,,13:24:00,검암,서울역
34368,공항철도,,김포공항,END,DOWN,0,A3016,,13:24:00,검암,서울역
34369,공항철도,,마곡나루,SAT,DOWN,0,A3016,,13:27:00,검암,서울역
34370,공항철도,,마곡나루,END,DOWN,0,A3016,,13:27:00,검암,서울역
34371,공항철도,,디지털미디어시티,SAT,DOWN,0,A3016,,13:34:00,검암,서울역
34372,공항철도,,디지털미디어시티,END,DOWN,0,A3016,,13:34:00,검암,서울역
34373,공항철도,,홍대입구,SAT,DOWN,0,A3016,,13:38:00,검암,서울역
34374,공항철도,,홍대입구,END,DOWN,0,A3016,,13:38:00,검암,서울역
34375,공항철도,,공덕,SAT,DOWN,0,A3016,,13:42:00,검암,서울역
34376,공항철도,,공덕,END,DOWN,0,A3016,,13:42:00,검암,서울역
34377,공항철도,,서울역,DAY,DOWN,0,A3017,,08:16:00,서울역,검암
34378,공항철도,,공덕,DAY,DOWN,0,A3017,,08:21:00,서울역,검암
34379,공항철도,,홍대입구,DAY,DOWN,0,A3017,,08:24:00,서울역,검암
34380,공항철도,,디지털미디어시티,DAY,DOWN,0,A3017,,08:28:00,서울역,검암
34381,공항철도,,마곡나루,DAY,DOWN,0,A3017,,08:36:00,서울역,검암
34382,공항철도,,김포공항,DAY,DOWN,0,A3017,,08:39:00,서울역,검암
34383,공항철도,,계양,DAY,DOWN,0,A3017,,08:45:00,서울역,검암
34384,공항철도,,서울역,SAT,DOWN,0,A3017,,13:54:00,서울역,검암
34385,공항철도,,서울역,END,DOWN,0,A3017,,13:54:00,서울역,검암
34386,공항철도,,공덕,SAT,DOWN,0,A3017,,13:58:00,서울역,검암
34387,공항철도,,공덕,END,DOWN,0,A3017,,13:58:00,서울역,검암
34388,공항철도,,홍대입구,SAT,DOWN,0,A3017,,14:02:00,서울역,검암
34389,공항철도,,홍대입구,END,DOWN,0,A3017,,14:02:00,서울역,검암
34390,공항철도,,디지털미디어시티,SAT,DOWN,0,A3017,,14:06:00,서울역,검암
34391,공항철도,,디지털미디어시티,END,DOWN,0,A3017,,14:06:00,서울역,검암
34392,공항철도,,마곡나루,SAT,DOWN,0,A3017,,14:13:00,서울역,검암
34393,공항철도,,마곡나루,END,DOWN,0,A3017,,14:13:00,서울역,검암
34394,공항철도,,김포공항,SAT,DOWN,0,A3017,,14:16:00,서울역,검암
34395,공항철도,,김포공항,END,DOWN,0,A3017,,14:16:00,서울역,검암
34396,공항철도,,계양,SAT,DOWN,0,A3017,,14:23:00,서울역,검암
34397,공항철도,,계양,END,DOWN,0,A3017,,14:23:00,서울역,검암
34398,공항철도,,검암,DAY,DOWN,0,A3018,,08:45:00,검암,서울역
34399,공항철도,,계양,DAY,DOWN,0,A3018,,08:51:00,검암,서울역
34400,공항철도,,김포공항,DAY,DOWN,0,A3018,,08:58:00,검암,서울역
34401,공항철도,,마곡나루,DAY,DOWN,0,A3018,,09:01:00,검암,서울역
34402,공항철도,,디지털미디어시티,DAY,DOWN,0,A3018,,09:09:00,검암,서울역
34403,공항철도,,홍대입구,DAY,DOWN,0,A3018,,09:13:00,검암,서울역
34404,공항철도,,공덕,DAY,DOWN,0,A3018,,09:16:00,검암,서울역
34405,공항철도,,검암,SAT,DOWN,0,A3018,,13:51:00,검암,서울역
34406,공항철도,,검암,END,DOWN,0,A3018,,13:51:00,검암,서울역
34407,공항철도,,계양,SAT,DOWN,0,A3018,,13:57:00,검암,서울역
34408,공항철도,,계양,END,DOWN,0,A3018,,13:57:00,검암,서울역
34409,공항철도,,김포공항,SAT,DOWN,0,A3018,,14:03:00,검암,서울역
34410,공항철도,,김포공항,END,DOWN,0,A3018,,14:03:00,검암,서울역
34411,공항철도,,마곡나루,SAT,DOWN,0,A3018,,14:06:00,검암,서울역
34412,공항철도,,마곡나루,END,DOWN,0,A3018,,14:06:00,검암,서울역
34413,공항철도,,디지털미디어시티,SAT,DOWN,0,A3018,,14:14:00,검암,서울역
34414,공항철도,,디지털미디어시티,END,DOWN,0,A3018,,14:14:00,검암,서울역
34415,공항철도,,홍대입구,SAT,DOWN,0,A3018,,14:18:00,검암,서울역
34416,공항철도,,홍대입구,END,DOWN,0,A3018,,14:18:00,검암,서울역
34417,공항철도,,공덕,SAT,DOWN,0,A3018,,14:21:00,검암,서울역
34418,공항철도,,공덕,END,DOWN,0,A3018,,14:21:00,검암,서울역
34419,공항철도,,서울역,DAY,DOWN,0,A3019,,08:23:00,서울역,검암
34420,공항철도,,공덕,DAY,DOWN,0,A3019,,08:28:00,서울역,검암
34421,공항철도,,홍대입구,DAY,DOWN,0,A3019,,08:31:00,서울역,검암
34422,공항철도,,디지털미디어시티,DAY,DOWN,0,A3019,,08:35:00,서울역,검암
34423,공항철도,,마곡나루,DAY,DOWN,0,A3019,,08:43:00,서울역,검암
34424,공항철도,,김포공항,DAY,DOWN,0,A3019,,08:46:00,서울역,검암
34425,공항철도,,계양,DAY,DOWN,0,A3019,,08:52:00,서울역,검암
34426,공항철도,,서울역,SAT,DOWN,0,A3019,,14:27:00,서울역,검암
34427,공항철도,,서울역,END,DOWN,0,A3019,,14:27:00,서울역,검암
34428,공항철도,,공덕,SAT,DOWN,0,A3019,,14:32:00,서울역,검암
34429,공항철도,,공덕,END,DOWN,0,A3019,,14:32:00,서울역,검암
34430,공항철도,,홍대입구,SAT,DOWN,0,A3019,,14:35:00,서울역,검암
34431,공항철도,,홍대입구,END,DOWN,0,A3019,,14:35:00,서울역,검암
34432,공항철도,,디지털미디어시티,SAT,DOWN,0,A3019,,14:39:00,서울역,검암
34433,공항철도,,디지털미디어시티,END,DOWN,0,A3019,,14:39:00,서울역,검암
34434,공항철도,,마곡나루,SAT,DOWN,0,A3019,,14:47:00,서울역,검암
34435,공항철도,,마곡나루,END,DOWN,0,A3019,,14:47:00,서울역,검암
34436,공항철도,,김포공항,SAT,DOWN,0,A3019,,14:50:00,서울역,검암
34437,공항철도,,김포공항,END,DOWN,0,A3019,,14:50:00,서울역,검암
34438,공항철도,,계양,SAT,DOWN,0,A3019,,14:56:00,서울역,검암
34439,공항철도,,계양,END,DOWN,0,A3019,,14:56:00,서울역,검암
34440,공항철도,,검암,DAY,DOWN,0,A3020,,08:57:00,검암,서울역
34441,공항철도,,계양,DAY,DOWN,0,A3020,,09:03:00,검암,서울역
34442,공항철도,,김포공항,DAY,DOWN,0,A3020,,09:09:00,검암,서울역
34443,공항철도,,마곡나루,DAY,DOWN,0,A3020,,09:12:00,검암,서울역
34444,공항철도,,디지털미디어시티,DAY,DOWN,0,A3020,,09:20:00,검암,서울역
34445,공항철도,,홍대입구,DAY,DOWN,0,A3020,,09:24:00,검암,서울역
34446,공항철도,,공덕,DAY,DOWN,0,A3020,,09:27:00,검암,서울역
34447,공항철도,,검암,SAT,DOWN,0,A3020,,14:39:00,검암,서울역
34448,공항철도,,검암,END,DOWN,0,A3020,,14:39:00,검암,서울역
34449,공항철도,,계양,SAT,DOWN,0,A3020,,14:45:00,검암,서울역
34450,공항철도,,계양,END,DOWN,0,A3020,,14:45:00,검암,서울역
34451,공항철도,,김포공항,SAT,DOWN,0,A3020,,14:51:00,검암,서울역
34452,공항철도,,김포공항,END,DOWN,0,A3020,,14:51:00,검암,서울역
34453,공항철도,,마곡나루,SAT,DOWN,0,A3020,,14:54:00,검암,서울역
34454,공항철도,,마곡나루,END,DOWN,0,A3020,,14:54:00,검암,서울역
34455,공항철도,,디지털미디어시티,SAT,DOWN,0,A3020,,15:02:00,검암,서울역
34456,공항철도,,디지털미디어시티,END,DOWN,0,A3020,,15:02:00,검암,서울역
34457,공항철도,,홍대입구,SAT,DOWN,0,A3020,,15:06:00,검암,서울역
34458,공항철도,,홍대입구,END,DOWN,0,A3020,,15:06:00,검암,서울역
34459,공항철도,,공덕,SAT,DOWN,0,A3020,,15:09:00,검암,서울역
34460,공항철도,,공덕,END,DOWN,0,A3020,,15:09:00,검암,서울역
34461,공항철도,,서울역,DAY,DOWN,0,A3021,,08:33:00,서울역,검암
34462,공항철도,,공덕,DAY,DOWN,0,A3021,,08:37:00,서울역,검암
34463,공항철도,,홍대입구,DAY,DOWN,0,A3021,,08:41:00,서울역,검암
34464,공항철도,,디지털미디어시티,DAY,DOWN,0,A3021,,08:45:00,서울역,검암
34465,공항철도,,마곡나루,DAY,DOWN,0,A3021,,08:52:00,서울역,검암
34466,공항철도,,김포공항,DAY,DOWN,0,A3021,,08:55:00,서울역,검암
34467,공항철도,,계양,DAY,DOWN,0,A3021,,09:02:00,서울역,검암
34468,공항철도,,서울역,SAT,DOWN,0,A3021,,15:19:00,서울역,검암
34469,공항철도,,서울역,END,DOWN,0,A3021,,15:19:00,서울역,검암
34470,공항철도,,공덕,SAT,DOWN,0,A3021,,15:24:00,서울역,검암
34471,공항철도,,공덕,END,DOWN,0,A3021,,15:24:00,서울역,검암
34472,공항철도,,홍대입구,SAT,DOWN,0,A3021,,15:27:00,서울역,검암
34473,공항철도,,홍대입구,END,DOWN,0,A3021,,15:27:00,서울역,검암
34474,공항철도,,디지털미디어시티,SAT,DOWN,0,A3021,,15:31:00,서울역,검암
34475,공항철도,,디지털미디어시티,END,DOWN,0,A3021,,15:31:00,서울역,검암
34476,공항철도,,마곡나루,SAT,DOWN,0,A3021,,15:39:00,서울역,검암
34477,공항철도,,마곡나루,END,DOWN,0,A3021,,15:39:00,서울역,검암
34478,공항철도,,김포공항,SAT,DOWN,0,A3021,,15:42:00,서울역,검암
34479,공항철도,,김포공항,END,DOWN,0,A3021,,15:42:00,서울역,검암
34480,공항철도,,계양,SAT,DOWN,0,A3021,,15:48:00,서울역,검암
34481,공항철도,,계양,END,DOWN,0,A3021,,15:48:00,서울역,검암
34482,공항철도,,검암,DAY,DOWN,0,A3022,,09:06:00,검암,서울역
34483,공항철도,,계양,DAY,DOWN,0,A3022,,09:12:00,검암,서울역
34484,공항철도,,김포공항,DAY,DOWN,0,A3022,,09:19:00,검암,서울역
34485,공항철도,,마곡나루,DAY,DOWN,0,A3022,,09:22:00,검암,서울역
34486,공항철도,,디지털미디어시티,DAY,DOWN,0,A3022,,09:29:00,검암,서울역
34487,공항철도,,홍대입구,DAY,DOWN,0,A3022,,09:33:00,검암,서울역
34488,공항철도,,공덕,DAY,DOWN,0,A3022,,09:37:00,검암,서울역
34489,공항철도,,검암,SAT,DOWN,0,A3022,,15:11:00,검암,서울역
34490,공항철도,,검암,END,DOWN,0,A3022,,15:11:00,검암,서울역
34491,공항철도,,계양,SAT,DOWN,0,A3022,,15:17:00,검암,서울역
34492,공항철도,,계양,END,DOWN,0,A3022,,15:17:00,검암,서울역
34493,공항철도,,김포공항,SAT,DOWN,0,A3022,,15:24:00,검암,서울역
34494,공항철도,,김포공항,END,DOWN,0,A3022,,15:24:00,검암,서울역
34495,공항철도,,마곡나루,SAT,DOWN,0,A3022,,15:27:00,검암,서울역
34496,공항철도,,마곡나루,END,DOWN,0,A3022,,15:27:00,검암,서울역
34497,공항철도,,디지털미디어시티,SAT,DOWN,0,A3022,,15:34:00,검암,서울역
34498,공항철도,,디지털미디어시티,END,DOWN,0,A3022,,15:34:00,검암,서울역
34499,공항철도,,홍대입구,SAT,DOWN,0,A3022,,15:38:00,검암,서울역
34500,공항철도,,홍대입구,END,DOWN,0,A3022,,15:38:00,검암,서울역
34501,공항철도,,공덕,SAT,DOWN,0,A3022,,15:42:00,검암,서울역
34502,공항철도,,공덕,END,DOWN,0,A3022,,15:42:00,검암,서울역
34503,공항철도,,서울역,DAY,DOWN,0,A3023,,08:44:00,서울역,검암
34504,공항철도,,공덕,DAY,DOWN,0,A3023,,08:49:00,서울역,검암
34505,공항철도,,홍대입구,DAY,DOWN,0,A3023,,08:52:00,서울역,검암
34506,공항철도,,디지털미디어시티,DAY,DOWN,0,A3023,,08:56:00,서울역,검암
34507,공항철도,,마곡나루,DAY,DOWN,0,A3023,,09:04:00,서울역,검암
34508,공항철도,,김포공항,DAY,DOWN,0,A3023,,09:07:00,서울역,검암
34509,공항철도,,계양,DAY,DOWN,0,A3023,,09:13:00,서울역,검암
34510,공항철도,,서울역,SAT,DOWN,0,A3023,,15:47:00,서울역,검암
34511,공항철도,,서울역,END,DOWN,0,A3023,,15:47:00,서울역,검암
34512,공항철도,,공덕,SAT,DOWN,0,A3023,,15:52:00,서울역,검암
34513,공항철도,,공덕,END,DOWN,0,A3023,,15:52:00,서울역,검암
34514,공항철도,,홍대입구,SAT,DOWN,0,A3023,,15:55:00,서울역,검암
34515,공항철도,,홍대입구,END,DOWN,0,A3023,,15:55:00,서울역,검암
34516,공항철도,,디지털미디어시티,SAT,DOWN,0,A3023,,15:59:00,서울역,검암
34517,공항철도,,디지털미디어시티,END,DOWN,0,A3023,,15:59:00,서울역,검암
34518,공항철도,,마곡나루,SAT,DOWN,0,A3023,,16:07:00,서울역,검암
34519,공항철도,,마곡나루,END,DOWN,0,A3023,,16:07:00,서울역,검암
34520,공항철도,,김포공항,SAT,DOWN,0,A3023,,16:10:00,서울역,검암
34521,공항철도,,김포공항,END,DOWN,0,A3023,,16:10:00,서울역,검암
34522,공항철도,,계양,SAT,DOWN,0,A3023,,16:16:00,서울역,검암
34523,공항철도,,계양,END,DOWN,0,A3023,,16:16:00,서울역,검암
34524,공항철도,,검암,DAY,DOWN,0,A3024,,09:17:00,검암,서울역
34525,공항철도,,계양,DAY,DOWN,0,A3024,,09:23:00,검암,서울역
34526,공항철도,,김포공항,DAY,DOWN,0,A3024,,09:30:00,검암,서울역
34527,공항철도,,마곡나루,DAY,DOWN,0,A3024,,09:33:00,검암,서울역
34528,공항철도,,디지털미디어시티,DAY,DOWN,0,A3024,,09:42:00,검암,서울역
34529,공항철도,,홍대입구,DAY,DOWN,0,A3024,,09:46:00,검암,서울역
34530,공항철도,,공덕,DAY,DOWN,0,A3024,,09:49:00,검암,서울역
34531,공항철도,,검암,SAT,DOWN,0,A3024,,16:07:00,검암,서울역
34532,공항철도,,검암,END,DOWN,0,A3024,,16:07:00,검암,서울역
34533,공항철도,,계양,SAT,DOWN,0,A3024,,16:13:00,검암,서울역
34534,공항철도,,계양,END,DOWN,0,A3024,,16:13:00,검암,서울역
34535,공항철도,,김포공항,SAT,DOWN,0,A3024,,16:19:00,검암,서울역
34536,공항철도,,김포공항,END,DOWN,0,A3024,,16:19:00,검암,서울역
34537,공항철도,,마곡나루,SAT,DOWN,0,A3024,,16:22:00,검암,서울역
34538,공항철도,,마곡나루,END,DOWN,0,A3024,,16:22:00,검암,서울역
34539,공항철도,,디지털미디어시티,SAT,DOWN,0,A3024,,16:30:00,검암,서울역
34540,공항철도,,디지털미디어시티,END,DOWN,0,A3024,,16:30:00,검암,서울역
34541,공항철도,,홍대입구,SAT,DOWN,0,A3024,,16:34:00,검암,서울역
34542,공항철도,,홍대입구,END,DOWN,0,A3024,,16:34:00,검암,서울역
34543,공항철도,,공덕,SAT,DOWN,0,A3024,,16:37:00,검암,서울역
34544,공항철도,,공덕,END,DOWN,0,A3024,,16:37:00,검암,서울역
34545,공항철도,,서울역,DAY,DOWN,0,A3025,,09:04:00,서울역,검암
34546,공항철도,,공덕,DAY,DOWN,0,A3025,,09:09:00,서울역,검암
34547,공항철도,,홍대입구,DAY,DOWN,0,A3025,,09:12:00,서울역,검암
34548,공항철도,,디지털미디어시티,DAY,DOWN,0,A3025,,09:16:00,서울역,검암
34549,공항철도,,마곡나루,DAY,DOWN,0,A3025,,09:24:00,서울역,검암
34550,공항철도,,김포공항,DAY,DOWN,0,A3025,,09:27:00,서울역,검암
34551,공항철도,,계양,DAY,DOWN,0,A3025,,09:33:00,서울역,검암
34552,공항철도,,서울역,SAT,DOWN,0,A3025,,16:52:00,서울역,검암
34553,공항철도,,서울역,END,DOWN,0,A3025,,16:52:00,서울역,검암
34554,공항철도,,공덕,SAT,DOWN,0,A3025,,16:56:00,서울역,검암
34555,공항철도,,공덕,END,DOWN,0,A3025,,16:56:00,서울역,검암
34556,공항철도,,홍대입구,SAT,DOWN,0,A3025,,17:00:00,서울역,검암
34557,공항철도,,홍대입구,END,DOWN,0,A3025,,17:00:00,서울역,검암
34558,공항철도,,디지털미디어시티,SAT,DOWN,0,A3025,,17:04:00,서울역,검암
34559,공항철도,,디지털미디어시티,END,DOWN,0,A3025,,17:04:00,서울역,검암
34560,공항철도,,마곡나루,SAT,DOWN,0,A3025,,17:11:00,서울역,검암
34561,공항철도,,마곡나루,END,DOWN,0,A3025,,17:11:00,서울역,검암
34562,공항철도,,김포공항,SAT,DOWN,0,A3025,,17:14:00,서울역,검암
34563,공항철도,,김포공항,END,DOWN,0,A3025,,17:14:00,서울역,검암
34564,공항철도,,계양,SAT,DOWN,0,A3025,,17:21:00,서울역,검암
34565,공항철도,,계양,END,DOWN,0,A3025,,17:21:00,서울역,검암
34566,공항철도,,검암,DAY,DOWN,0,A3026,,09:30:00,검암,서울역
34567,공항철도,,계양,DAY,DOWN,0,A3026,,09:36:00,검암,서울역
34568,공항철도,,김포공항,DAY,DOWN,0,A3026,,09:42:00,검암,서울역
34569,공항철도,,마곡나루,DAY,DOWN,0,A3026,,09:45:00,검암,서울역
34570,공항철도,,디지털미디어시티,DAY,DOWN,0,A3026,,09:53:00,검암,서울역
34571,공항철도,,홍대입구,DAY,DOWN,0,A3026,,09:57:00,검암,서울역
34572,공항철도,,공덕,DAY,DOWN,0,A3026,,10:00:00,검암,서울역
34573,공항철도,,검암,SAT,DOWN,0,A3026,,16:31:00,검암,서울역
34574,공항철도,,검암,END,DOWN,0,A3026,,16:31:00,검암,서울역
34575,공항철도,,계양,SAT,DOWN,0,A3026,,16:37:00,검암,서울역
34576,공항철도,,계양,END,DOWN,0,A3026,,16:37:00,검암,서울역
34577,공항철도,,김포공항,SAT,DOWN,0,A3026,,16:44:00,검암,서울역
34578,공항철도,,김포공항,END,DOWN,0,A3026,,16:44:00,검암,서울역
34579,공항철도,,마곡나루,SAT,DOWN,0,A3026,,16:47:00,검암,서울역
34580,공항철도,,마곡나루,END,DOWN,0,A3026,,16:47:00,검암,서울역
34581,공항철도,,디지털미디어시티,SAT,DOWN,0,A3026,,16:54:00,검암,서울역
34582,공항철도,,디지털미디어시티,END,DOWN,0,A3026,,16:54:00,검암,서울역
34583,공항철도,,홍대입구,SAT,DOWN,0,A3026,,16:58:00,검암,서울역
34584,공항철도,,홍대입구,END,DOWN,0,A3026,,16:58:00,검암,서울역
34585,공항철도,,공덕,SAT,DOWN,0,A3026,,17:02:00,검암,서울역
34586,공항철도,,공덕,END,DOWN,0,A3026,,17:02:00,검암,서울역
34587,공항철도,,서울역,DAY,DOWN,0,A3027,,09:14:00,서울역,검암
34588,공항철도,,공덕,DAY,DOWN,0,A3027,,09:19:00,서울역,검암
34589,공항철도,,홍대입구,DAY,DOWN,0,A3027,,09:22:00,서울역,검암
34590,공항철도,,디지털미디어시티,DAY,DOWN,0,A3027,,09:26:00,서울역,검암
34591,공항철도,,마곡나루,DAY,DOWN,0,A3027,,09:34:00,서울역,검암
34592,공항철도,,김포공항,DAY,DOWN,0,A3027,,09:37:00,서울역,검암
34593,공항철도,,계양,DAY,DOWN,0,A3027,,09:43:00,서울역,검암
34594,공항철도,,서울역,SAT,DOWN,0,A3027,,17:49:00,서울역,검암
34595,공항철도,,서울역,END,DOWN,0,A3027,,17:49:00,서울역,검암
34596,공항철도,,공덕,SAT,DOWN,0,A3027,,17:54:00,서울역,검암
34597,공항철도,,공덕,END,DOWN,0,A3027,,17:54:00,서울역,검암
34598,공항철도,,홍대입구,SAT,DOWN,0,A3027,,17:57:00,서울역,검암
34599,공항철도,,홍대입구,END,DOWN,0,A3027,,17:57:00,서울역,검암
34600,공항철도,,디지털미디어시티,SAT,DOWN,0,A3027,,18:01:00,서울역,검암
34601,공항철도,,디지털미디어시티,END,DOWN,0,A3027,,18:01:00,서울역,검암
34602,공항철도,,마곡나루,SAT,DOWN,0,A3027,,18:09:00,서울역,검암
34603,공항철도,,마곡나루,END,DOWN,0,A3027,,18:09:00,서울역,검암
34604,공항철도,,김포공항,SAT,DOWN,0,A3027,,18:12:00,서울역,검암
34605,공항철도,,김포공항,END,DOWN,0,A3027,,18:12:00,서울역,검암
34606,공항철도,,계양,SAT,DOWN,0,A3027,,18:18:00,서울역,검암
34607,공항철도,,계양,END,DOWN,0,A3027,,18:18:00,서울역,검암
34608,공항철도,,검암,DAY,DOWN,0,A3028,,09:49:00,검암,서울역
34609,공항철도,,계양,DAY,DOWN,0,A3028,,09:55:00,검암,서울역
34610,공항철도,,김포공항,DAY,DOWN,0,A3028,,10:01:00,검암,서울역
34611,공항철도,,마곡나루,DAY,DOWN,0,A3028,,10:04:00,검암,서울역
34612,공항철도,,디지털미디어시티,DAY,DOWN,0,A3028,,10:13:00,검암,서울역
34613,공항철도,,홍대입구,DAY,DOWN,0,A3028,,10:17:00,검암,서울역
34614,공항철도,,공덕,DAY,DOWN,0,A3028,,10:21:00,검암,서울역
34615,공항철도,,검암,SAT,DOWN,0,A3028,,17:34:00,검암,서울역
34616,공항철도,,검암,END,DOWN,0,A3028,,17:34:00,검암,서울역
34617,공항철도,,계양,SAT,DOWN,0,A3028,,17:40:00,검암,서울역
34618,공항철도,,계양,END,DOWN,0,A3028,,17:40:00,검암,서울역
34619,공항철도,,김포공항,SAT,DOWN,0,A3028,,17:47:00,검암,서울역
34620,공항철도,,김포공항,END,DOWN,0,A3028,,17:47:00,검암,서울역
34621,공항철도,,마곡나루,SAT,DOWN,0,A3028,,17:50:00,검암,서울역
34622,공항철도,,마곡나루,END,DOWN,0,A3028,,17:50:00,검암,서울역
34623,공항철도,,디지털미디어시티,SAT,DOWN,0,A3028,,17:57:00,검암,서울역
34624,공항철도,,디지털미디어시티,END,DOWN,0,A3028,,17:57:00,검암,서울역
34625,공항철도,,홍대입구,SAT,DOWN,0,A3028,,18:01:00,검암,서울역
34626,공항철도,,홍대입구,END,DOWN,0,A3028,,18:01:00,검암,서울역
34627,공항철도,,공덕,SAT,DOWN,0,A3028,,18:05:00,검암,서울역
34628,공항철도,,공덕,END,DOWN,0,A3028,,18:05:00,검암,서울역
34629,공항철도,,서울역,DAY,DOWN,0,A3029,,09:41:00,서울역,검암
34630,공항철도,,공덕,DAY,DOWN,0,A3029,,09:45:00,서울역,검암
34631,공항철도,,홍대입구,DAY,DOWN,0,A3029,,09:49:00,서울역,검암
34632,공항철도,,디지털미디어시티,DAY,DOWN,0,A3029,,09:54:00,서울역,검암
34633,공항철도,,마곡나루,DAY,DOWN,0,A3029,,10:02:00,서울역,검암
34634,공항철도,,김포공항,DAY,DOWN,0,A3029,,10:05:00,서울역,검암
34635,공항철도,,계양,DAY,DOWN,0,A3029,,10:11:00,서울역,검암
34636,공항철도,,서울역,SAT,DOWN,0,A3029,,18:32:00,서울역,검암
34637,공항철도,,서울역,END,DOWN,0,A3029,,18:32:00,서울역,검암
34638,공항철도,,공덕,SAT,DOWN,0,A3029,,18:36:00,서울역,검암
34639,공항철도,,공덕,END,DOWN,0,A3029,,18:36:00,서울역,검암
34640,공항철도,,홍대입구,SAT,DOWN,0,A3029,,18:40:00,서울역,검암
34641,공항철도,,홍대입구,END,DOWN,0,A3029,,18:40:00,서울역,검암
34642,공항철도,,디지털미디어시티,SAT,DOWN,0,A3029,,18:44:00,서울역,검암
34643,공항철도,,디지털미디어시티,END,DOWN,0,A3029,,18:44:00,서울역,검암
34644,공항철도,,마곡나루,SAT,DOWN,0,A3029,,18:51:00,서울역,검암
34645,공항철도,,마곡나루,END,DOWN,0,A3029,,18:51:00,서울역,검암
34646,공항철도,,김포공항,SAT,DOWN,0,A3029,,18:54:00,서울역,검암
34647,공항철도,,김포공항,END,DOWN,0,A3029,,18:54:00,서울역,검암
34648,공항철도,,계양,SAT,DOWN,0,A3029,,19:01:00,서울역,검암
34649,공항철도,,계양,END,DOWN,0,A3029,,19:01:00,서울역,검암
34650,공항철도,,검암,DAY,DOWN,0,A3030,,10:01:00,검암,서울역
34651,공항철도,,계양,DAY,DOWN,0,A3030,,10:07:00,검암,서울역
34652,공항철도,,김포공항,DAY,DOWN,0,A3030,,10:14:00,검암,서울역
34653,공항철도,,마곡나루,DAY,DOWN,0,A3030,,10:17:00,검암,서울역
34654,공항철도,,디지털미디어시티,DAY,DOWN,0,A3030,,10:24:00,검암,서울역
34655,공항철도,,홍대입구,DAY,DOWN,0,A3030,,10:28:00,검암,서울역
34656,공항철도,,공덕,DAY,DOWN,0,A3030,,10:32:00,검암,서울역
34657,공항철도,,검암,SAT,DOWN,0,A3030,,18:36:00,검암,서울역
34658,공항철도,,검암,END,DOWN,0,A3030,,18:36:00,검암,서울역
34659,공항철도,,계양,SAT,DOWN,0,A3030,,18:42:00,검암,서울역
34660,공항철도,,계양,END,DOWN,0,A3030,,18:42:00,검암,서울역
34661,공항철도,,김포공항,SAT,DOWN,0,A3030,,18:49:00,검암,서울역
34662,공항철도,,김포공항,END,DOWN,0,A3030,,18:49:00,검암,서울역
34663,공항철도,,마곡나루,SAT,DOWN,0,A3030,,18:52:00,검암,서울역
34664,공항철도,,마곡나루,END,DOWN,0,A3030,,18:52:00,검암,서울역
34665,공항철도,,디지털미디어시티,SAT,DOWN,0,A3030,,18:59:00,검암,서울역
34666,공항철도,,디지털미디어시티,END,DOWN,0,A3030,,18:59:00,검암,서울역
34667,공항철도,,홍대입구,SAT,DOWN,0,A3030,,19:03:00,검암,서울역
34668,공항철도,,홍대입구,END,DOWN,0,A3030,,19:03:00,검암,서울역
34669,공항철도,,공덕,SAT,DOWN,0,A3030,,19:07:00,검암,서울역
34670,공항철도,,공덕,END,DOWN,0,A3030,,19:07:00,검암,서울역
34671,공항철도,,서울역,DAY,DOWN,0,A3031,,09:52:00,서울역,검암
34672,공항철도,,공덕,DAY,DOWN,0,A3031,,09:56:00,서울역,검암
34673,공항철도,,홍대입구,DAY,DOWN,0,A3031,,10:00:00,서울역,검암
34674,공항철도,,디지털미디어시티,DAY,DOWN,0,A3031,,10:04:00,서울역,검암
34675,공항철도,,마곡나루,DAY,DOWN,0,A3031,,10:11:00,서울역,검암
34676,공항철도,,김포공항,DAY,DOWN,0,A3031,,10:14:00,서울역,검암
34677,공항철도,,계양,DAY,DOWN,0,A3031,,10:21:00,서울역,검암
34678,공항철도,,서울역,SAT,DOWN,0,A3031,,22:33:00,서울역,검암
34679,공항철도,,서울역,END,DOWN,0,A3031,,22:33:00,서울역,검암
34680,공항철도,,공덕,SAT,DOWN,0,A3031,,22:38:00,서울역,검암
34681,공항철도,,공덕,END,DOWN,0,A3031,,22:38:00,서울역,검암
34682,공항철도,,홍대입구,SAT,DOWN,0,A3031,,22:41:00,서울역,검암
34683,공항철도,,홍대입구,END,DOWN,0,A3031,,22:41:00,서울역,검암
34684,공항철도,,디지털미디어시티,SAT,DOWN,0,A3031,,22:45:00,서울역,검암
34685,공항철도,,디지털미디어시티,END,DOWN,0,A3031,,22:45:00,서울역,검암
34686,공항철도,,마곡나루,SAT,DOWN,0,A3031,,22:53:00,서울역,검암
34687,공항철도,,마곡나루,END,DOWN,0,A3031,,22:53:00,서울역,검암
34688,공항철도,,김포공항,SAT,DOWN,0,A3031,,22:56:00,서울역,검암
34689,공항철도,,김포공항,END,DOWN,0,A3031,,22:56:00,서울역,검암
34690,공항철도,,계양,SAT,DOWN,0,A3031,,23:02:00,서울역,검암
34691,공항철도,,계양,END,DOWN,0,A3031,,23:02:00,서울역,검암
34692,공항철도,,검암,DAY,DOWN,0,A3032,,10:24:00,검암,서울역
34693,공항철도,,계양,DAY,DOWN,0,A3032,,10:30:00,검암,서울역
34694,공항철도,,김포공항,DAY,DOWN,0,A3032,,10:36:00,검암,서울역
34695,공항철도,,마곡나루,DAY,DOWN,0,A3032,,10:39:00,검암,서울역
34696,공항철도,,디지털미디어시티,DAY,DOWN,0,A3032,,10:47:00,검암,서울역
34697,공항철도,,홍대입구,DAY,DOWN,0,A3032,,10:51:00,검암,서울역
34698,공항철도,,공덕,DAY,DOWN,0,A3032,,10:54:00,검암,서울역
34699,공항철도,,검암,SAT,DOWN,0,A3032,,19:21:00,검암,서울역
34700,공항철도,,검암,END,DOWN,0,A3032,,19:21:00,검암,서울역
34701,공항철도,,계양,SAT,DOWN,0,A3032,,19:27:00,검암,서울역
34702,공항철도,,계양,END,DOWN,0,A3032,,19:27:00,검암,서울역
34703,공항철도,,김포공항,SAT,DOWN,0,A3032,,19:34:00,검암,서울역
34704,공항철도,,김포공항,END,DOWN,0,A3032,,19:34:00,검암,서울역
34705,공항철도,,마곡나루,SAT,DOWN,0,A3032,,19:37:00,검암,서울역
34706,공항철도,,마곡나루,END,DOWN,0,A3032,,19:37:00,검암,서울역
34707,공항철도,,디지털미디어시티,SAT,DOWN,0,A3032,,19:44:00,검암,서울역
34708,공항철도,,디지털미디어시티,END,DOWN,0,A3032,,19:44:00,검암,서울역
34709,공항철도,,홍대입구,SAT,DOWN,0,A3032,,19:48:00,검암,서울역
34710,공항철도,,홍대입구,END,DOWN,0,A3032,,19:48:00,검암,서울역
34711,공항철도,,공덕,SAT,DOWN,0,A3032,,19:52:00,검암,서울역
34712,공항철도,,공덕,END,DOWN,0,A3032,,19:52:00,검암,서울역
34713,공항철도,,서울역,DAY,DOWN,0,A3033,,10:04:00,서울역,검암
34714,공항철도,,공덕,DAY,DOWN,0,A3033,,10:08:00,서울역,검암
34715,공항철도,,홍대입구,DAY,DOWN,0,A3033,,10:12:00,서울역,검암
34716,공항철도,,디지털미디어시티,DAY,DOWN,0,A3033,,10:16:00,서울역,검암
34717,공항철도,,마곡나루,DAY,DOWN,0,A3033,,10:23:00,서울역,검암
34718,공항철도,,김포공항,DAY,DOWN,0,A3033,,10:26:00,서울역,검암
34719,공항철도,,계양,DAY,DOWN,0,A3033,,10:33:00,서울역,검암
34720,공항철도,,서울역,SAT,DOWN,0,A3033,,23:17:00,서울역,검암
34721,공항철도,,서울역,END,DOWN,0,A3033,,23:17:00,서울역,검암
34722,공항철도,,공덕,SAT,DOWN,0,A3033,,23:22:00,서울역,검암
34723,공항철도,,공덕,END,DOWN,0,A3033,,23:22:00,서울역,검암
34724,공항철도,,홍대입구,SAT,DOWN,0,A3033,,23:25:00,서울역,검암
34725,공항철도,,홍대입구,END,DOWN,0,A3033,,23:25:00,서울역,검암
34726,공항철도,,디지털미디어시티,SAT,DOWN,0,A3033,,23:29:00,서울역,검암
34727,공항철도,,디지털미디어시티,END,DOWN,0,A3033,,23:29:00,서울역,검암
34728,공항철도,,마곡나루,SAT,DOWN,0,A3033,,23:37:00,서울역,검암
34729,공항철도,,마곡나루,END,DOWN,0,A3033,,23:37:00,서울역,검암
34730,공항철도,,김포공항,SAT,DOWN,0,A3033,,23:40:00,서울역,검암
34731,공항철도,,김포공항,END,DOWN,0,A3033,,23:40:00,서울역,검암
34732,공항철도,,계양,SAT,DOWN,0,A3033,,23:46:00,서울역,검암
34733,공항철도,,계양,END,DOWN,0,A3033,,23:46:00,서울역,검암
34734,공항철도,,검암,DAY,DOWN,0,A3034,,10:36:00,검암,서울역
34735,공항철도,,계양,DAY,DOWN,0,A3034,,10:42:00,검암,서울역
34736,공항철도,,김포공항,DAY,DOWN,0,A3034,,10:49:00,검암,서울역
34737,공항철도,,마곡나루,DAY,DOWN,0,A3034,,10:52:00,검암,서울역
34738,공항철도,,디지털미디어시티,DAY,DOWN,0,A3034,,10:59:00,검암,서울역
34739,공항철도,,홍대입구,DAY,DOWN,0,A3034,,11:03:00,검암,서울역
34740,공항철도,,공덕,DAY,DOWN,0,A3034,,11:07:00,검암,서울역
34741,공항철도,,서울역,DAY,DOWN,0,A3035,,10:22:00,서울역,검암
34742,공항철도,,공덕,DAY,DOWN,0,A3035,,10:26:00,서울역,검암
34743,공항철도,,홍대입구,DAY,DOWN,0,A3035,,10:30:00,서울역,검암
34744,공항철도,,디지털미디어시티,DAY,DOWN,0,A3035,,10:34:00,서울역,검암
34745,공항철도,,마곡나루,DAY,DOWN,0,A3035,,10:41:00,서울역,검암
34746,공항철도,,김포공항,DAY,DOWN,0,A3035,,10:44:00,서울역,검암
34747,공항철도,,계양,DAY,DOWN,0,A3035,,10:51:00,서울역,검암
34748,공항철도,,검암,DAY,DOWN,0,A3036,,10:46:00,검암,서울역
34749,공항철도,,계양,DAY,DOWN,0,A3036,,10:52:00,검암,서울역
34750,공항철도,,김포공항,DAY,DOWN,0,A3036,,10:58:00,검암,서울역
34751,공항철도,,마곡나루,DAY,DOWN,0,A3036,,11:01:00,검암,서울역
34752,공항철도,,디지털미디어시티,DAY,DOWN,0,A3036,,11:09:00,검암,서울역
34753,공항철도,,홍대입구,DAY,DOWN,0,A3036,,11:13:00,검암,서울역
34754,공항철도,,공덕,DAY,DOWN,0,A3036,,11:16:00,검암,서울역
34755,공항철도,,서울역,DAY,DOWN,0,A3037,,10:32:00,서울역,검암
34756,공항철도,,공덕,DAY,DOWN,0,A3037,,10:37:00,서울역,검암
34757,공항철도,,홍대입구,DAY,DOWN,0,A3037,,10:40:00,서울역,검암
34758,공항철도,,디지털미디어시티,DAY,DOWN,0,A3037,,10:44:00,서울역,검암
34759,공항철도,,마곡나루,DAY,DOWN,0,A3037,,10:52:00,서울역,검암
34760,공항철도,,김포공항,DAY,DOWN,0,A3037,,10:55:00,서울역,검암
34761,공항철도,,계양,DAY,DOWN,0,A3037,,11:01:00,서울역,검암
34762,공항철도,,검암,DAY,DOWN,0,A3038,,11:04:00,검암,서울역
34763,공항철도,,계양,DAY,DOWN,0,A3038,,11:10:00,검암,서울역
34764,공항철도,,김포공항,DAY,DOWN,0,A3038,,11:16:00,검암,서울역
34765,공항철도,,마곡나루,DAY,DOWN,0,A3038,,11:19:00,검암,서울역
34766,공항철도,,디지털미디어시티,DAY,DOWN,0,A3038,,11:27:00,검암,서울역
34767,공항철도,,홍대입구,DAY,DOWN,0,A3038,,11:31:00,검암,서울역
34768,공항철도,,공덕,DAY,DOWN,0,A3038,,11:34:00,검암,서울역
34769,공항철도,,서울역,DAY,DOWN,0,A3039,,10:58:00,서울역,검암
34770,공항철도,,공덕,DAY,DOWN,0,A3039,,11:02:00,서울역,검암
34771,공항철도,,홍대입구,DAY,DOWN,0,A3039,,11:06:00,서울역,검암
34772,공항철도,,디지털미디어시티,DAY,DOWN,0,A3039,,11:10:00,서울역,검암
34773,공항철도,,마곡나루,DAY,DOWN,0,A3039,,11:17:00,서울역,검암
34774,공항철도,,김포공항,DAY,DOWN,0,A3039,,11:20:00,서울역,검암
34775,공항철도,,계양,DAY,DOWN,0,A3039,,11:27:00,서울역,검암
34776,공항철도,,검암,DAY,DOWN,0,A3040,,11:16:00,검암,서울역
34777,공항철도,,계양,DAY,DOWN,0,A3040,,11:22:00,검암,서울역
34778,공항철도,,김포공항,DAY,DOWN,0,A3040,,11:29:00,검암,서울역
34779,공항철도,,마곡나루,DAY,DOWN,0,A3040,,11:32:00,검암,서울역
34780,공항철도,,디지털미디어시티,DAY,DOWN,0,A3040,,11:39:00,검암,서울역
34781,공항철도,,홍대입구,DAY,DOWN,0,A3040,,11:43:00,검암,서울역
34782,공항철도,,공덕,DAY,DOWN,0,A3040,,11:47:00,검암,서울역
34783,공항철도,,서울역,DAY,DOWN,0,A3041,,11:08:00,서울역,검암
34784,공항철도,,공덕,DAY,DOWN,0,A3041,,11:13:00,서울역,검암
34785,공항철도,,홍대입구,DAY,DOWN,0,A3041,,11:16:00,서울역,검암
34786,공항철도,,디지털미디어시티,DAY,DOWN,0,A3041,,11:20:00,서울역,검암
34787,공항철도,,마곡나루,DAY,DOWN,0,A3041,,11:28:00,서울역,검암
34788,공항철도,,김포공항,DAY,DOWN,0,A3041,,11:31:00,서울역,검암
34789,공항철도,,계양,DAY,DOWN,0,A3041,,11:37:00,서울역,검암
34790,공항철도,,검암,DAY,DOWN,0,A3042,,11:43:00,검암,서울역
34791,공항철도,,계양,DAY,DOWN,0,A3042,,11:49:00,검암,서울역
34792,공항철도,,김포공항,DAY,DOWN,0,A3042,,11:56:00,검암,서울역
34793,공항철도,,마곡나루,DAY,DOWN,0,A3042,,11:59:00,검암,서울역
34794,공항철도,,디지털미디어시티,DAY,DOWN,0,A3042,,12:06:00,검암,서울역
34795,공항철도,,홍대입구,DAY,DOWN,0,A3042,,12:10:00,검암,서울역
34796,공항철도,,공덕,DAY,DOWN,0,A3042,,12:14:00,검암,서울역
34797,공항철도,,서울역,DAY,DOWN,0,A3043,,11:24:00,서울역,검암
34798,공항철도,,공덕,DAY,DOWN,0,A3043,,11:29:00,서울역,검암
34799,공항철도,,홍대입구,DAY,DOWN,0,A3043,,11:32:00,서울역,검암
34800,공항철도,,디지털미디어시티,DAY,DOWN,0,A3043,,11:36:00,서울역,검암
34801,공항철도,,마곡나루,DAY,DOWN,0,A3043,,11:44:00,서울역,검암
34802,공항철도,,김포공항,DAY,DOWN,0,A3043,,11:47:00,서울역,검암
34803,공항철도,,계양,DAY,DOWN,0,A3043,,11:53:00,서울역,검암
34804,공항철도,,검암,DAY,DOWN,0,A3044,,11:56:00,검암,서울역
34805,공항철도,,계양,DAY,DOWN,0,A3044,,12:02:00,검암,서울역
34806,공항철도,,김포공항,DAY,DOWN,0,A3044,,12:09:00,검암,서울역
34807,공항철도,,마곡나루,DAY,DOWN,0,A3044,,12:12:00,검암,서울역
34808,공항철도,,디지털미디어시티,DAY,DOWN,0,A3044,,12:19:00,검암,서울역
34809,공항철도,,홍대입구,DAY,DOWN,0,A3044,,12:23:00,검암,서울역
34810,공항철도,,공덕,DAY,DOWN,0,A3044,,12:27:00,검암,서울역
34811,공항철도,,서울역,DAY,DOWN,0,A3045,,11:43:00,서울역,검암
34812,공항철도,,공덕,DAY,DOWN,0,A3045,,11:48:00,서울역,검암
34813,공항철도,,홍대입구,DAY,DOWN,0,A3045,,11:51:00,서울역,검암
34814,공항철도,,디지털미디어시티,DAY,DOWN,0,A3045,,11:55:00,서울역,검암
34815,공항철도,,마곡나루,DAY,DOWN,0,A3045,,12:03:00,서울역,검암
34816,공항철도,,김포공항,DAY,DOWN,0,A3045,,12:06:00,서울역,검암
34817,공항철도,,계양,DAY,DOWN,0,A3045,,12:12:00,서울역,검암
34818,공항철도,,검암,DAY,DOWN,0,A3046,,12:05:00,검암,서울역
34819,공항철도,,계양,DAY,DOWN,0,A3046,,12:11:00,검암,서울역
34820,공항철도,,김포공항,DAY,DOWN,0,A3046,,12:18:00,검암,서울역
34821,공항철도,,마곡나루,DAY,DOWN,0,A3046,,12:21:00,검암,서울역
34822,공항철도,,디지털미디어시티,DAY,DOWN,0,A3046,,12:28:00,검암,서울역
34823,공항철도,,홍대입구,DAY,DOWN,0,A3046,,12:32:00,검암,서울역
34824,공항철도,,공덕,DAY,DOWN,0,A3046,,12:36:00,검암,서울역
34825,공항철도,,서울역,DAY,DOWN,0,A3047,,12:20:00,서울역,검암
34826,공항철도,,공덕,DAY,DOWN,0,A3047,,12:24:00,서울역,검암
34827,공항철도,,홍대입구,DAY,DOWN,0,A3047,,12:28:00,서울역,검암
34828,공항철도,,디지털미디어시티,DAY,DOWN,0,A3047,,12:32:00,서울역,검암
34829,공항철도,,마곡나루,DAY,DOWN,0,A3047,,12:39:00,서울역,검암
34830,공항철도,,김포공항,DAY,DOWN,0,A3047,,12:42:00,서울역,검암
34831,공항철도,,계양,DAY,DOWN,0,A3047,,12:49:00,서울역,검암
34832,공항철도,,검암,DAY,DOWN,0,A3048,,12:24:00,검암,서울역
34833,공항철도,,계양,DAY,DOWN,0,A3048,,12:30:00,검암,서울역
34834,공항철도,,김포공항,DAY,DOWN,0,A3048,,12:36:00,검암,서울역
34835,공항철도,,마곡나루,DAY,DOWN,0,A3048,,12:39:00,검암,서울역
34836,공항철도,,디지털미디어시티,DAY,DOWN,0,A3048,,12:47:00,검암,서울역
34837,공항철도,,홍대입구,DAY,DOWN,0,A3048,,12:51:00,검암,서울역
34838,공항철도,,공덕,DAY,DOWN,0,A3048,,12:54:00,검암,서울역
34839,공항철도,,서울역,DAY,DOWN,0,A3049,,13:25:00,서울역,검암
34840,공항철도,,공덕,DAY,DOWN,0,A3049,,13:30:00,서울역,검암
34841,공항철도,,홍대입구,DAY,DOWN,0,A3049,,13:33:00,서울역,검암
34842,공항철도,,디지털미디어시티,DAY,DOWN,0,A3049,,13:39:00,서울역,검암
34843,공항철도,,마곡나루,DAY,DOWN,0,A3049,,13:46:00,서울역,검암
34844,공항철도,,김포공항,DAY,DOWN,0,A3049,,13:49:00,서울역,검암
34845,공항철도,,계양,DAY,DOWN,0,A3049,,13:56:00,서울역,검암
34846,공항철도,,검암,DAY,DOWN,0,A3050,,13:04:00,검암,서울역
34847,공항철도,,계양,DAY,DOWN,0,A3050,,13:10:00,검암,서울역
34848,공항철도,,김포공항,DAY,DOWN,0,A3050,,13:17:00,검암,서울역
34849,공항철도,,마곡나루,DAY,DOWN,0,A3050,,13:20:00,검암,서울역
34850,공항철도,,디지털미디어시티,DAY,DOWN,0,A3050,,13:29:00,검암,서울역
34851,공항철도,,홍대입구,DAY,DOWN,0,A3050,,13:33:00,검암,서울역
34852,공항철도,,공덕,DAY,DOWN,0,A3050,,13:36:00,검암,서울역
34853,공항철도,,서울역,DAY,DOWN,0,A3051,,13:44:00,서울역,검암
34854,공항철도,,공덕,DAY,DOWN,0,A3051,,13:48:00,서울역,검암
34855,공항철도,,홍대입구,DAY,DOWN,0,A3051,,13:52:00,서울역,검암
34856,공항철도,,디지털미디어시티,DAY,DOWN,0,A3051,,13:56:00,서울역,검암
34857,공항철도,,마곡나루,DAY,DOWN,0,A3051,,14:03:00,서울역,검암
34858,공항철도,,김포공항,DAY,DOWN,0,A3051,,14:06:00,서울역,검암
34859,공항철도,,계양,DAY,DOWN,0,A3051,,14:13:00,서울역,검암
34860,공항철도,,검암,DAY,DOWN,0,A3052,,14:07:00,검암,서울역
34861,공항철도,,계양,DAY,DOWN,0,A3052,,14:13:00,검암,서울역
34862,공항철도,,김포공항,DAY,DOWN,0,A3052,,14:20:00,검암,서울역
34863,공항철도,,마곡나루,DAY,DOWN,0,A3052,,14:23:00,검암,서울역
34864,공항철도,,디지털미디어시티,DAY,DOWN,0,A3052,,14:30:00,검암,서울역
34865,공항철도,,홍대입구,DAY,DOWN,0,A3052,,14:34:00,검암,서울역
34866,공항철도,,공덕,DAY,DOWN,0,A3052,,14:38:00,검암,서울역
34867,공항철도,,서울역,DAY,DOWN,0,A3053,,14:22:00,서울역,검암
34868,공항철도,,공덕,DAY,DOWN,0,A3053,,14:26:00,서울역,검암
34869,공항철도,,홍대입구,DAY,DOWN,0,A3053,,14:30:00,서울역,검암
34870,공항철도,,디지털미디어시티,DAY,DOWN,0,A3053,,14:34:00,서울역,검암
34871,공항철도,,마곡나루,DAY,DOWN,0,A3053,,14:41:00,서울역,검암
34872,공항철도,,김포공항,DAY,DOWN,0,A3053,,14:44:00,서울역,검암
34873,공항철도,,계양,DAY,DOWN,0,A3053,,14:51:00,서울역,검암
34874,공항철도,,검암,DAY,DOWN,0,A3054,,14:26:00,검암,서울역
34875,공항철도,,계양,DAY,DOWN,0,A3054,,14:32:00,검암,서울역
34876,공항철도,,김포공항,DAY,DOWN,0,A3054,,14:39:00,검암,서울역
34877,공항철도,,마곡나루,DAY,DOWN,0,A3054,,14:42:00,검암,서울역
34878,공항철도,,디지털미디어시티,DAY,DOWN,0,A3054,,14:49:00,검암,서울역
34879,공항철도,,홍대입구,DAY,DOWN,0,A3054,,14:53:00,검암,서울역
34880,공항철도,,공덕,DAY,DOWN,0,A3054,,14:57:00,검암,서울역
34881,공항철도,,서울역,DAY,DOWN,0,A3055,,15:04:00,서울역,검암
34882,공항철도,,공덕,DAY,DOWN,0,A3055,,15:09:00,서울역,검암
34883,공항철도,,홍대입구,DAY,DOWN,0,A3055,,15:12:00,서울역,검암
34884,공항철도,,디지털미디어시티,DAY,DOWN,0,A3055,,15:16:00,서울역,검암
34885,공항철도,,마곡나루,DAY,DOWN,0,A3055,,15:24:00,서울역,검암
34886,공항철도,,김포공항,DAY,DOWN,0,A3055,,15:27:00,서울역,검암
34887,공항철도,,계양,DAY,DOWN,0,A3055,,15:33:00,서울역,검암
34888,공항철도,,검암,DAY,DOWN,0,A3056,,15:06:00,검암,서울역
34889,공항철도,,계양,DAY,DOWN,0,A3056,,15:12:00,검암,서울역
34890,공항철도,,김포공항,DAY,DOWN,0,A3056,,15:19:00,검암,서울역
34891,공항철도,,마곡나루,DAY,DOWN,0,A3056,,15:22:00,검암,서울역
34892,공항철도,,디지털미디어시티,DAY,DOWN,0,A3056,,15:29:00,검암,서울역
34893,공항철도,,홍대입구,DAY,DOWN,0,A3056,,15:33:00,검암,서울역
34894,공항철도,,공덕,DAY,DOWN,0,A3056,,15:37:00,검암,서울역
34895,공항철도,,서울역,DAY,DOWN,0,A3057,,15:19:00,서울역,검암
34896,공항철도,,공덕,DAY,DOWN,0,A3057,,15:24:00,서울역,검암
34897,공항철도,,홍대입구,DAY,DOWN,0,A3057,,15:27:00,서울역,검암
34898,공항철도,,디지털미디어시티,DAY,DOWN,0,A3057,,15:31:00,서울역,검암
34899,공항철도,,마곡나루,DAY,DOWN,0,A3057,,15:39:00,서울역,검암
34900,공항철도,,김포공항,DAY,DOWN,0,A3057,,15:42:00,서울역,검암
34901,공항철도,,계양,DAY,DOWN,0,A3057,,15:48:00,서울역,검암
34902,공항철도,,검암,DAY,DOWN,0,A3058,,15:51:00,검암,서울역
34903,공항철도,,계양,DAY,DOWN,0,A3058,,15:57:00,검암,서울역
34904,공항철도,,김포공항,DAY,DOWN,0,A3058,,16:04:00,검암,서울역
34905,공항철도,,마곡나루,DAY,DOWN,0,A3058,,16:07:00,검암,서울역
34906,공항철도,,디지털미디어시티,DAY,DOWN,0,A3058,,16:14:00,검암,서울역
34907,공항철도,,홍대입구,DAY,DOWN,0,A3058,,16:18:00,검암,서울역
34908,공항철도,,공덕,DAY,DOWN,0,A3058,,16:22:00,검암,서울역
34909,공항철도,,서울역,DAY,DOWN,0,A3059,,15:42:00,서울역,검암
34910,공항철도,,공덕,DAY,DOWN,0,A3059,,15:46:00,서울역,검암
34911,공항철도,,홍대입구,DAY,DOWN,0,A3059,,15:50:00,서울역,검암
34912,공항철도,,디지털미디어시티,DAY,DOWN,0,A3059,,15:54:00,서울역,검암
34913,공항철도,,마곡나루,DAY,DOWN,0,A3059,,16:01:00,서울역,검암
34914,공항철도,,김포공항,DAY,DOWN,0,A3059,,16:04:00,서울역,검암
34915,공항철도,,계양,DAY,DOWN,0,A3059,,16:11:00,서울역,검암
34916,공항철도,,검암,DAY,DOWN,0,A3060,,16:07:00,검암,서울역
34917,공항철도,,계양,DAY,DOWN,0,A3060,,16:13:00,검암,서울역
34918,공항철도,,김포공항,DAY,DOWN,0,A3060,,16:20:00,검암,서울역
34919,공항철도,,마곡나루,DAY,DOWN,0,A3060,,16:23:00,검암,서울역
34920,공항철도,,디지털미디어시티,DAY,DOWN,0,A3060,,16:30:00,검암,서울역
34921,공항철도,,홍대입구,DAY,DOWN,0,A3060,,16:34:00,검암,서울역
34922,공항철도,,공덕,DAY,DOWN,0,A3060,,16:38:00,검암,서울역
34923,공항철도,,서울역,DAY,DOWN,0,A3061,,15:59:00,서울역,검암
34924,공항철도,,공덕,DAY,DOWN,0,A3061,,16:04:00,서울역,검암
34925,공항철도,,홍대입구,DAY,DOWN,0,A3061,,16:07:00,서울역,검암
34926,공항철도,,디지털미디어시티,DAY,DOWN,0,A3061,,16:11:00,서울역,검암
34927,공항철도,,마곡나루,DAY,DOWN,0,A3061,,16:19:00,서울역,검암
34928,공항철도,,김포공항,DAY,DOWN,0,A3061,,16:22:00,서울역,검암
34929,공항철도,,계양,DAY,DOWN,0,A3061,,16:28:00,서울역,검암
34930,공항철도,,검암,DAY,DOWN,0,A3062,,16:26:00,검암,서울역
34931,공항철도,,계양,DAY,DOWN,0,A3062,,16:32:00,검암,서울역
34932,공항철도,,김포공항,DAY,DOWN,0,A3062,,16:39:00,검암,서울역
34933,공항철도,,마곡나루,DAY,DOWN,0,A3062,,16:42:00,검암,서울역
34934,공항철도,,디지털미디어시티,DAY,DOWN,0,A3062,,16:49:00,검암,서울역
34935,공항철도,,홍대입구,DAY,DOWN,0,A3062,,16:53:00,검암,서울역
34936,공항철도,,공덕,DAY,DOWN,0,A3062,,16:57:00,검암,서울역
34937,공항철도,,서울역,DAY,DOWN,0,A3063,,16:24:00,서울역,검암
34938,공항철도,,공덕,DAY,DOWN,0,A3063,,16:29:00,서울역,검암
34939,공항철도,,홍대입구,DAY,DOWN,0,A3063,,16:32:00,서울역,검암
34940,공항철도,,디지털미디어시티,DAY,DOWN,0,A3063,,16:36:00,서울역,검암
34941,공항철도,,마곡나루,DAY,DOWN,0,A3063,,16:44:00,서울역,검암
34942,공항철도,,김포공항,DAY,DOWN,0,A3063,,16:47:00,서울역,검암
34943,공항철도,,계양,DAY,DOWN,0,A3063,,16:53:00,서울역,검암
34944,공항철도,,검암,DAY,DOWN,0,A3064,,16:48:00,검암,서울역
34945,공항철도,,계양,DAY,DOWN,0,A3064,,16:54:00,검암,서울역
34946,공항철도,,김포공항,DAY,DOWN,0,A3064,,17:01:00,검암,서울역
34947,공항철도,,마곡나루,DAY,DOWN,0,A3064,,17:04:00,검암,서울역
34948,공항철도,,디지털미디어시티,DAY,DOWN,0,A3064,,17:11:00,검암,서울역
34949,공항철도,,홍대입구,DAY,DOWN,0,A3064,,17:15:00,검암,서울역
34950,공항철도,,공덕,DAY,DOWN,0,A3064,,17:19:00,검암,서울역
34951,공항철도,,서울역,DAY,DOWN,0,A3065,,16:39:00,서울역,검암
34952,공항철도,,공덕,DAY,DOWN,0,A3065,,16:44:00,서울역,검암
34953,공항철도,,홍대입구,DAY,DOWN,0,A3065,,16:47:00,서울역,검암
34954,공항철도,,디지털미디어시티,DAY,DOWN,0,A3065,,16:51:00,서울역,검암
34955,공항철도,,마곡나루,DAY,DOWN,0,A3065,,16:59:00,서울역,검암
34956,공항철도,,김포공항,DAY,DOWN,0,A3065,,17:02:00,서울역,검암
34957,공항철도,,계양,DAY,DOWN,0,A3065,,17:08:00,서울역,검암
34958,공항철도,,검암,DAY,DOWN,0,A3066,,17:06:00,검암,서울역
34959,공항철도,,계양,DAY,DOWN,0,A3066,,17:12:00,검암,서울역
34960,공항철도,,김포공항,DAY,DOWN,0,A3066,,17:19:00,검암,서울역
34961,공항철도,,마곡나루,DAY,DOWN,0,A3066,,17:22:00,검암,서울역
34962,공항철도,,디지털미디어시티,DAY,DOWN,0,A3066,,17:29:00,검암,서울역
34963,공항철도,,홍대입구,DAY,DOWN,0,A3066,,17:33:00,검암,서울역
34964,공항철도,,공덕,DAY,DOWN,0,A3066,,17:37:00,검암,서울역
34965,공항철도,,서울역,DAY,DOWN,0,A3067,,16:58:00,서울역,검암
34966,공항철도,,공덕,DAY,DOWN,0,A3067,,17:03:00,서울역,검암
34967,공항철도,,홍대입구,DAY,DOWN,0,A3067,,17:06:00,서울역,검암
34968,공항철도,,디지털미디어시티,DAY,DOWN,0,A3067,,17:10:00,서울역,검암
34969,공항철도,,마곡나루,DAY,DOWN,0,A3067,,17:18:00,서울역,검암
34970,공항철도,,김포공항,DAY,DOWN,0,A3067,,17:21:00,서울역,검암
34971,공항철도,,계양,DAY,DOWN,0,A3067,,17:27:00,서울역,검암
34972,공항철도,,검암,DAY,DOWN,0,A3068,,17:21:00,검암,서울역
34973,공항철도,,계양,DAY,DOWN,0,A3068,,17:27:00,검암,서울역
34974,공항철도,,김포공항,DAY,DOWN,0,A3068,,17:33:00,검암,서울역
34975,공항철도,,마곡나루,DAY,DOWN,0,A3068,,17:36:00,검암,서울역
34976,공항철도,,디지털미디어시티,DAY,DOWN,0,A3068,,17:44:00,검암,서울역
34977,공항철도,,홍대입구,DAY,DOWN,0,A3068,,17:48:00,검암,서울역
34978,공항철도,,공덕,DAY,DOWN,0,A3068,,17:51:00,검암,서울역
34979,공항철도,,서울역,DAY,DOWN,0,A3069,,17:14:00,서울역,검암
34980,공항철도,,공덕,DAY,DOWN,0,A3069,,17:19:00,서울역,검암
34981,공항철도,,홍대입구,DAY,DOWN,0,A3069,,17:22:00,서울역,검암
34982,공항철도,,디지털미디어시티,DAY,DOWN,0,A3069,,17:26:00,서울역,검암
34983,공항철도,,마곡나루,DAY,DOWN,0,A3069,,17:34:00,서울역,검암
34984,공항철도,,김포공항,DAY,DOWN,0,A3069,,17:37:00,서울역,검암
34985,공항철도,,계양,DAY,DOWN,0,A3069,,17:43:00,서울역,검암
34986,공항철도,,검암,DAY,DOWN,0,A3070,,17:39:00,검암,서울역
34987,공항철도,,계양,DAY,DOWN,0,A3070,,17:45:00,검암,서울역
34988,공항철도,,김포공항,DAY,DOWN,0,A3070,,17:52:00,검암,서울역
34989,공항철도,,마곡나루,DAY,DOWN,0,A3070,,17:55:00,검암,서울역
34990,공항철도,,디지털미디어시티,DAY,DOWN,0,A3070,,18:04:00,검암,서울역
34991,공항철도,,홍대입구,DAY,DOWN,0,A3070,,18:08:00,검암,서울역
34992,공항철도,,공덕,DAY,DOWN,0,A3070,,18:11:00,검암,서울역
34993,공항철도,,서울역,DAY,DOWN,0,A3071,,17:27:00,서울역,검암
34994,공항철도,,공덕,DAY,DOWN,0,A3071,,17:32:00,서울역,검암
34995,공항철도,,홍대입구,DAY,DOWN,0,A3071,,17:35:00,서울역,검암
34996,공항철도,,디지털미디어시티,DAY,DOWN,0,A3071,,17:39:00,서울역,검암
34997,공항철도,,마곡나루,DAY,DOWN,0,A3071,,17:47:00,서울역,검암
34998,공항철도,,김포공항,DAY,DOWN,0,A3071,,17:50:00,서울역,검암
34999,공항철도,,계양,DAY,DOWN,0,A3071,,17:56:00,서울역,검암
35000,공항철도,,검암,DAY,DOWN,0,A3072,,17:59:00,검암,서울역
35001,공항철도,,계양,DAY,DOWN,0,A3072,,18:05:00,검암,서울역
35002,공항철도,,김포공항,DAY,DOWN,0,A3072,,18:12:00,검암,서울역
35003,공항철도,,마곡나루,DAY,DOWN,0,A3072,,18:15:00,검암,서울역
35004,공항철도,,디지털미디어시티,DAY,DOWN,0,A3072,,18:22:00,검암,서울역
35005,공항철도,,홍대입구,DAY,DOWN,0,A3072,,18:26:00,검암,서울역
35006,공항철도,,공덕,DAY,DOWN,0,A3072,,18:30:00,검암,서울역
35007,공항철도,,서울역,DAY,DOWN,0,A3073,,17:49:00,서울역,검암
35008,공항철도,,공덕,DAY,DOWN,0,A3073,,17:53:00,서울역,검암
35009,공항철도,,홍대입구,DAY,DOWN,0,A3073,,17:57:00,서울역,검암
35010,공항철도,,디지털미디어시티,DAY,DOWN,0,A3073,,18:01:00,서울역,검암
35011,공항철도,,마곡나루,DAY,DOWN,0,A3073,,18:08:00,서울역,검암
35012,공항철도,,김포공항,DAY,DOWN,0,A3073,,18:11:00,서울역,검암
35013,공항철도,,계양,DAY,DOWN,0,A3073,,18:18:00,서울역,검암
35014,공항철도,,검암,DAY,DOWN,0,A3074,,18:09:00,검암,서울역
35015,공항철도,,계양,DAY,DOWN,0,A3074,,18:15:00,검암,서울역
35016,공항철도,,김포공항,DAY,DOWN,0,A3074,,18:21:00,검암,서울역
35017,공항철도,,마곡나루,DAY,DOWN,0,A3074,,18:24:00,검암,서울역
35018,공항철도,,디지털미디어시티,DAY,DOWN,0,A3074,,18:32:00,검암,서울역
35019,공항철도,,홍대입구,DAY,DOWN,0,A3074,,18:36:00,검암,서울역
35020,공항철도,,공덕,DAY,DOWN,0,A3074,,18:39:00,검암,서울역
35021,공항철도,,서울역,DAY,DOWN,0,A3075,,18:01:00,서울역,검암
35022,공항철도,,공덕,DAY,DOWN,0,A3075,,18:06:00,서울역,검암
35023,공항철도,,홍대입구,DAY,DOWN,0,A3075,,18:09:00,서울역,검암
35024,공항철도,,디지털미디어시티,DAY,DOWN,0,A3075,,18:13:00,서울역,검암
35025,공항철도,,마곡나루,DAY,DOWN,0,A3075,,18:21:00,서울역,검암
35026,공항철도,,김포공항,DAY,DOWN,0,A3075,,18:24:00,서울역,검암
35027,공항철도,,계양,DAY,DOWN,0,A3075,,18:30:00,서울역,검암
35028,공항철도,,검암,DAY,DOWN,0,A3076,,18:29:00,검암,서울역
35029,공항철도,,계양,DAY,DOWN,0,A3076,,18:35:00,검암,서울역
35030,공항철도,,김포공항,DAY,DOWN,0,A3076,,18:42:00,검암,서울역
35031,공항철도,,마곡나루,DAY,DOWN,0,A3076,,18:45:00,검암,서울역
35032,공항철도,,디지털미디어시티,DAY,DOWN,0,A3076,,18:54:00,검암,서울역
35033,공항철도,,홍대입구,DAY,DOWN,0,A3076,,18:58:00,검암,서울역
35034,공항철도,,공덕,DAY,DOWN,0,A3076,,19:01:00,검암,서울역
35035,공항철도,,서울역,DAY,DOWN,0,A3077,,18:09:00,서울역,검암
35036,공항철도,,공덕,DAY,DOWN,0,A3077,,18:13:00,서울역,검암
35037,공항철도,,홍대입구,DAY,DOWN,0,A3077,,18:17:00,서울역,검암
35038,공항철도,,디지털미디어시티,DAY,DOWN,0,A3077,,18:21:00,서울역,검암
35039,공항철도,,마곡나루,DAY,DOWN,0,A3077,,18:28:00,서울역,검암
35040,공항철도,,김포공항,DAY,DOWN,0,A3077,,18:31:00,서울역,검암
35041,공항철도,,계양,DAY,DOWN,0,A3077,,18:38:00,서울역,검암
35042,공항철도,,검암,DAY,DOWN,0,A3078,,18:44:00,검암,서울역
35043,공항철도,,계양,DAY,DOWN,0,A3078,,18:50:00,검암,서울역
35044,공항철도,,김포공항,DAY,DOWN,0,A3078,,18:56:00,검암,서울역
35045,공항철도,,마곡나루,DAY,DOWN,0,A3078,,18:59:00,검암,서울역
35046,공항철도,,디지털미디어시티,DAY,DOWN,0,A3078,,19:07:00,검암,서울역
35047,공항철도,,홍대입구,DAY,DOWN,0,A3078,,19:11:00,검암,서울역
35048,공항철도,,공덕,DAY,DOWN,0,A3078,,19:14:00,검암,서울역
35049,공항철도,,서울역,DAY,DOWN,0,A3079,,18:22:00,서울역,검암
35050,공항철도,,공덕,DAY,DOWN,0,A3079,,18:26:00,서울역,검암
35051,공항철도,,홍대입구,DAY,DOWN,0,A3079,,18:30:00,서울역,검암
35052,공항철도,,디지털미디어시티,DAY,DOWN,0,A3079,,18:34:00,서울역,검암
35053,공항철도,,마곡나루,DAY,DOWN,0,A3079,,18:41:00,서울역,검암
35054,공항철도,,김포공항,DAY,DOWN,0,A3079,,18:44:00,서울역,검암
35055,공항철도,,계양,DAY,DOWN,0,A3079,,18:51:00,서울역,검암
35056,공항철도,,검암,DAY,DOWN,0,A3080,,18:54:00,검암,서울역
35057,공항철도,,계양,DAY,DOWN,0,A3080,,19:00:00,검암,서울역
35058,공항철도,,김포공항,DAY,DOWN,0,A3080,,19:07:00,검암,서울역
35059,공항철도,,마곡나루,DAY,DOWN,0,A3080,,19:10:00,검암,서울역
35060,공항철도,,디지털미디어시티,DAY,DOWN,0,A3080,,19:19:00,검암,서울역
35061,공항철도,,홍대입구,DAY,DOWN,0,A3080,,19:23:00,검암,서울역
35062,공항철도,,공덕,DAY,DOWN,0,A3080,,19:26:00,검암,서울역
35063,공항철도,,서울역,DAY,DOWN,0,A3081,,18:32:00,서울역,검암
35064,공항철도,,공덕,DAY,DOWN,0,A3081,,18:36:00,서울역,검암
35065,공항철도,,홍대입구,DAY,DOWN,0,A3081,,18:40:00,서울역,검암
35066,공항철도,,디지털미디어시티,DAY,DOWN,0,A3081,,18:44:00,서울역,검암
35067,공항철도,,마곡나루,DAY,DOWN,0,A3081,,18:51:00,서울역,검암
35068,공항철도,,김포공항,DAY,DOWN,0,A3081,,18:54:00,서울역,검암
35069,공항철도,,계양,DAY,DOWN,0,A3081,,19:01:00,서울역,검암
35070,공항철도,,검암,DAY,DOWN,0,A3082,,19:06:00,검암,서울역
35071,공항철도,,계양,DAY,DOWN,0,A3082,,19:12:00,검암,서울역
35072,공항철도,,김포공항,DAY,DOWN,0,A3082,,19:18:00,검암,서울역
35073,공항철도,,마곡나루,DAY,DOWN,0,A3082,,19:21:00,검암,서울역
35074,공항철도,,디지털미디어시티,DAY,DOWN,0,A3082,,19:29:00,검암,서울역
35075,공항철도,,홍대입구,DAY,DOWN,0,A3082,,19:33:00,검암,서울역
35076,공항철도,,공덕,DAY,DOWN,0,A3082,,19:36:00,검암,서울역
35077,공항철도,,서울역,DAY,DOWN,0,A3083,,18:41:00,서울역,검암
35078,공항철도,,공덕,DAY,DOWN,0,A3083,,18:45:00,서울역,검암
35079,공항철도,,홍대입구,DAY,DOWN,0,A3083,,18:49:00,서울역,검암
35080,공항철도,,디지털미디어시티,DAY,DOWN,0,A3083,,18:53:00,서울역,검암
35081,공항철도,,마곡나루,DAY,DOWN,0,A3083,,19:00:00,서울역,검암
35082,공항철도,,김포공항,DAY,DOWN,0,A3083,,19:03:00,서울역,검암
35083,공항철도,,계양,DAY,DOWN,0,A3083,,19:10:00,서울역,검암
35084,공항철도,,검암,DAY,DOWN,0,A3084,,19:14:00,검암,서울역
35085,공항철도,,계양,DAY,DOWN,0,A3084,,19:20:00,검암,서울역
35086,공항철도,,김포공항,DAY,DOWN,0,A3084,,19:26:00,검암,서울역
35087,공항철도,,마곡나루,DAY,DOWN,0,A3084,,19:29:00,검암,서울역
35088,공항철도,,디지털미디어시티,DAY,DOWN,0,A3084,,19:37:00,검암,서울역
35089,공항철도,,홍대입구,DAY,DOWN,0,A3084,,19:41:00,검암,서울역
35090,공항철도,,공덕,DAY,DOWN,0,A3084,,19:44:00,검암,서울역
35091,공항철도,,서울역,DAY,DOWN,0,A3085,,18:57:00,서울역,검암
35092,공항철도,,공덕,DAY,DOWN,0,A3085,,19:01:00,서울역,검암
35093,공항철도,,홍대입구,DAY,DOWN,0,A3085,,19:05:00,서울역,검암
35094,공항철도,,디지털미디어시티,DAY,DOWN,0,A3085,,19:09:00,서울역,검암
35095,공항철도,,마곡나루,DAY,DOWN,0,A3085,,19:16:00,서울역,검암
35096,공항철도,,김포공항,DAY,DOWN,0,A3085,,19:19:00,서울역,검암
35097,공항철도,,계양,DAY,DOWN,0,A3085,,19:26:00,서울역,검암
35098,공항철도,,검암,DAY,DOWN,0,A3086,,19:23:00,검암,서울역
35099,공항철도,,계양,DAY,DOWN,0,A3086,,19:29:00,검암,서울역
35100,공항철도,,김포공항,DAY,DOWN,0,A3086,,19:35:00,검암,서울역
35101,공항철도,,마곡나루,DAY,DOWN,0,A3086,,19:38:00,검암,서울역
35102,공항철도,,디지털미디어시티,DAY,DOWN,0,A3086,,19:46:00,검암,서울역
35103,공항철도,,홍대입구,DAY,DOWN,0,A3086,,19:50:00,검암,서울역
35104,공항철도,,공덕,DAY,DOWN,0,A3086,,19:53:00,검암,서울역
35105,공항철도,,서울역,DAY,DOWN,0,A3087,,19:51:00,서울역,검암
35106,공항철도,,공덕,DAY,DOWN,0,A3087,,19:56:00,서울역,검암
35107,공항철도,,홍대입구,DAY,DOWN,0,A3087,,19:59:00,서울역,검암
35108,공항철도,,디지털미디어시티,DAY,DOWN,0,A3087,,20:03:00,서울역,검암
35109,공항철도,,마곡나루,DAY,DOWN,0,A3087,,20:11:00,서울역,검암
35110,공항철도,,김포공항,DAY,DOWN,0,A3087,,20:14:00,서울역,검암
35111,공항철도,,계양,DAY,DOWN,0,A3087,,20:20:00,서울역,검암
35112,공항철도,,검암,DAY,DOWN,0,A3088,,19:41:00,검암,서울역
35113,공항철도,,계양,DAY,DOWN,0,A3088,,19:47:00,검암,서울역
35114,공항철도,,김포공항,DAY,DOWN,0,A3088,,19:54:00,검암,서울역
35115,공항철도,,마곡나루,DAY,DOWN,0,A3088,,19:57:00,검암,서울역
35116,공항철도,,디지털미디어시티,DAY,DOWN,0,A3088,,20:04:00,검암,서울역
35117,공항철도,,홍대입구,DAY,DOWN,0,A3088,,20:08:00,검암,서울역
35118,공항철도,,공덕,DAY,DOWN,0,A3088,,20:12:00,검암,서울역
35119,공항철도,,서울역,DAY,DOWN,0,A3089,,22:16:00,서울역,검암
35120,공항철도,,공덕,DAY,DOWN,0,A3089,,22:20:00,서울역,검암
35121,공항철도,,홍대입구,DAY,DOWN,0,A3089,,22:24:00,서울역,검암
35122,공항철도,,디지털미디어시티,DAY,DOWN,0,A3089,,22:29:00,서울역,검암
35123,공항철도,,마곡나루,DAY,DOWN,0,A3089,,22:37:00,서울역,검암
35124,공항철도,,김포공항,DAY,DOWN,0,A3089,,22:40:00,서울역,검암
35125,공항철도,,계양,DAY,DOWN,0,A3089,,22:46:00,서울역,검암
35126,공항철도,,검암,DAY,DOWN,0,A3090,,20:35:00,검암,서울역
35127,공항철도,,계양,DAY,DOWN,0,A3090,,20:41:00,검암,서울역
35128,공항철도,,김포공항,DAY,DOWN,0,A3090,,20:48:00,검암,서울역
35129,공항철도,,마곡나루,DAY,DOWN,0,A3090,,20:51:00,검암,서울역
35130,공항철도,,디지털미디어시티,DAY,DOWN,0,A3090,,20:58:00,검암,서울역
35131,공항철도,,홍대입구,DAY,DOWN,0,A3090,,21:02:00,검암,서울역
35132,공항철도,,공덕,DAY,DOWN,0,A3090,,21:06:00,검암,서울역
35133,공항철도,,서울역,DAY,DOWN,0,A3091,,23:17:00,서울역,검암
35134,공항철도,,공덕,DAY,DOWN,0,A3091,,23:22:00,서울역,검암
35135,공항철도,,홍대입구,DAY,DOWN,0,A3091,,23:25:00,서울역,검암
35136,공항철도,,디지털미디어시티,DAY,DOWN,0,A3091,,23:29:00,서울역,검암
35137,공항철도,,마곡나루,DAY,DOWN,0,A3091,,23:37:00,서울역,검암
35138,공항철도,,김포공항,DAY,DOWN,0,A3091,,23:40:00,서울역,검암
35139,공항철도,,계양,DAY,DOWN,0,A3091,,23:46:00,서울역,검암
35140,공항철도,,서울역,DAY,DOWN,0,A3291,,23:50:00,서울역,검암
35141,공항철도,,공덕,DAY,DOWN,0,A3291,,23:54:00,서울역,검암
35142,공항철도,,홍대입구,DAY,DOWN,0,A3291,,23:58:00,서울역,검암
35143,공항철도,,디지털미디어시티,DAY,DOWN,0,A3291,,00:02:00,서울역,검암
35144,공항철도,,마곡나루,DAY,DOWN,0,A3291,,00:09:00,서울역,검암
35145,공항철도,,김포공항,DAY,DOWN,0,A3291,,00:12:00,서울역,검암
35146,공항철도,,계양,DAY,DOWN,0,A3291,,00:19:00,서울역,검암
35147,공항철도,,서울역,SAT,DOWN,0,A3291,,23:50:00,서울역,검암
35148,공항철도,,서울역,END,DOWN,0,A3291,,23:50:00,서울역,검암
35149,공항철도,,공덕,SAT,DOWN,0,A3291,,23:54:00,서울역,검암
35150,공항철도,,공덕,END,DOWN,0,A3291,,23:54:00,서울역,검암
35151,공항철도,,홍대입구,SAT,DOWN,0,A3291,,23:58:00,서울역,검암
35152,공항철도,,홍대입구,END,DOWN,0,A3291,,23:58:00,서울역,검암
35153,공항철도,,디지털미디어시티,SAT,DOWN,0,A3291,,00:02:00,서울역,검암
35154,공항철도,,디지털미디어시티,END,DOWN,0,A3291,,00:02:00,서울역,검암
35155,공항철도,,마곡나루,SAT,DOWN,0,A3291,,00:09:00,서울역,검암
35156,공항철도,,마곡나루,END,DOWN,0,A3291,,00:09:00,서울역,검암
35157,공항철도,,김포공항,SAT,DOWN,0,A3291,,00:12:00,서울역,검암
35158,공항철도,,김포공항,END,DOWN,0,A3291,,00:12:00,서울역,검암
35159,공항철도,,계양,SAT,DOWN,0,A3291,,00:19:00,서울역,검암
35160,공항철도,,계양,END,DOWN,0,A3291,,00:19:00,서울역,검암
35161,공항철도,,서울역,DAY,DOWN,0,A3293,,00:00:00,서울역,검암
35162,공항철도,,공덕,DAY,DOWN,0,A3293,,00:04:00,서울역,검암
35163,공항철도,,홍대입구,DAY,DOWN,0,A3293,,00:08:00,서울역,검암
35164,공항철도,,디지털미디어시티,DAY,DOWN,0,A3293,,00:12:00,서울역,검암
35165,공항철도,,마곡나루,DAY,DOWN,0,A3293,,00:19:00,서울역,검암
35166,공항철도,,김포공항,DAY,DOWN,0,A3293,,00:22:00,서울역,검암
35167,공항철도,,계양,DAY,DOWN,0,A3293,,00:29:00,서울역,검암
35168,공항철도,,서울역,SAT,DOWN,0,A3293,,00:00:00,서울역,검암
35169,공항철도,,서울역,END,DOWN,0,A3293,,00:00:00,서울역,검암
35170,공항철도,,공덕,SAT,DOWN,0,A3293,,00:04:00,서울역,검암
35171,공항철도,,공덕,END,DOWN,0,A3293,,00:04:00,서울역,검암
35172,공항철도,,홍대입구,SAT,DOWN,0,A3293,,00:08:00,서울역,검암
35173,공항철도,,홍대입구,END,DOWN,0,A3293,,00:08:00,서울역,검암
35174,공항철도,,디지털미디어시티,SAT,DOWN,0,A3293,,00:12:00,서울역,검암
35175,공항철도,,디지털미디어시티,END,DOWN,0,A3293,,00:12:00,서울역,검암
35176,공항철도,,마곡나루,SAT,DOWN,0,A3293,,00:19:00,서울역,검암
35177,공항철도,,마곡나루,END,DOWN,0,A3293,,00:19:00,서울역,검암
35178,공항철도,,김포공항,SAT,DOWN,0,A3293,,00:22:00,서울역,검암
35179,공항철도,,김포공항,END,DOWN,0,A3293,,00:22:00,서울역,검암
35180,공항철도,,계양,SAT,DOWN,0,A3293,,00:29:00,서울역,검암
35181,공항철도,,계양,END,DOWN,0,A3293,,00:29:00,서울역,검암
35182,공항철도,,디지털미디어시티,DAY,DOWN,0,A3332,,05:30:00,디지털미디어시티,서울역
35183,공항철도,,홍대입구,DAY,DOWN,0,A3332,,05:34:00,디지털미디어시티,서울역
35184,공항철도,,공덕,DAY,DOWN,0,A3332,,05:37:00,디지털미디어시티,서울역
35185,공항철도,,디지털미디어시티,SAT,DOWN,0,A3332,,05:30:00,디지털미디어시티,서울역
35186,공항철도,,디지털미디어시티,END,DOWN,0,A3332,,05:30:00,디지털미디어시티,서울역
35187,공항철도,,홍대입구,SAT,DOWN,0,A3332,,05:34:00,디지털미디어시티,서울역
35188,공항철도,,홍대입구,END,DOWN,0,A3332,,05:34:00,디지털미디어시티,서울역
35189,공항철도,,공덕,SAT,DOWN,0,A3332,,05:37:00,디지털미디어시티,서울역
35190,공항철도,,공덕,END,DOWN,0,A3332,,05:37:00,디지털미디어시티,서울역
35191,공항철도,,디지털미디어시티,DAY,DOWN,0,A3334,,05:42:00,디지털미디어시티,서울역
35192,공항철도,,홍대입구,DAY,DOWN,0,A3334,,05:46:00,디지털미디어시티,서울역
35193,공항철도,,공덕,DAY,DOWN,0,A3334,,05:49:00,디지털미디어시티,서울역
35194,공항철도,,디지털미디어시티,SAT,DOWN,0,A3334,,05:42:00,디지털미디어시티,서울역
35195,공항철도,,디지털미디어시티,END,DOWN,0,A3334,,05:42:00,디지털미디어시티,서울역
35196,공항철도,,홍대입구,SAT,DOWN,0,A3334,,05:46:00,디지털미디어시티,서울역
35197,공항철도,,홍대입구,END,DOWN,0,A3334,,05:46:00,디지털미디어시티,서울역
35198,공항철도,,공덕,SAT,DOWN,0,A3334,,05:49:00,디지털미디어시티,서울역
35199,공항철도,,공덕,END,DOWN,0,A3334,,05:49:00,디지털미디어시티,서울역
